study,relative_path,classification,size,sha256,source_root
publication,EXP:SPEC/before_publication/NEXT_STAGE_STATUS.md,publication_evidence,10206,39760cc196478e4e2c24a8ee85f6a9251d39ff90dc0520da8ddc8b8fe6bebf89,next_stage_status
publication,EXP:SPEC/before_publication/continuation_20260719/publication_decision_record_v5/CANONICAL_RESULT_DECISIONS_CURRENT.csv,publication_evidence,19488,e21bc4a7915f185859857981e580e41d190aa5c5ca2a0f525266abb38ce51f74,decision_final
publication,EXP:SPEC/before_publication/continuation_20260719/publication_decision_record_v5/DECISION_SUMMARY.md,publication_evidence,3032,ed1c8d41800ee4488c39dbfc5b29c3a116781e051fb6bda97e41bc82f541bd71,decision_final
publication,EXP:SPEC/before_publication/continuation_20260719/publication_decision_record_v5/FIGURE_SOURCE_MAP_CURRENT.csv,publication_evidence,63157,d40caf1977e858b6cec99d365cfdbe0351c88cddac02a427a6caed7f5bc9d780,decision_final
publication,EXP:SPEC/before_publication/continuation_20260719/publication_decision_record_v5/FINAL_EVIDENCE.json,publication_evidence,6962,15640b2d22068cbbaea26a63b0a2f6f06743a6574f854b91e5e14437b86ded59,decision_final
publication,EXP:SPEC/before_publication/continuation_20260719/publication_decision_record_v5/OLD_VS_NEW_TABLES_CURRENT.csv,publication_evidence,3482,3a8755cf086d0c872d2bd0d3a3121d9ad2d24000a531441d71fd741fe17636ff,decision_final
publication,EXP:SPEC/before_publication/continuation_20260719/publication_decision_record_v5/provenance.json,publication_evidence,15371,4db99a2979755ca346fa6b8d08210e455f9d86d33eecc6130f8f43c3e4888d9d,decision_final
publication,EXP:SPEC/before_publication/continuation_20260719/publication_decision_record_v5_validation/comparison.csv,publication_evidence,3435,c5f626e27abbc44520dc998c714c3656f59d320d8d94b66a06eb54f59f6bb143,decision_validation_final
publication,EXP:SPEC/before_publication/continuation_20260719/publication_decision_record_v5_validation/provenance.json,publication_evidence,7605,db152cf0bf2129b0b6722d9c9a5cde026fff883b0fbf315cb46e67936fc15660,decision_validation_final
publication,EXP:SPEC/before_publication/continuation_20260719/publication_decision_record_v5_validation/summary.json,publication_evidence,1898,2710feab2cfc5eb522265c63497e1580a67bec22b4295eb5568ccd0cba71f9ea,decision_validation_final
publication,PKG:PUBLICATION_RELEASE_CHECKLIST.md,publication_evidence,7515,3cae109829ca7550d50165c429eb44f0d0c7c5a052a38308573237021fa87163,checklist
publication,PKG:README.md,publication_evidence,10209,6d4ef7ffcd96dcf3167ca4065c0369a2205cdc3c1ec86723e3cfaef569381a23,package_readme
publication,PKG:docs/source/_static/custom.css,publication_evidence,31,57d4f5ca686551ad4167ccd380e0306b5e5d9aea3825cd98441fadc67211c255,docs
publication,PKG:docs/source/api.rst,publication_evidence,1979,dfbf6641ad22e93b9fb7347f61d40dc0e1621a49854793ea81006052cad93db3,docs
publication,PKG:docs/source/conf.py,publication_evidence,893,6788e4e267d987cc21faf04bc83769c9f52442fb1f6ea071673f2a52e16c0198,docs
publication,PKG:docs/source/index.rst,publication_evidence,1405,b0c54f1344db13cbd2f7b092b22063601885914405aef348938bcc20b41b9dfc,docs
publication,PKG:docs/source/installation.rst,publication_evidence,1477,d66f12a4c7aa3b50cece5053f8e355defd1bec87acf0573806b195bef32ce56b,docs
publication,PKG:docs/source/tutorials.rst,publication_evidence,4792,edb9637b7dc6af9c288b59a90343d993034d51bd6a246443f688dc9741c984dd,docs
publication,PKG:validation/core/prepublication_run_20260719_v4.json,publication_evidence,180,5ed53d52c7595686f823ac8d5d6a7ce10b282700731e395266a3a4ab20f65b42,core_v4_declaration
publication,PKG:validation/core/runs/20260719_prepublication_v4/SUMMARY.md,publication_evidence,2145,e9df537e01d272a59c2a10baee60838740aee82bbba11ad4ed11acf51f458dc3,core_v4_summary
publication,PKG:validation/core/runs/20260719_prepublication_v4/core_validation_results.csv,publication_evidence,6882,06d50c29a41d6fb9a3c0df4a78e5126f2a581920610ff69ccdc0e7ac7b256aa5,core_v4_results
publication,PKG:validation/core/runs/20260719_prepublication_v4/run_manifest.json,publication_evidence,56006,a7e0b1923e45811e55fa68d9e40cefaa75fcfbfd23834834e2fc71f2a5f7df76,core_v4_manifest
publication,PKG:validation/publication/scientific_disposition.json,publication_evidence,8739,a4984c414b3ceb7b8a893c1be0ef57af09a7c1aec9018e4057f7cbea7811c07c,scientific_disposition
00,REPRO:00_simulator_benchmark/outputs/final_rerun_20260718/provenance.json,candidate_evidence,668,6e4e29c4074f03abef3ccb272da7ee46cc38231b6b58b46d8d63b94213446238,study00_run
00,REPRO:00_simulator_benchmark/outputs/final_rerun_20260718/simulation_manifest.csv,candidate_evidence,5874,a7919681f5e376f1f8a7d1435892d0531d143389cf60254e6f9e87e9a658f7eb,study00_run
00,REPRO:00_simulator_benchmark/outputs/final_rerun_20260718/simulations/DLPFC_151670.h5ad,candidate_payload,15937514,7fe485eefe612c0055e5430877812689e656a7559d59589f6f8495591db77d29,study00_run
00,REPRO:00_simulator_benchmark/outputs/final_rerun_20260718/simulations/DLPFC_151675.h5ad,candidate_payload,17247920,5a5a4def037b454fb8cadcad77ed979798910b51879ef3809659ee8f32865e34,study00_run
00,REPRO:00_simulator_benchmark/outputs/final_rerun_20260718/simulations/DLPFC_151676.h5ad,candidate_payload,17301386,3c4df1e55590581165a24c64d73620c5513af31148c0d5fe696b27e566724160,study00_run
00,REPRO:00_simulator_benchmark/outputs/final_rerun_20260718/simulations/MERFISH_006.h5ad,candidate_payload,4607281,3d13600806c3d4b84ced7612ea8ce23439cf556cdf6deac28e1975c7272c9c41,study00_run
00,REPRO:00_simulator_benchmark/outputs/final_rerun_20260718/simulations/MERFISH_007.h5ad,candidate_payload,3926648,66995360045fe7b30f8e8fa7a75f053f27044c89585dfb967efdc6ff961dd326,study00_run
00,REPRO:00_simulator_benchmark/outputs/final_rerun_20260718/simulations/MERFISH_120.h5ad,candidate_payload,8911932,6e7a1f31876b94590a703bbb56d11e80d9e65f0eef94f0a114d8b68ff39e16fa,study00_run
00,REPRO:00_simulator_benchmark/outputs/final_rerun_20260718/simulations/OpenST_005.h5ad,candidate_payload,67962557,2a03c00d742c5a1f6bcd1ba4cbc26933d611e880a00ae95f99a3382875651d7d,study00_run
00,REPRO:00_simulator_benchmark/outputs/final_rerun_20260718/simulations/OpenST_006.h5ad,candidate_payload,59243548,8762eeee4f156850ea382c06c4020c0e70148db9edfe151dedc32229770bdd44,study00_run
00,REPRO:00_simulator_benchmark/outputs/final_rerun_20260718/simulations/Slideseq_001.h5ad,candidate_payload,44629782,d10d433a661cc95cbedb05afc6529e7294e70a09bbf6827a6e4d2048c1aa0231,study00_run
00,REPRO:00_simulator_benchmark/outputs/final_rerun_20260718/simulations/Stereoseq_E10_5_E2S1.h5ad,candidate_payload,69796156,90633a1c242ec9ef06fe80489a62821e655d3f0567e76521e06fb8459cecff60,study00_run
00,REPRO:00_simulator_benchmark/outputs/final_rerun_20260718/simulations/Stereoseq_E12_5_E2S1.h5ad,candidate_payload,206242020,d48d8b3307d84b158ce4bbdffb265d55a00d2b24e509c0d1b383ad4cec6059b7,study00_run
00,REPRO:00_simulator_benchmark/outputs/final_rerun_20260718/simulations/Xenium_LymphNode.h5ad,candidate_payload,50089849,b7309a91060f561136a6502c631d51f3e85f5f99d09aefc9d6ad4619820fd401,study00_run
00,REPRO:00_simulator_benchmark/outputs/final_rerun_20260718_comparison/aggregate_metric_summary.csv,candidate_evidence,5120,ceb50d0d1ca94cabdc85dec71c45e67941010addd86aea4ff009ebc39e8d4782,study00_comparison
00,REPRO:00_simulator_benchmark/outputs/final_rerun_20260718_comparison/old_vs_new_metrics.csv,candidate_evidence,43946,021e5890adea341224285493be88235736954550c0908a6a6a953f2057e7dab3,study00_comparison
00,REPRO:00_simulator_benchmark/outputs/final_rerun_20260718_comparison/provenance.json,candidate_evidence,1189,bc662e9278cea7bb05992dbbc0ca6e1e8f7bb05a1699d7f023183c002f381839,study00_comparison
00,REPRO:00_simulator_benchmark/outputs/final_rerun_20260718_comparison/publication_decision.json,candidate_evidence,1100,2933fb61c69a70de9d3ab37c035b7704315298b1c413d17a4b8b3a77c11b5250,study00_comparison
00,REPRO:00_simulator_benchmark/outputs/final_rerun_20260718_metrics_v2/execution_provenance.json,candidate_evidence,1907,67497850b43331386d5c9a72979acbc5ed7bc8ddb301fb558f1cb9b5aad36d8e,study00_metrics
00,REPRO:00_simulator_benchmark/outputs/final_rerun_20260718_metrics_v2/moran_gene_panel.csv,candidate_evidence,1367423,477f3668c24c80cd89b9a0b218440c6031af55582ed6271fe8aebfbce70e8e2c,study00_metrics
00,REPRO:00_simulator_benchmark/outputs/final_rerun_20260718_metrics_v2/provenance.json,candidate_evidence,813,5ebefdc07f5afc039b8418ff0b2c5f7b5a32271dd1e2c919ca76fa4898348700,study00_metrics
00,REPRO:00_simulator_benchmark/outputs/final_rerun_20260718_metrics_v2/simulator_quality_metrics.csv,candidate_evidence,18768,b80e01a740ac084867997189ac80c148e4f52ceee79c4f721985d9d98df75879,study00_metrics
01,REPRO:01_clustering/outputs/final_rerun_20260718/failures/GraphST_initial_import_failure_20260719/DISPOSITION.md,failure_evidence,1161,8511383b1265e701d7f23289c3aad850e19d869defa3a3c5de86cf4fe2a4e827,study01_run
01,REPRO:01_clustering/outputs/final_rerun_20260718/failures/GraphST_initial_import_failure_20260719/run_manifest_failed.csv,failure_evidence,10196,9408aa4a5e1ccc91b444bba427bf8e0b40d707f13c689bf90942f5ca4bd47dfa,study01_run
01,REPRO:01_clustering/outputs/final_rerun_20260718/fixed_panels/fixed_panel_manifest.csv,candidate_evidence,23372,0316c33b91de5fde8d18b7223631176294e3cae97d32400540a5348f6d2b6dcd,study01_run
01,REPRO:01_clustering/outputs/final_rerun_20260718/fixed_panels/inputs/151508/baseline.h5ad,candidate_payload,5025272,cdd2d5dca5992d4d375f132550e245d01451e1ee94178c898220c7e509d036de,study01_run
01,REPRO:01_clustering/outputs/final_rerun_20260718/fixed_panels/inputs/151508/combined_mild_activation.h5ad,candidate_payload,5266130,010340c798032f0c2c367d4221239521887be7072b9c8a5896421c3e92cc8b4d,study01_run
01,REPRO:01_clustering/outputs/final_rerun_20260718/fixed_panels/inputs/151508/combined_mild_dropout.h5ad,candidate_payload,4567473,c8a60edba916c46887ab7aa49a51a420e4222be1a74eb42ea63a7395edf36c04,study01_run
01,REPRO:01_clustering/outputs/final_rerun_20260718/fixed_panels/inputs/151508/combined_noisy_tissue.h5ad,candidate_payload,4783353,dbc696e053653cc60e6eaf1d244d8cd33675a306cf15f4392c847a868d0938c9,study01_run
01,REPRO:01_clustering/outputs/final_rerun_20260718/fixed_panels/inputs/151508/combined_strong_activation.h5ad,candidate_payload,5657901,4031364405c3f489936d33f0ec7b628cb3b4e991d1252a44b34dec55e68129fd,study01_run
01,REPRO:01_clustering/outputs/final_rerun_20260718/fixed_panels/inputs/151508/combined_suppressed.h5ad,candidate_payload,4075560,0ae38375ce7b1314fe0bf49616a86f4489ef5a4694a3e787c286ece7b5f36f91,study01_run
01,REPRO:01_clustering/outputs/final_rerun_20260718/fixed_panels/inputs/151508/mean_0_50.h5ad,candidate_payload,4349993,e767dc6fb463fb933869e483932f26038fd6fd122f9c5d0a5a936be6399844a2,study01_run
01,REPRO:01_clustering/outputs/final_rerun_20260718/fixed_panels/inputs/151508/mean_0_67.h5ad,candidate_payload,4598061,2a4da699c87093b2e3585e0731bc78ea1e2c5197bd7aeef166cee862b8b31bea,study01_run
01,REPRO:01_clustering/outputs/final_rerun_20260718/fixed_panels/inputs/151508/mean_0_80.h5ad,candidate_payload,4778802,5b818bd081e2c1b4ae8db96f5ad948f71f4f7b0aa3a238a0ae57fe82228d4983,study01_run
01,REPRO:01_clustering/outputs/final_rerun_20260718/fixed_panels/inputs/151508/mean_1_25.h5ad,candidate_payload,5132138,743b9ad8f4a9093f6e841aef4c43a69cdcdb6d815c062bfdc5735c88804cffc3,study01_run
01,REPRO:01_clustering/outputs/final_rerun_20260718/fixed_panels/inputs/151508/mean_1_50.h5ad,candidate_payload,5245548,aeade7f635f0fc2a9c9108b38b8daca31d4757e7d14bda66922d8e7e8c3f1fee,study01_run
01,REPRO:01_clustering/outputs/final_rerun_20260718/fixed_panels/inputs/151508/mean_2.h5ad,candidate_payload,5469353,4b92d4c33e5bd7c540e919c461fb5a975bedf5064a667f166d26d98e24fd87d6,study01_run
01,REPRO:01_clustering/outputs/final_rerun_20260718/fixed_panels/inputs/151508/real_baseline.h5ad,candidate_payload,5485427,a63291732de31aaa46b7180241ad8e6eb9b6f41c709f32176554048f1303c62c,study01_run
01,REPRO:01_clustering/outputs/final_rerun_20260718/fixed_panels/inputs/151508/sparsity_neg_0_25.h5ad,candidate_payload,4982655,f7f012cb45ee7f9556a9b5ce42b51f37e3f4743962903bf5c14c374a60e6a3ad,study01_run
01,REPRO:01_clustering/outputs/final_rerun_20260718/fixed_panels/inputs/151508/sparsity_neg_0_50.h5ad,candidate_payload,4945845,fa4cabf3d1d087038b7e6dde3f8a75c2f3c8d2ca82c193d3ebb09f4afaaf3066,study01_run
01,REPRO:01_clustering/outputs/final_rerun_20260718/fixed_panels/inputs/151508/sparsity_neg_1.h5ad,candidate_payload,4910598,e6946aba109492a935ec6d72d9bedcf8ecf07a1a0bd8a50d86f28d95341f257a,study01_run
01,REPRO:01_clustering/outputs/final_rerun_20260718/fixed_panels/inputs/151508/sparsity_pos_0_25.h5ad,candidate_payload,4799641,0187e8ae31f5a7a95fca68f3d02bb937756884e23d59038807f5790a0ccb2f9c,study01_run
01,REPRO:01_clustering/outputs/final_rerun_20260718/fixed_panels/inputs/151508/sparsity_pos_0_50.h5ad,candidate_payload,4586000,9fef85a6ae8cb9acc397727fa1e05118bcb9ab14124c2e9576de9722ef45a17f,study01_run
01,REPRO:01_clustering/outputs/final_rerun_20260718/fixed_panels/inputs/151508/sparsity_pos_1.h5ad,candidate_payload,4164366,e35adca803dd3c5ac3472515394fa1f2bc6abd16f9e7be547e0b8c07587bc339,study01_run
01,REPRO:01_clustering/outputs/final_rerun_20260718/fixed_panels/inputs/151508/var_hetero_0_75.h5ad,candidate_payload,5059957,cd145360d802e063ed0cd0156bdd647a7166ad7d90b6f1e92ea37766b499f193,study01_run
01,REPRO:01_clustering/outputs/final_rerun_20260718/fixed_panels/inputs/151508/var_hetero_1_25.h5ad,candidate_payload,5013651,c5cfdf15e99fea2f049587a8569c6ef077506fec146c36bbdc910d4170c62595,study01_run
01,REPRO:01_clustering/outputs/final_rerun_20260718/fixed_panels/inputs/151508/var_hetero_1_50.h5ad,candidate_payload,4998177,68fde32dfb63865a52f4dd4f5ed76c0bd884f5999e5bd05e75b47c6fb5ead9df,study01_run
01,REPRO:01_clustering/outputs/final_rerun_20260718/fixed_panels/inputs/151508/variance_0_50.h5ad,candidate_payload,5061120,40549791172a75ff4dbf1095501df4767b881d14ac277b40a236f04b0fe1a5d4,study01_run
01,REPRO:01_clustering/outputs/final_rerun_20260718/fixed_panels/inputs/151508/variance_0_67.h5ad,candidate_payload,5063774,33c1885ba6ec9826cd25ccd913b0cb54a4ec3a4ef0b17bdc6c060d0e5a271b72,study01_run
01,REPRO:01_clustering/outputs/final_rerun_20260718/fixed_panels/inputs/151508/variance_0_80.h5ad,candidate_payload,5051062,3e7c151918725d667c333ab961366d6c7d2e8da0d9554a99fc8a7c282651e67b,study01_run
01,REPRO:01_clustering/outputs/final_rerun_20260718/fixed_panels/inputs/151508/variance_1_25.h5ad,candidate_payload,5028168,f5567e65f985793c98037b8357dfc71e7523ea966d802d1de6fa01829993ce91,study01_run
01,REPRO:01_clustering/outputs/final_rerun_20260718/fixed_panels/inputs/151508/variance_1_50.h5ad,candidate_payload,5026637,3b09319335de331db3186ad14c15cfb157cd5f71a514b1e7b55ec6cdfcd94dbc,study01_run
01,REPRO:01_clustering/outputs/final_rerun_20260718/fixed_panels/inputs/151508/variance_2.h5ad,candidate_payload,5006393,31763433ac07e2dcfe5f0006dd3bdd058884c9938010fd7c8f364f2b65a0df9e,study01_run
01,REPRO:01_clustering/outputs/final_rerun_20260718/fixed_panels/inputs/151670/baseline.h5ad,candidate_payload,4994204,5cc01b5231709ed08546992a31c725e409d70b1b4a276dcf383c153c75257260,study01_run
01,REPRO:01_clustering/outputs/final_rerun_20260718/fixed_panels/inputs/151670/combined_mild_activation.h5ad,candidate_payload,5235808,d404e2ddaac2bdb82d9c723d3af752e1621b7a22a8a1bea5a983414345913f47,study01_run
01,REPRO:01_clustering/outputs/final_rerun_20260718/fixed_panels/inputs/151670/combined_mild_dropout.h5ad,candidate_payload,4619996,4eaaaebad05c6208739e81754357545b648b483d3ea753ca0979977f196ce0b9,study01_run
01,REPRO:01_clustering/outputs/final_rerun_20260718/fixed_panels/inputs/151670/combined_noisy_tissue.h5ad,candidate_payload,4774089,fb8bec2ccc50302bd781debe978dd8f7928a2693dfcea2d80d8317e5f01650e6,study01_run
01,REPRO:01_clustering/outputs/final_rerun_20260718/fixed_panels/inputs/151670/combined_strong_activation.h5ad,candidate_payload,5639658,2038d6ee7e40ab4b4d41f28bed76cb68bebd577e0579a28bc908d051b77b060f,study01_run
01,REPRO:01_clustering/outputs/final_rerun_20260718/fixed_panels/inputs/151670/combined_suppressed.h5ad,candidate_payload,4095982,82caebbd6439aa5f95e8902442d665b55e686520be81e3722f04d609c49be612,study01_run
01,REPRO:01_clustering/outputs/final_rerun_20260718/fixed_panels/inputs/151670/mean_0_50.h5ad,candidate_payload,4307229,bef5116f67639599f267256c81c27b958676d6800c5711ec918e63712af2b610,study01_run
01,REPRO:01_clustering/outputs/final_rerun_20260718/fixed_panels/inputs/151670/mean_0_67.h5ad,candidate_payload,4571094,11ad55899190e3c274330effa7584a65f0a802249600f84ab390fd7c7a2d1740,study01_run
01,REPRO:01_clustering/outputs/final_rerun_20260718/fixed_panels/inputs/151670/mean_0_80.h5ad,candidate_payload,4770372,0fa28ce4ddaef555531152747a7af4f7bc38992e2c6ac6bb843d0ea6dcb100ce,study01_run
01,REPRO:01_clustering/outputs/final_rerun_20260718/fixed_panels/inputs/151670/mean_1_25.h5ad,candidate_payload,5136570,b1c2a18305b7c6b8465a5be054a822e9bb001c41ee10d245c9c092a1a5c867de,study01_run
01,REPRO:01_clustering/outputs/final_rerun_20260718/fixed_panels/inputs/151670/mean_1_50.h5ad,candidate_payload,5263298,6b891c861e889a3a6863f8558ac0e9c0e6bfc3f5537d453a129f68090559b109,study01_run
01,REPRO:01_clustering/outputs/final_rerun_20260718/fixed_panels/inputs/151670/mean_2.h5ad,candidate_payload,5479785,cf8cc732e2ffa4c17e369a5e7e2bb5932cf62cb9db6bbdc1f580c15dc2cd5f52,study01_run
01,REPRO:01_clustering/outputs/final_rerun_20260718/fixed_panels/inputs/151670/real_baseline.h5ad,candidate_payload,5723532,70dd9fdd2a239699478bb524a90dc5303a11fd1e4aa43786d355f80f711cc1c5,study01_run
01,REPRO:01_clustering/outputs/final_rerun_20260718/fixed_panels/inputs/151670/sparsity_neg_0_25.h5ad,candidate_payload,4944036,30e215c39a67fe274609b9fc58506aaf9f4b7dd3c95515c6efa375beeeb3b106,study01_run
01,REPRO:01_clustering/outputs/final_rerun_20260718/fixed_panels/inputs/151670/sparsity_neg_0_50.h5ad,candidate_payload,4883001,9011ad93289b4631611f7207cdb568b74e782d0200f87fdca53370f8bb63a616,study01_run
01,REPRO:01_clustering/outputs/final_rerun_20260718/fixed_panels/inputs/151670/sparsity_neg_1.h5ad,candidate_payload,4793876,0ba0d0b507ddf9ee60bab8416323dbbdb167b812afb25fa058b18f4dd35cb584,study01_run
01,REPRO:01_clustering/outputs/final_rerun_20260718/fixed_panels/inputs/151670/sparsity_pos_0_25.h5ad,candidate_payload,4767142,4d716416d248289ea6f24a9985749971857ca66a6773c258e7c510a63e68ceac,study01_run
01,REPRO:01_clustering/outputs/final_rerun_20260718/fixed_panels/inputs/151670/sparsity_pos_0_50.h5ad,candidate_payload,4603846,678e4c7f6d92d60678d8bd969e4a5334c57997b8afee4065d52011f1621b0558,study01_run
01,REPRO:01_clustering/outputs/final_rerun_20260718/fixed_panels/inputs/151670/sparsity_pos_1.h5ad,candidate_payload,4275833,a9dcf6ede6f41e31b07a23bc11ea396069060cc1d371068a022dc36d95e6ffbd,study01_run
01,REPRO:01_clustering/outputs/final_rerun_20260718/fixed_panels/inputs/151670/var_hetero_0_75.h5ad,candidate_payload,5044272,9bf6ce17f6dedde30ee8b93589af946b7148fb5e97f8d48151e61f6a31a17602,study01_run
01,REPRO:01_clustering/outputs/final_rerun_20260718/fixed_panels/inputs/151670/var_hetero_1_25.h5ad,candidate_payload,5014791,840d212cc89ce7eb1a8841d833aea1cb0279d6c69783e08f6e291360c1aef5ad,study01_run
01,REPRO:01_clustering/outputs/final_rerun_20260718/fixed_panels/inputs/151670/var_hetero_1_50.h5ad,candidate_payload,5004218,81affed09b754473532ba6a367a7869d9aa79f44848ac71b698e51c32475f386,study01_run
01,REPRO:01_clustering/outputs/final_rerun_20260718/fixed_panels/inputs/151670/variance_0_50.h5ad,candidate_payload,5045289,0a25a984d0a051abc5d6861c2b0043a24cb7f580367d81afa2660e8c7fe71c28,study01_run
01,REPRO:01_clustering/outputs/final_rerun_20260718/fixed_panels/inputs/151670/variance_0_67.h5ad,candidate_payload,5048873,e855e816c385ca26eea6892a7965c895e1910030c47e995a015e2dfc727f9c41,study01_run
01,REPRO:01_clustering/outputs/final_rerun_20260718/fixed_panels/inputs/151670/variance_0_80.h5ad,candidate_payload,5051164,909c147d1b7a0fafd34e061e9ea557ad3169fbb0c4b9ea423b3e38b15adb9765,study01_run
01,REPRO:01_clustering/outputs/final_rerun_20260718/fixed_panels/inputs/151670/variance_1_25.h5ad,candidate_payload,5017612,822a31f4a0c5ade8f01c95c077234627a6555774da0f56c8ab1d2145db0218ab,study01_run
01,REPRO:01_clustering/outputs/final_rerun_20260718/fixed_panels/inputs/151670/variance_1_50.h5ad,candidate_payload,5011450,c5261b22fc81539cd1a51eb36974635769cf299f5c0d9ef919fdbcf222e1fc4a,study01_run
01,REPRO:01_clustering/outputs/final_rerun_20260718/fixed_panels/inputs/151670/variance_2.h5ad,candidate_payload,5000889,eb6b378c4f8c25782b809e6fbb7ee6456c7d67c9c8bcde9ddf19b33efc4de464,study01_run
01,REPRO:01_clustering/outputs/final_rerun_20260718/fixed_panels/inputs/151676/baseline.h5ad,candidate_payload,5335955,307576c364fc1b497159ff657f2e3159db08d71ab79b01b6b515a9e68a343247,study01_run
01,REPRO:01_clustering/outputs/final_rerun_20260718/fixed_panels/inputs/151676/combined_mild_activation.h5ad,candidate_payload,5614827,ae22bb0fd794cd4d7d4bf61e1c8a64c5470479b9e85cec35989100da7fc1dceb,study01_run
01,REPRO:01_clustering/outputs/final_rerun_20260718/fixed_panels/inputs/151676/combined_mild_dropout.h5ad,candidate_payload,4932480,38e54668ca56c578c469cf0e2945a7a02817a2d3da443bb73504f06b76b73ca6,study01_run
01,REPRO:01_clustering/outputs/final_rerun_20260718/fixed_panels/inputs/151676/combined_noisy_tissue.h5ad,candidate_payload,5108620,b1dcb995dd133a4d1dedcaf0f6f5fc58bcf2719ffef64dd4661f369fd9fd4f0b,study01_run
01,REPRO:01_clustering/outputs/final_rerun_20260718/fixed_panels/inputs/151676/combined_strong_activation.h5ad,candidate_payload,6106757,4eb37766daec7f2cd73fe5ffb912800f535735da85ae96a76b0332faf961cd4e,study01_run
01,REPRO:01_clustering/outputs/final_rerun_20260718/fixed_panels/inputs/151676/combined_suppressed.h5ad,candidate_payload,4343714,77ac665852cc6790d7cc5c75d83a2f1dd79fa9ad1770053d662ec7700cc4480b,study01_run
01,REPRO:01_clustering/outputs/final_rerun_20260718/fixed_panels/inputs/151676/mean_0_50.h5ad,candidate_payload,4555378,1c38d4678ac1c4c222bddf96e0ac7f60aafd6c5ec1acbc2762c98cad89224d8f,study01_run
01,REPRO:01_clustering/outputs/final_rerun_20260718/fixed_panels/inputs/151676/mean_0_67.h5ad,candidate_payload,4862080,0955e1be6ebe92fb655c11fbf19e8298c9c59b2094436731cac4f0b484784fad,study01_run
01,REPRO:01_clustering/outputs/final_rerun_20260718/fixed_panels/inputs/151676/mean_0_80.h5ad,candidate_payload,5084043,6b49630aa0edccd8aac4fe6c6365ff48cf9a1c6a0604bfbd194ba2d9991a031f,study01_run
01,REPRO:01_clustering/outputs/final_rerun_20260718/fixed_panels/inputs/151676/mean_1_25.h5ad,candidate_payload,5504575,aab89c2a2b2736a3f1b5fbd80b01a88d5d7fd838b6e1586084d0a652e8aa780e,study01_run
01,REPRO:01_clustering/outputs/final_rerun_20260718/fixed_panels/inputs/151676/mean_1_50.h5ad,candidate_payload,5666030,3c05af579d33e2fd4e875ac9e170904522c7471fee084ac39e1880d67c6c905d,study01_run
01,REPRO:01_clustering/outputs/final_rerun_20260718/fixed_panels/inputs/151676/mean_2.h5ad,candidate_payload,5936849,5319dff450d91cf35b74bcc9c3fa6e208b43dfdaa8478b07c6ab2d0fe9313ea3,study01_run
01,REPRO:01_clustering/outputs/final_rerun_20260718/fixed_panels/inputs/151676/real_baseline.h5ad,candidate_payload,6624365,924925069879f4702f9c1055d5b2fa644187ac7f924e8a8ba22bf27466df1f81,study01_run
01,REPRO:01_clustering/outputs/final_rerun_20260718/fixed_panels/inputs/151676/sparsity_neg_0_25.h5ad,candidate_payload,5271214,9b0eacb7ca74f1fea8141d6b1d1517db1869e8538ef4cdab6f51f701895db852,study01_run
01,REPRO:01_clustering/outputs/final_rerun_20260718/fixed_panels/inputs/151676/sparsity_neg_0_50.h5ad,candidate_payload,5210847,fd3b28112c8834932df8de8b240f5224d78d00b385758d361f7c625d3d0087e6,study01_run
01,REPRO:01_clustering/outputs/final_rerun_20260718/fixed_panels/inputs/151676/sparsity_neg_1.h5ad,candidate_payload,5070071,d4cb38a231daea1d3abe96efe2109095b275a8c657f7b6aea5d078f7be83c366,study01_run
01,REPRO:01_clustering/outputs/final_rerun_20260718/fixed_panels/inputs/151676/sparsity_pos_0_25.h5ad,candidate_payload,5110619,a4363b1adf1c39567fa0d0ceb3e206c42c0539a2d223fedd15b84af2394e4e2b,study01_run
01,REPRO:01_clustering/outputs/final_rerun_20260718/fixed_panels/inputs/151676/sparsity_pos_0_50.h5ad,candidate_payload,4936441,43d1d304477d69c85d21530b2feb592a890546b0ebd0abb0b43aebcfd00a54a9,study01_run
01,REPRO:01_clustering/outputs/final_rerun_20260718/fixed_panels/inputs/151676/sparsity_pos_1.h5ad,candidate_payload,4598754,fa76fa4051594f5a3a3ec9dbd55f8fe0e6dbee93e51a342ce4e608f92d7fbe33,study01_run
01,REPRO:01_clustering/outputs/final_rerun_20260718/fixed_panels/inputs/151676/var_hetero_0_75.h5ad,candidate_payload,5381890,712f9aa5f6a6bb63edff2dab369cff43b9a09fdcfc067ecc45339ff87e0bde72,study01_run
01,REPRO:01_clustering/outputs/final_rerun_20260718/fixed_panels/inputs/151676/var_hetero_1_25.h5ad,candidate_payload,5350956,b37eb48f6ab8ab92c3b0956bbea8118573743eeac0f98d700d354071c3ee06f4,study01_run
01,REPRO:01_clustering/outputs/final_rerun_20260718/fixed_panels/inputs/151676/var_hetero_1_50.h5ad,candidate_payload,5338330,165af21624909e018d6a298e97626d08e96cc68fe364b272fe005004db787124,study01_run
01,REPRO:01_clustering/outputs/final_rerun_20260718/fixed_panels/inputs/151676/variance_0_50.h5ad,candidate_payload,5404184,c562f5ed6e9c3ca8b8f594c2a874bf95b3718400bcdcd9a22ab64849233820a0,study01_run
01,REPRO:01_clustering/outputs/final_rerun_20260718/fixed_panels/inputs/151676/variance_0_67.h5ad,candidate_payload,5389549,1c5458201fd346038c16d09003b6ef5bc549cea0f728bd6fd9d58f0c44150aa3,study01_run
01,REPRO:01_clustering/outputs/final_rerun_20260718/fixed_panels/inputs/151676/variance_0_80.h5ad,candidate_payload,5380989,b0b0b2af79cf1e37560d03281bdd713c7479b644ec70283072de67e121825fc5,study01_run
01,REPRO:01_clustering/outputs/final_rerun_20260718/fixed_panels/inputs/151676/variance_1_25.h5ad,candidate_payload,5362313,c6e78c9c9c2886b9ac7af897fb6befcb707b6dd4456499be78f76a13fd1f70ab,study01_run
01,REPRO:01_clustering/outputs/final_rerun_20260718/fixed_panels/inputs/151676/variance_1_50.h5ad,candidate_payload,5356461,aa45b2dcaa0f050a89a06d7761332aaef4dd175f9bdaee8492a5e5928c9ee2cb,study01_run
01,REPRO:01_clustering/outputs/final_rerun_20260718/fixed_panels/inputs/151676/variance_2.h5ad,candidate_payload,5333765,25de10155ab0c925fd095389242205d82b65fd30b09407d6c13d3f8b9233e3c3,study01_run
01,REPRO:01_clustering/outputs/final_rerun_20260718/fixed_panels/panels/151508.csv,candidate_payload,20469,be9507b988bb7368453b5c7ed9da0a75c9394392d2dd4482bc59b1802c474dce,study01_run
01,REPRO:01_clustering/outputs/final_rerun_20260718/fixed_panels/panels/151670.csv,candidate_payload,20702,70830b90640379e09d720aa2aa0208c23e9ff09c95fbc39abe78b1090e8c1b38,study01_run
01,REPRO:01_clustering/outputs/final_rerun_20260718/fixed_panels/panels/151676.csv,candidate_payload,20793,d78da648a894c953d3d022c1cc49d46a7f225aa1fd2f1d661f9c0402725d841b,study01_run
01,REPRO:01_clustering/outputs/final_rerun_20260718/fixed_panels/provenance.json,candidate_evidence,527,5ddbe1bd0769b6f52f5bcd85e714d0f1abd5300a565b73aedc8959659547cd0b,study01_run
01,REPRO:01_clustering/outputs/final_rerun_20260718/methods/GraphST/151508/baseline/clusters.csv,candidate_payload,92011,e36c2db2ad69d9a8c9f49533d85e92e48849e25d54eba758ed70c6cf77d9ab6b,study01_run
01,REPRO:01_clustering/outputs/final_rerun_20260718/methods/GraphST/151508/baseline/metadata.json,candidate_evidence,901,b326e3ea547ce7bf74263143e6aad8c46be8f7e1e1697fdd622fc24e4662ce0e,study01_run
01,REPRO:01_clustering/outputs/final_rerun_20260718/methods/GraphST/151508/baseline/result.h5ad,candidate_payload,189733833,aeaaf7ba2de2971a1f51721f70bc7664d6acde21eed0c7a0063b68ec74329147,study01_run
01,REPRO:01_clustering/outputs/final_rerun_20260718/methods/GraphST/151508/baseline/runner.log,candidate_evidence,6169,5cef0ba638667eb3974cd4446c520d68a0fea5abcf024c93efda38412d434c03,study01_run
01,REPRO:01_clustering/outputs/final_rerun_20260718/methods/GraphST/151508/combined_mild_activation/clusters.csv,candidate_payload,92011,fe0b11b5d5d996d8966b36e7fbc14ec481852e44678b1a847f36fa66b96fde39,study01_run
01,REPRO:01_clustering/outputs/final_rerun_20260718/methods/GraphST/151508/combined_mild_activation/metadata.json,candidate_evidence,900,577bbb746ae591ca1fc6809a204bc521e7dc150de7dca6609799a584eb228206,study01_run
01,REPRO:01_clustering/outputs/final_rerun_20260718/methods/GraphST/151508/combined_mild_activation/result.h5ad,candidate_payload,191629194,e6d408873a7427a799f5ebeac2176aef441fa68898a383aaddc6c5b7c224ac20,study01_run
01,REPRO:01_clustering/outputs/final_rerun_20260718/methods/GraphST/151508/combined_mild_activation/runner.log,candidate_evidence,6169,43e63c2bd064b120642864b735c80f75db1f5bfe7a583f61db93cb9cbdbbdafa,study01_run
01,REPRO:01_clustering/outputs/final_rerun_20260718/methods/GraphST/151508/combined_mild_dropout/clusters.csv,candidate_payload,92011,0dfecb46823545406031a9ff9fa44ee66683d05c9387c2d7b0f902c5c65a6a6d,study01_run
01,REPRO:01_clustering/outputs/final_rerun_20260718/methods/GraphST/151508/combined_mild_dropout/metadata.json,candidate_evidence,900,e114cf6b15e610babe0dd21500f844816fe6cd73a9e048267785a4e3f775bb90,study01_run
01,REPRO:01_clustering/outputs/final_rerun_20260718/methods/GraphST/151508/combined_mild_dropout/result.h5ad,candidate_payload,186600961,75be8199aaff23c6ad162f2b0694f7a6af47c4e7088a56a0a22d1321bb1df214,study01_run
01,REPRO:01_clustering/outputs/final_rerun_20260718/methods/GraphST/151508/combined_mild_dropout/runner.log,candidate_evidence,6169,c3ff4f29cf2cc9bea522a8705150ac60c0e0ece2b765ab316eba7ddc36bdca97,study01_run
01,REPRO:01_clustering/outputs/final_rerun_20260718/methods/GraphST/151508/combined_noisy_tissue/clusters.csv,candidate_payload,92011,481ebce9ae802ed7f90ed978d4ac5b4fc953a5b742cd73c60e066a183159d1e0,study01_run
01,REPRO:01_clustering/outputs/final_rerun_20260718/methods/GraphST/151508/combined_noisy_tissue/metadata.json,candidate_evidence,900,7d20e1c34424e0ba381fb95a09c4530887256c4e854cf6223057e7dd21063ade,study01_run
01,REPRO:01_clustering/outputs/final_rerun_20260718/methods/GraphST/151508/combined_noisy_tissue/result.h5ad,candidate_payload,188456612,4374f81a38e11754f7a64b7abe376e350f92d75b0d0fb2a87deb7312e477139c,study01_run
01,REPRO:01_clustering/outputs/final_rerun_20260718/methods/GraphST/151508/combined_noisy_tissue/runner.log,candidate_evidence,6169,95867e594c2469b23fbe4e48324d29504a09e5b0fdff218cec23abc6fad85591,study01_run
01,REPRO:01_clustering/outputs/final_rerun_20260718/methods/GraphST/151508/combined_strong_activation/clusters.csv,candidate_payload,92011,a60424e158274be33d4e6eff8697b7010a701cec9e62f6964d3867d429009721,study01_run
01,REPRO:01_clustering/outputs/final_rerun_20260718/methods/GraphST/151508/combined_strong_activation/metadata.json,candidate_evidence,901,e3f667872c3aaf647e40037280cbc055e853ca8717ef287b716da9faea855df4,study01_run
01,REPRO:01_clustering/outputs/final_rerun_20260718/methods/GraphST/151508/combined_strong_activation/result.h5ad,candidate_payload,193487484,d6eba820f68b40b0d8b4b0d61917430d06afe1a73bbccf1acd32c1b25b13755c,study01_run
01,REPRO:01_clustering/outputs/final_rerun_20260718/methods/GraphST/151508/combined_strong_activation/runner.log,candidate_evidence,6169,e4e4fd76a43fe77cc90a656f1d180761d28a285ddee4ec902d7b2ce36a19ca13,study01_run
01,REPRO:01_clustering/outputs/final_rerun_20260718/methods/GraphST/151508/combined_suppressed/clusters.csv,candidate_payload,92011,6da456c66a63e786460df4d93b539d6610be105fdbd4afbc06b67985a8aee4bc,study01_run
01,REPRO:01_clustering/outputs/final_rerun_20260718/methods/GraphST/151508/combined_suppressed/metadata.json,candidate_evidence,901,d2943c61780625bc4e5ed47cd51cf02f56f9296983d8139d663bf50dcd22b372,study01_run
01,REPRO:01_clustering/outputs/final_rerun_20260718/methods/GraphST/151508/combined_suppressed/result.h5ad,candidate_payload,186622915,5ee75bb564c4117308c6058bd3d24789927cd72e32ebef05fc16d3bc44b55b11,study01_run
01,REPRO:01_clustering/outputs/final_rerun_20260718/methods/GraphST/151508/combined_suppressed/runner.log,candidate_evidence,6169,1500918f72e13fc3df6146b8551d230b512d733967d173c4a9be4aa3c80c5723,study01_run
01,REPRO:01_clustering/outputs/final_rerun_20260718/methods/GraphST/151508/mean_0_50/clusters.csv,candidate_payload,92011,d5e9f11a24d3f94b8c3daacd594e916731584881e381dd417a50bf661a458a33,study01_run
01,REPRO:01_clustering/outputs/final_rerun_20260718/methods/GraphST/151508/mean_0_50/metadata.json,candidate_evidence,901,89bf14da0ad0873c42be33a354fe4bb4b75cde854cd172ffea9ab1ca915031f8,study01_run
01,REPRO:01_clustering/outputs/final_rerun_20260718/methods/GraphST/151508/mean_0_50/result.h5ad,candidate_payload,189560018,8c9acef03cdbc2df1d1e7c26e4c669891512973a675c082959da25e464c2f358,study01_run
01,REPRO:01_clustering/outputs/final_rerun_20260718/methods/GraphST/151508/mean_0_50/runner.log,candidate_evidence,6174,7dcb3f33cccd51a42763c8230f72171052f6f1d733e7f4eccb1f907ea0bee090,study01_run
01,REPRO:01_clustering/outputs/final_rerun_20260718/methods/GraphST/151508/mean_0_67/clusters.csv,candidate_payload,92011,7b11f3b2a4fbb47193bfa6d020482c11eaf5cf9d9f77733e5acfd009a22b6905,study01_run
01,REPRO:01_clustering/outputs/final_rerun_20260718/methods/GraphST/151508/mean_0_67/metadata.json,candidate_evidence,901,2824b56ca4b5392eb81823d1899c1d0aabcb024255dbf7aef318bb95eae6a296,study01_run
01,REPRO:01_clustering/outputs/final_rerun_20260718/methods/GraphST/151508/mean_0_67/result.h5ad,candidate_payload,189643615,2aa1e9c142b012a10dc593456a5bd85fbbf306f698b6a2aa57c53fcff9357c8e,study01_run
01,REPRO:01_clustering/outputs/final_rerun_20260718/methods/GraphST/151508/mean_0_67/runner.log,candidate_evidence,6169,55e0f41c5bd8490224c371e85ac6e4382735cdb46080b133ba20b56f4789687f,study01_run
01,REPRO:01_clustering/outputs/final_rerun_20260718/methods/GraphST/151508/mean_0_80/clusters.csv,candidate_payload,92011,95d828c375280fde50757d4e537ad7b7f8308a3c28912de0ae265324ea6b50e5,study01_run
01,REPRO:01_clustering/outputs/final_rerun_20260718/methods/GraphST/151508/mean_0_80/metadata.json,candidate_evidence,901,17bdd6c28c8bd2470af1f7c5616686f6cbb9bfd2d879fa8e30a7acb073e12cf6,study01_run
01,REPRO:01_clustering/outputs/final_rerun_20260718/methods/GraphST/151508/mean_0_80/result.h5ad,candidate_payload,189655868,77b6636586dd8ad49a2ff74b37da1a3b451fe1a3b8fc2523c12e863d87273026,study01_run
01,REPRO:01_clustering/outputs/final_rerun_20260718/methods/GraphST/151508/mean_0_80/runner.log,candidate_evidence,6169,2096e88eb47ba2cef889ee4e328de90ce4a7ea782f4dac6b11e79ba18a207b0f,study01_run
01,REPRO:01_clustering/outputs/final_rerun_20260718/methods/GraphST/151508/mean_1_25/clusters.csv,candidate_payload,92011,21cf9bffc8de41b75e311cc7a93c0227c3ff01cde4d3d29ac968f94a1cb3b01a,study01_run
01,REPRO:01_clustering/outputs/final_rerun_20260718/methods/GraphST/151508/mean_1_25/metadata.json,candidate_evidence,900,594e542fc82b43dd3ab817d1ab18bf1a750283aedefc3223846f608fcab22396,study01_run
01,REPRO:01_clustering/outputs/final_rerun_20260718/methods/GraphST/151508/mean_1_25/result.h5ad,candidate_payload,189752788,0c4de1fe078d30c45b057c4cef0fd55146556f7aeb0aa5cc2acbe8793403b9d9,study01_run
01,REPRO:01_clustering/outputs/final_rerun_20260718/methods/GraphST/151508/mean_1_25/runner.log,candidate_evidence,6169,4581e0db33f68a34afe8e732e32ee5ef23951dacbe9686f0ae716b805bfc62f4,study01_run
01,REPRO:01_clustering/outputs/final_rerun_20260718/methods/GraphST/151508/mean_1_50/clusters.csv,candidate_payload,92011,e630022d3f010b33d84870dd5347cfe3be33ced409260aa66819b927f96178c1,study01_run
01,REPRO:01_clustering/outputs/final_rerun_20260718/methods/GraphST/151508/mean_1_50/metadata.json,candidate_evidence,901,514795dbcdde053a1c5cd67b62043e2baba9f727537ad78993133a6ec27462e6,study01_run
01,REPRO:01_clustering/outputs/final_rerun_20260718/methods/GraphST/151508/mean_1_50/result.h5ad,candidate_payload,189745465,466ece9463fd84d975125e7a58b68b44b555a50dd4d7dad0a665e46167a35261,study01_run
01,REPRO:01_clustering/outputs/final_rerun_20260718/methods/GraphST/151508/mean_1_50/runner.log,candidate_evidence,6169,7286dc00b671095771aab093c57e61942e5bedb6c4f101e94284f165f06fd824,study01_run
01,REPRO:01_clustering/outputs/final_rerun_20260718/methods/GraphST/151508/mean_2/clusters.csv,candidate_payload,92011,af39caefe1eed7c2e1c8a56256a4eff45209ff6dd5897b05625bf72878bc92d2,study01_run
01,REPRO:01_clustering/outputs/final_rerun_20260718/methods/GraphST/151508/mean_2/metadata.json,candidate_evidence,901,ca6ea1f5c91cc0133779810140e2d6dc3370839ace1b2de0a22e96b82fa3a36a,study01_run
01,REPRO:01_clustering/outputs/final_rerun_20260718/methods/GraphST/151508/mean_2/result.h5ad,candidate_payload,189735644,1682532c0bea0155b29354b020a16b5b5775119945ecb40e82e0fe708daefc82,study01_run
01,REPRO:01_clustering/outputs/final_rerun_20260718/methods/GraphST/151508/mean_2/runner.log,candidate_evidence,6169,b94bb40942ed594818bd22021341f836bb270946022d15eb0fb7709c3387e54f,study01_run
01,REPRO:01_clustering/outputs/final_rerun_20260718/methods/GraphST/151508/real_baseline/clusters.csv,candidate_payload,92011,f3985f383ea27b34db2f31fb01c4ad8b238c69299340b0331a983fa519ed6322,study01_run
01,REPRO:01_clustering/outputs/final_rerun_20260718/methods/GraphST/151508/real_baseline/metadata.json,candidate_evidence,901,9ef636834ffd7a2a4f23606ecacb668557f3242f885410494d74a3ef18b6ec38,study01_run
01,REPRO:01_clustering/outputs/final_rerun_20260718/methods/GraphST/151508/real_baseline/result.h5ad,candidate_payload,191199836,7c54a44b615ce0273a51b13a4f2309435d671b2a34acefe03c66d02ec586e7e0,study01_run
01,REPRO:01_clustering/outputs/final_rerun_20260718/methods/GraphST/151508/real_baseline/runner.log,candidate_evidence,5705,a14144d04556447a2cf96e245aff9c368b2cb2cefde018c559867d9c544a2532,study01_run
01,REPRO:01_clustering/outputs/final_rerun_20260718/methods/GraphST/151508/sparsity_neg_0_25/clusters.csv,candidate_payload,92011,063c20e35a52a2ba0c516f3a44424d0c7bd72a637ce77d2059bc346386061829,study01_run
01,REPRO:01_clustering/outputs/final_rerun_20260718/methods/GraphST/151508/sparsity_neg_0_25/metadata.json,candidate_evidence,901,fdd35aa5bcd598b295f5ffb5e51f770d6a761986b5941b907c3290d985ddcc21,study01_run
01,REPRO:01_clustering/outputs/final_rerun_20260718/methods/GraphST/151508/sparsity_neg_0_25/result.h5ad,candidate_payload,191659290,8e6f45d880efa226f3dae844ed98f364ec9a2c6f59077aa68d2d081a7c1520d3,study01_run
01,REPRO:01_clustering/outputs/final_rerun_20260718/methods/GraphST/151508/sparsity_neg_0_25/runner.log,candidate_evidence,6169,5ad76643c4f5d977df181ab44764c58027169cb0633379d9abce132ab291b195,study01_run
01,REPRO:01_clustering/outputs/final_rerun_20260718/methods/GraphST/151508/sparsity_neg_0_50/clusters.csv,candidate_payload,92011,34feb6e0cb8cccaa4dfe8a08888a344e55068c6838e0002aed7650fe2d81bca8,study01_run
01,REPRO:01_clustering/outputs/final_rerun_20260718/methods/GraphST/151508/sparsity_neg_0_50/metadata.json,candidate_evidence,901,d589a595ca54ac3cfb460faefa03180894cfeb5664675fd4d0539568d51af49b,study01_run
01,REPRO:01_clustering/outputs/final_rerun_20260718/methods/GraphST/151508/sparsity_neg_0_50/result.h5ad,candidate_payload,193364248,a357a72913380b2fce444f5449b267a8c7c3c91ec7caffe676f460f1c4fc84ce,study01_run
01,REPRO:01_clustering/outputs/final_rerun_20260718/methods/GraphST/151508/sparsity_neg_0_50/runner.log,candidate_evidence,6169,b3be6d9c5b1910c134e9b42b5ef780d9324af5fa7bd096996eea411cf9d008d2,study01_run
01,REPRO:01_clustering/outputs/final_rerun_20260718/methods/GraphST/151508/sparsity_neg_1/clusters.csv,candidate_payload,92011,7754c851583bdab3ccb657498bc839fc3c1ddff2b2dd37525a7ba238f6f99eef,study01_run
01,REPRO:01_clustering/outputs/final_rerun_20260718/methods/GraphST/151508/sparsity_neg_1/metadata.json,candidate_evidence,901,2c2c9330712e6d58250acabea863a83215a0b28f9702344662719db7e487a634,study01_run
01,REPRO:01_clustering/outputs/final_rerun_20260718/methods/GraphST/151508/sparsity_neg_1/result.h5ad,candidate_payload,197365286,04decd07c4fe8a3526a65d4058c4727b6931f4fc08a5218000165982ed0bbacd,study01_run
01,REPRO:01_clustering/outputs/final_rerun_20260718/methods/GraphST/151508/sparsity_neg_1/runner.log,candidate_evidence,6169,83ecd37a63d17a0a9ed40f25ff40376b8b71c9dd40d41edd8a7a1c2eb94c6e39,study01_run
01,REPRO:01_clustering/outputs/final_rerun_20260718/methods/GraphST/151508/sparsity_pos_0_25/clusters.csv,candidate_payload,92011,68e7dab6b635d9adfb032b12ba6ce0cccc871d522d6c475e91bb02e9d79f97bb,study01_run
01,REPRO:01_clustering/outputs/final_rerun_20260718/methods/GraphST/151508/sparsity_pos_0_25/metadata.json,candidate_evidence,901,4a7fb3809c85c17abb0c78fe162006f2353397026a667331e8f9a73fb5a9373b,study01_run
01,REPRO:01_clustering/outputs/final_rerun_20260718/methods/GraphST/151508/sparsity_pos_0_25/result.h5ad,candidate_payload,188450959,e0af72df7becdc5079a9a73db410b36aaa861bb60a4d5852857072fd9c6f2ad2,study01_run
01,REPRO:01_clustering/outputs/final_rerun_20260718/methods/GraphST/151508/sparsity_pos_0_25/runner.log,candidate_evidence,6169,f59788ab041e3fa6b2715877a1c11c20b77172f5a4ed7356682e7b5b3c2dd9c5,study01_run
01,REPRO:01_clustering/outputs/final_rerun_20260718/methods/GraphST/151508/sparsity_pos_0_50/clusters.csv,candidate_payload,92011,d120fd9aad45a6c99a967f0e83fc14394b39dac654e00a2ee1559ad30e9e3cae,study01_run
01,REPRO:01_clustering/outputs/final_rerun_20260718/methods/GraphST/151508/sparsity_pos_0_50/metadata.json,candidate_evidence,901,ab88311633c7bbc3018bca37d89c06b24d23554e0677eb04220b92a0f11c7b01,study01_run
01,REPRO:01_clustering/outputs/final_rerun_20260718/methods/GraphST/151508/sparsity_pos_0_50/result.h5ad,candidate_payload,186715144,24f0c7fa955ae1f56e9e89f41eb183a60ad6b8faadb03f72126836940933da95,study01_run
01,REPRO:01_clustering/outputs/final_rerun_20260718/methods/GraphST/151508/sparsity_pos_0_50/runner.log,candidate_evidence,6169,516ec2c90dc58995d001c82afeb583fa26df7b79943cdabcaacfadb18b74b311,study01_run
01,REPRO:01_clustering/outputs/final_rerun_20260718/methods/GraphST/151508/sparsity_pos_1/clusters.csv,candidate_payload,92011,0a18d2fe8e3d265cd385be140716241a1d558a544060ad2261fd02cdf3a12f3f,study01_run
01,REPRO:01_clustering/outputs/final_rerun_20260718/methods/GraphST/151508/sparsity_pos_1/metadata.json,candidate_evidence,901,0e69842b1742111296ac367419493deb2b4e6571e32a83106d0fdbd071216771,study01_run
01,REPRO:01_clustering/outputs/final_rerun_20260718/methods/GraphST/151508/sparsity_pos_1/result.h5ad,candidate_payload,183505723,bd9fac01ca22aaf3e070b86e71c2c595576663d397de7e9c2b4e97ee2ffaa06f,study01_run
01,REPRO:01_clustering/outputs/final_rerun_20260718/methods/GraphST/151508/sparsity_pos_1/runner.log,candidate_evidence,6169,5737badc73b8a5b4c7c84c122a68126f610b9814f1687a4299c976cf0589e015,study01_run
01,REPRO:01_clustering/outputs/final_rerun_20260718/methods/GraphST/151508/var_hetero_0_75/clusters.csv,candidate_payload,92011,9c3b2825761742ca3d3dc57e2f91259ed274cd918ff1663436a0da94e716dacf,study01_run
01,REPRO:01_clustering/outputs/final_rerun_20260718/methods/GraphST/151508/var_hetero_0_75/metadata.json,candidate_evidence,901,3b5fbb1ef8e52c2a2e0dda6f5ba1c19cc4d29089481c8719b405124383c07967,study01_run
01,REPRO:01_clustering/outputs/final_rerun_20260718/methods/GraphST/151508/var_hetero_0_75/result.h5ad,candidate_payload,189682767,2b8a36fb721f99a0c9cbb906a75ddc366adda1a14580af8eb021ada31fcb1556,study01_run
01,REPRO:01_clustering/outputs/final_rerun_20260718/methods/GraphST/151508/var_hetero_0_75/runner.log,candidate_evidence,6169,95992bc04809425ef644d82b5ad98abdff68270141c618122fa7e5f2379e9d59,study01_run
01,REPRO:01_clustering/outputs/final_rerun_20260718/methods/GraphST/151508/var_hetero_1_25/clusters.csv,candidate_payload,92011,63b2975907de30957d296182d9582c32a9698510af2dc5dafcf5333a525b698a,study01_run
01,REPRO:01_clustering/outputs/final_rerun_20260718/methods/GraphST/151508/var_hetero_1_25/metadata.json,candidate_evidence,901,86380c2c425834b8be3ac377d0b170331daa4d0e2a631da991cd9a94c6bddf2f,study01_run
01,REPRO:01_clustering/outputs/final_rerun_20260718/methods/GraphST/151508/var_hetero_1_25/result.h5ad,candidate_payload,189727046,e89b2d02d4915b1e9a17aa77c49fe7d8db7553e1ec81cba4e10b08ce781f4059,study01_run
01,REPRO:01_clustering/outputs/final_rerun_20260718/methods/GraphST/151508/var_hetero_1_25/runner.log,candidate_evidence,6169,e33607e25784356a6a6e5a6b8e422aa5457082018963459bc1df77da820fba52,study01_run
01,REPRO:01_clustering/outputs/final_rerun_20260718/methods/GraphST/151508/var_hetero_1_50/clusters.csv,candidate_payload,92011,f5e3528abeac4bc00f1bcc88bb573e16028316e4e5c261265eb01f4bca9f232b,study01_run
01,REPRO:01_clustering/outputs/final_rerun_20260718/methods/GraphST/151508/var_hetero_1_50/metadata.json,candidate_evidence,901,c329765c2f750f70f0a251116a98309109c2e58317a35c03a7eed373f4a2bb5e,study01_run
01,REPRO:01_clustering/outputs/final_rerun_20260718/methods/GraphST/151508/var_hetero_1_50/result.h5ad,candidate_payload,189744385,63cfe176d251e9e2e2e4ae70be1b3fabd2119c7ab75b531d03cb9bad2ee4646d,study01_run
01,REPRO:01_clustering/outputs/final_rerun_20260718/methods/GraphST/151508/var_hetero_1_50/runner.log,candidate_evidence,6169,a4c88a116362520dc36d0cff57eb415424809930df29767b9d688636bb19bd81,study01_run
01,REPRO:01_clustering/outputs/final_rerun_20260718/methods/GraphST/151508/variance_0_50/clusters.csv,candidate_payload,92011,38b2453038125c1166f5dad9ffcdd5180a2986012f57490d4c8badf3cdde82aa,study01_run
01,REPRO:01_clustering/outputs/final_rerun_20260718/methods/GraphST/151508/variance_0_50/metadata.json,candidate_evidence,901,c398a6bc5e0f121ee2deda583c0e8ab95d1c195fd22e33b0762f8e35a80612b5,study01_run
01,REPRO:01_clustering/outputs/final_rerun_20260718/methods/GraphST/151508/variance_0_50/result.h5ad,candidate_payload,189672882,5f6373c321af856dbf51329ec337ab3cc22547da9a8315263255928fc3c3d0c8,study01_run
01,REPRO:01_clustering/outputs/final_rerun_20260718/methods/GraphST/151508/variance_0_50/runner.log,candidate_evidence,6169,57b6c962831d5921a1a0ea6494008ff2c9381d96ca88d48cd17a038351a21d9a,study01_run
01,REPRO:01_clustering/outputs/final_rerun_20260718/methods/GraphST/151508/variance_0_67/clusters.csv,candidate_payload,92011,884becf48f08b4d7b900a7f260597732ba91f0a35671bcc166dd46bbd05657c0,study01_run
01,REPRO:01_clustering/outputs/final_rerun_20260718/methods/GraphST/151508/variance_0_67/metadata.json,candidate_evidence,901,92f4041cb179cd81078edfb1898f42b80a7442a6eb41148f37a36fa490659dfd,study01_run
01,REPRO:01_clustering/outputs/final_rerun_20260718/methods/GraphST/151508/variance_0_67/result.h5ad,candidate_payload,189700631,52f196bc5cc347a54ab62694677a9f88b9b415e8c6b18374172912e210a065b6,study01_run
01,REPRO:01_clustering/outputs/final_rerun_20260718/methods/GraphST/151508/variance_0_67/runner.log,candidate_evidence,6169,e66c7b2425540c91498910648d0e2d041e1c0e224bac4a4422db12974af962d8,study01_run
01,REPRO:01_clustering/outputs/final_rerun_20260718/methods/GraphST/151508/variance_0_80/clusters.csv,candidate_payload,92011,196ea825293f47ed8691f24eb3996cff8f0ece2ba8e3fb7da445c7dc29f0629f,study01_run
01,REPRO:01_clustering/outputs/final_rerun_20260718/methods/GraphST/151508/variance_0_80/metadata.json,candidate_evidence,901,4266ec9f27f9b7ef1a8954fa6663ad2cc46dbdcd508bd053f057c71008ee9fec,study01_run
01,REPRO:01_clustering/outputs/final_rerun_20260718/methods/GraphST/151508/variance_0_80/result.h5ad,candidate_payload,189690466,33c5c0f1166e8891a0ef038cdfac41df2abe4a50b67b27bd65d528a5de617df8,study01_run
01,REPRO:01_clustering/outputs/final_rerun_20260718/methods/GraphST/151508/variance_0_80/runner.log,candidate_evidence,6169,55f5f7810fdebdb905dc6b0c136c3b399ad3cdcec8ce2793445b240ec29421f4,study01_run
01,REPRO:01_clustering/outputs/final_rerun_20260718/methods/GraphST/151508/variance_1_25/clusters.csv,candidate_payload,92011,baa9d928ed4cfe0fb4b84954e45cb48dda79cf29160e24935df454a98a85f756,study01_run
01,REPRO:01_clustering/outputs/final_rerun_20260718/methods/GraphST/151508/variance_1_25/metadata.json,candidate_evidence,901,04a0649182e3d99f73cc8425614e19e0cf5a6dc89354237b60725deca7a3ce2f,study01_run
01,REPRO:01_clustering/outputs/final_rerun_20260718/methods/GraphST/151508/variance_1_25/result.h5ad,candidate_payload,189719689,3bf90320ad45037364152b255bf95d979cbf3f79f62c5a2a1d59d034f1b181e7,study01_run
01,REPRO:01_clustering/outputs/final_rerun_20260718/methods/GraphST/151508/variance_1_25/runner.log,candidate_evidence,6169,0866a8ea73399f62cd59686956f8d1ba065e0fb2b5c53c63fb43cb2e67a4656f,study01_run
01,REPRO:01_clustering/outputs/final_rerun_20260718/methods/GraphST/151508/variance_1_50/clusters.csv,candidate_payload,92011,bdceaf8033399159a919ede03ea3a952432c1a069e33e8a587c09e59a36e9cdd,study01_run
01,REPRO:01_clustering/outputs/final_rerun_20260718/methods/GraphST/151508/variance_1_50/metadata.json,candidate_evidence,901,c93c97d27a5aa82ae89ab482137671ed37ac83dca0389ac53afe6d8b475ba8a7,study01_run
01,REPRO:01_clustering/outputs/final_rerun_20260718/methods/GraphST/151508/variance_1_50/result.h5ad,candidate_payload,189750297,55f0964c8918ff9b73c08c1ceddc16127278520b3a3d3e53c05572e42cb8cc04,study01_run
01,REPRO:01_clustering/outputs/final_rerun_20260718/methods/GraphST/151508/variance_1_50/runner.log,candidate_evidence,6169,7c6ad37f6c7c2f709f6695e7e3104b029dceb074f787578128529d208354f01f,study01_run
01,REPRO:01_clustering/outputs/final_rerun_20260718/methods/GraphST/151508/variance_2/clusters.csv,candidate_payload,92011,aac069550af5e64139ea99834c24908fac9b950a7dba2a54db990b3faac6eaee,study01_run
01,REPRO:01_clustering/outputs/final_rerun_20260718/methods/GraphST/151508/variance_2/metadata.json,candidate_evidence,901,842e14608eac423e14d9f556d3c6c794a2d596aa26d5e12422dee98b120de35f,study01_run
01,REPRO:01_clustering/outputs/final_rerun_20260718/methods/GraphST/151508/variance_2/result.h5ad,candidate_payload,189759435,bc3fa29edca8370d16791c9acc68010cb144939c401ac64050caf8b15cbe0a64,study01_run
01,REPRO:01_clustering/outputs/final_rerun_20260718/methods/GraphST/151508/variance_2/runner.log,candidate_evidence,6169,a2c4a1a3331a8ff88d0784c3fc1ef8c5fcb58a612aa41e609ece4bdf5de0e589,study01_run
01,REPRO:01_clustering/outputs/final_rerun_20260718/methods/GraphST/151670/baseline/clusters.csv,candidate_payload,73111,b8abf7c74e41ba92c23c8502ef58c9f5c7c3b8f9fb29b9154d659364fd9164f2,study01_run
01,REPRO:01_clustering/outputs/final_rerun_20260718/methods/GraphST/151670/baseline/metadata.json,candidate_evidence,901,22e4a3c3ba321e20deaf4197b964ce160d2eaef6d7bca64cec494205c436b15b,study01_run
01,REPRO:01_clustering/outputs/final_rerun_20260718/methods/GraphST/151670/baseline/result.h5ad,candidate_payload,131735203,145bb8012812eba211d9a639c0f635c9f4b1c91a7fd038998cef2c5657c1e790,study01_run
01,REPRO:01_clustering/outputs/final_rerun_20260718/methods/GraphST/151670/baseline/runner.log,candidate_evidence,4595,f3742c90143fdb811c27b026070d71024ad61b11db2b84620677b29ca33bab16,study01_run
01,REPRO:01_clustering/outputs/final_rerun_20260718/methods/GraphST/151670/combined_mild_activation/clusters.csv,candidate_payload,73111,68d27b1ee769fe013049069b8f6c154df2e25d02d43faf8aadb9da2653e8aebf,study01_run
01,REPRO:01_clustering/outputs/final_rerun_20260718/methods/GraphST/151670/combined_mild_activation/metadata.json,candidate_evidence,901,01b4f5345d88d75ead67af50a2c89234a88a7101636541a6feccc6dd257ec30e,study01_run
01,REPRO:01_clustering/outputs/final_rerun_20260718/methods/GraphST/151670/combined_mild_activation/result.h5ad,candidate_payload,133503252,251f1061125034beb74fc1b7bb401ebf23c7a38a9f9d8828b1659282104ed8da,study01_run
01,REPRO:01_clustering/outputs/final_rerun_20260718/methods/GraphST/151670/combined_mild_activation/runner.log,candidate_evidence,4595,1aa9da5b7bf40be15ab7a064f6e56e407d483dbcf1adf5d096e7f9dc4e17086c,study01_run
01,REPRO:01_clustering/outputs/final_rerun_20260718/methods/GraphST/151670/combined_mild_dropout/clusters.csv,candidate_payload,73111,0a32a029e2c598bb7848c803eb9c8e1d18ba64c729a1eadb1afbc032a44a21bc,study01_run
01,REPRO:01_clustering/outputs/final_rerun_20260718/methods/GraphST/151670/combined_mild_dropout/metadata.json,candidate_evidence,901,eddb16dcdced707cbea23b8b45d17eff642707bdfff83afc1acf913262c61c0f,study01_run
01,REPRO:01_clustering/outputs/final_rerun_20260718/methods/GraphST/151670/combined_mild_dropout/result.h5ad,candidate_payload,128556811,504e5b7535e9572bc0a58aec2dcae9a7cacad9a8bf0e599a1bcec53f1515dcb7,study01_run
01,REPRO:01_clustering/outputs/final_rerun_20260718/methods/GraphST/151670/combined_mild_dropout/runner.log,candidate_evidence,4595,4c0f7f310ab0d889cb9ff7b96e314628709362d95cb376b831f12d5572e789c6,study01_run
01,REPRO:01_clustering/outputs/final_rerun_20260718/methods/GraphST/151670/combined_noisy_tissue/clusters.csv,candidate_payload,73111,c08057fcf93ac7378fffd38aaaf667db9a6248a37625305d81f48628703f2e32,study01_run
01,REPRO:01_clustering/outputs/final_rerun_20260718/methods/GraphST/151670/combined_noisy_tissue/metadata.json,candidate_evidence,901,848bab8db9d3f019c21184e598d76e740dc8827732b3e771f236a88a1b397642,study01_run
01,REPRO:01_clustering/outputs/final_rerun_20260718/methods/GraphST/151670/combined_noisy_tissue/result.h5ad,candidate_payload,130345990,0d2f6342624e7ffd15b811d307d79e9f41a14fe87d8700e6b4b598473c19db95,study01_run
01,REPRO:01_clustering/outputs/final_rerun_20260718/methods/GraphST/151670/combined_noisy_tissue/runner.log,candidate_evidence,4595,8caf761339df561060973c71a047a44e9864240562fe50f4c050bf9c0df31e45,study01_run
01,REPRO:01_clustering/outputs/final_rerun_20260718/methods/GraphST/151670/combined_strong_activation/clusters.csv,candidate_payload,73111,318c209f990ae5bb17bb3411de8ccb8c9408e0749b685213c916563d03f08a8d,study01_run
01,REPRO:01_clustering/outputs/final_rerun_20260718/methods/GraphST/151670/combined_strong_activation/metadata.json,candidate_evidence,901,672094efa8f8959afbb829cb7792f9528244154ec8fcfdc3dcdeca0ec387aa42,study01_run
01,REPRO:01_clustering/outputs/final_rerun_20260718/methods/GraphST/151670/combined_strong_activation/result.h5ad,candidate_payload,135368771,bac636ddd59e45aaaf2b8d0a0d8caa6359ff71b16266e9cf611c988561329f3b,study01_run
01,REPRO:01_clustering/outputs/final_rerun_20260718/methods/GraphST/151670/combined_strong_activation/runner.log,candidate_evidence,4595,9fa11081bb86ca510581fc11a4f46de5ad38ca99faa9ef2f57cdb1f567771960,study01_run
01,REPRO:01_clustering/outputs/final_rerun_20260718/methods/GraphST/151670/combined_suppressed/clusters.csv,candidate_payload,73111,7d47e387fc27cc8759b0b01f5dba73ea8de4456c9ad9e58ae565409e4e6ca939,study01_run
01,REPRO:01_clustering/outputs/final_rerun_20260718/methods/GraphST/151670/combined_suppressed/metadata.json,candidate_evidence,901,e8654cfa9eca3e7d8c9627c4ac61e528fc99d1a52c33b5380c34a0595dae5633,study01_run
01,REPRO:01_clustering/outputs/final_rerun_20260718/methods/GraphST/151670/combined_suppressed/result.h5ad,candidate_payload,128588624,fc84a1a3c992debc1456305ec54fb0af8738e16c763be68fc4e5def6cf57f3c1,study01_run
01,REPRO:01_clustering/outputs/final_rerun_20260718/methods/GraphST/151670/combined_suppressed/runner.log,candidate_evidence,4595,06a748d5d1d5b831309682e87330fa7a89f761ac85d7c38e239f9dfa78452a3b,study01_run
01,REPRO:01_clustering/outputs/final_rerun_20260718/methods/GraphST/151670/mean_0_50/clusters.csv,candidate_payload,73111,6d5d53b5f1713be34d9e964cbb4636b3af99645fd0b8d745a579a0699b57ff5a,study01_run
01,REPRO:01_clustering/outputs/final_rerun_20260718/methods/GraphST/151670/mean_0_50/metadata.json,candidate_evidence,901,05a1c1a53bcaa802aa9d8a6a1ccf78281071b0001a9cfe743cd59d32aa03cc55,study01_run
01,REPRO:01_clustering/outputs/final_rerun_20260718/methods/GraphST/151670/mean_0_50/result.h5ad,candidate_payload,131502626,d0791b96a4e6cd526024ccead67928f1a2b3f6f0ae9835ed9e49d9deec8e1bfc,study01_run
01,REPRO:01_clustering/outputs/final_rerun_20260718/methods/GraphST/151670/mean_0_50/runner.log,candidate_evidence,4595,355bd6ac760bf5e496e2de0c11688134d1229695f13460b54cf0783756f678ac,study01_run
01,REPRO:01_clustering/outputs/final_rerun_20260718/methods/GraphST/151670/mean_0_67/clusters.csv,candidate_payload,73111,7534e2ea9c63dc439fc1ea1bf903c153cedaebee5690febe74edd3197653662f,study01_run
01,REPRO:01_clustering/outputs/final_rerun_20260718/methods/GraphST/151670/mean_0_67/metadata.json,candidate_evidence,901,640e0c2aaa04d4e9795827139a6a176251db02157f7d0fd970fa863adc7c2b82,study01_run
01,REPRO:01_clustering/outputs/final_rerun_20260718/methods/GraphST/151670/mean_0_67/result.h5ad,candidate_payload,131596566,d77a8babae7a9aa1682e3b2d9a410716fa3104283c57dac0dbea3c5e70f6918e,study01_run
01,REPRO:01_clustering/outputs/final_rerun_20260718/methods/GraphST/151670/mean_0_67/runner.log,candidate_evidence,4595,87401b0e2ba42dfdaee625759daf2f15e460ac61eb63d2713c1060efde165e04,study01_run
01,REPRO:01_clustering/outputs/final_rerun_20260718/methods/GraphST/151670/mean_0_80/clusters.csv,candidate_payload,73111,9e6396f7e07a10c8807c0e1de1b5e4ef93771409adb139ee0f3793edebc43c13,study01_run
01,REPRO:01_clustering/outputs/final_rerun_20260718/methods/GraphST/151670/mean_0_80/metadata.json,candidate_evidence,901,951d2607535a08241ad5aa8ba80eda01a8199b68f9995f8b358ac3fe94b221c1,study01_run
01,REPRO:01_clustering/outputs/final_rerun_20260718/methods/GraphST/151670/mean_0_80/result.h5ad,candidate_payload,131636404,f50df815593d556755aa48187e256c34ad646d5368cf9a1b868035e94c004bef,study01_run
01,REPRO:01_clustering/outputs/final_rerun_20260718/methods/GraphST/151670/mean_0_80/runner.log,candidate_evidence,4595,ec7e7e875ed5ecd09e6db2b4d988e42c89de5e2b48f1d71a6674222a67ef478a,study01_run
01,REPRO:01_clustering/outputs/final_rerun_20260718/methods/GraphST/151670/mean_1_25/clusters.csv,candidate_payload,73111,22c5536219164189a4012745d189db37ab646c0515a58bf543fb89819a372a5f,study01_run
01,REPRO:01_clustering/outputs/final_rerun_20260718/methods/GraphST/151670/mean_1_25/metadata.json,candidate_evidence,901,325fee39a4f0b593006ed632b553d8da6bdae79b8c30399526aa37d211a576c4,study01_run
01,REPRO:01_clustering/outputs/final_rerun_20260718/methods/GraphST/151670/mean_1_25/result.h5ad,candidate_payload,131699024,15bb2d40bcf420b550112e876186c5334fb4816effc5bf3836bf3292bc369a0c,study01_run
01,REPRO:01_clustering/outputs/final_rerun_20260718/methods/GraphST/151670/mean_1_25/runner.log,candidate_evidence,4595,d71def1210ad4f509e07f5926e24f6e88cb841c670ae0e8d66c545cb968f1981,study01_run
01,REPRO:01_clustering/outputs/final_rerun_20260718/methods/GraphST/151670/mean_1_50/clusters.csv,candidate_payload,73111,40a1f179f7b9c10b3de36dd1c2b0fa52107e0584b5288de899fd61aa4f34b879,study01_run
01,REPRO:01_clustering/outputs/final_rerun_20260718/methods/GraphST/151670/mean_1_50/metadata.json,candidate_evidence,901,85390851da399ceb6de2779ac80c7066cd8d6cb8f01954b94fbece74e6960aef,study01_run
01,REPRO:01_clustering/outputs/final_rerun_20260718/methods/GraphST/151670/mean_1_50/result.h5ad,candidate_payload,131737665,c367fdc231b3c44ed3fa6cfd89d694b79ec17f16f2b1e2e5617169450a17ee67,study01_run
01,REPRO:01_clustering/outputs/final_rerun_20260718/methods/GraphST/151670/mean_1_50/runner.log,candidate_evidence,4595,ad69595a97877c4a29d607607cc58cb66d9b0b1f89734747ef5ecb6ddae939bb,study01_run
01,REPRO:01_clustering/outputs/final_rerun_20260718/methods/GraphST/151670/mean_2/clusters.csv,candidate_payload,73111,afd56828bdd000b6b365c93f018e61506863f55194bbe9158bf52839a9b6ae1d,study01_run
01,REPRO:01_clustering/outputs/final_rerun_20260718/methods/GraphST/151670/mean_2/metadata.json,candidate_evidence,901,05a1c1a53bcaa802aa9d8a6a1ccf78281071b0001a9cfe743cd59d32aa03cc55,study01_run
01,REPRO:01_clustering/outputs/final_rerun_20260718/methods/GraphST/151670/mean_2/result.h5ad,candidate_payload,131708334,995a48cbdbc53b5bd632e59aabab7ca13d751c1d27afe6e885067012f310b88a,study01_run
01,REPRO:01_clustering/outputs/final_rerun_20260718/methods/GraphST/151670/mean_2/runner.log,candidate_evidence,4595,6565f99926fe16c20e2045a15cf342360e4c4638c9d5e2e33b38675192087598,study01_run
01,REPRO:01_clustering/outputs/final_rerun_20260718/methods/GraphST/151670/real_baseline/clusters.csv,candidate_payload,73111,1b0765ba6a5a9a9a68fc7cf1a4b5da541ee624e1caeae0a4d248a3a5bf57da78,study01_run
01,REPRO:01_clustering/outputs/final_rerun_20260718/methods/GraphST/151670/real_baseline/metadata.json,candidate_evidence,901,9d0543322cdaf266de9ac502aa9de48a660d91b11e52654a7d66e15b4a470727,study01_run
01,REPRO:01_clustering/outputs/final_rerun_20260718/methods/GraphST/151670/real_baseline/result.h5ad,candidate_payload,133504003,ec8a1b720563a57f025b1a4d293e050bd1ba97fdd39cd947deb2be8aef92a08b,study01_run
01,REPRO:01_clustering/outputs/final_rerun_20260718/methods/GraphST/151670/real_baseline/runner.log,candidate_evidence,4343,eb58749e17145751083fe2db54b006cef4d5fa06065cead0058e4d4a0636512a,study01_run
01,REPRO:01_clustering/outputs/final_rerun_20260718/methods/GraphST/151670/sparsity_neg_0_25/clusters.csv,candidate_payload,73111,7633dc2c182d444614b56ce0e7b50e95db31785fdc38ddfb5d1e6ef90cbe0c09,study01_run
01,REPRO:01_clustering/outputs/final_rerun_20260718/methods/GraphST/151670/sparsity_neg_0_25/metadata.json,candidate_evidence,901,be919687f7dfb41577e8d949cdb559b5abc73a61749f516a465cb20d834919f1,study01_run
01,REPRO:01_clustering/outputs/final_rerun_20260718/methods/GraphST/151670/sparsity_neg_0_25/result.h5ad,candidate_payload,133602955,af99da0e887b296f167981b83caba72d9611420bb35ca27dac4bc00e51482e25,study01_run
01,REPRO:01_clustering/outputs/final_rerun_20260718/methods/GraphST/151670/sparsity_neg_0_25/runner.log,candidate_evidence,4595,9bb241f685806ff71f2a54f26db9f7acae65ef13e0b1f4a366bec16cd9ddfaef,study01_run
01,REPRO:01_clustering/outputs/final_rerun_20260718/methods/GraphST/151670/sparsity_neg_0_50/clusters.csv,candidate_payload,73111,fbb7cb6ca5aa568e9b96c2cd0398be8789b2ad70653411d5b544da2523d007da,study01_run
01,REPRO:01_clustering/outputs/final_rerun_20260718/methods/GraphST/151670/sparsity_neg_0_50/metadata.json,candidate_evidence,900,cc244c9001c99ddd664c87af59585408fa860ffc43e2bc52469845bf0298f62f,study01_run
01,REPRO:01_clustering/outputs/final_rerun_20260718/methods/GraphST/151670/sparsity_neg_0_50/result.h5ad,candidate_payload,135253754,d83d16fa235272efc06a0189c6fbc6084b173f34d048035e6017dc05f76c7c7a,study01_run
01,REPRO:01_clustering/outputs/final_rerun_20260718/methods/GraphST/151670/sparsity_neg_0_50/runner.log,candidate_evidence,4595,a1c5094489c3f51e0ef02f30889650b37740889b16e98b56b8531f724ab73331,study01_run
01,REPRO:01_clustering/outputs/final_rerun_20260718/methods/GraphST/151670/sparsity_neg_1/clusters.csv,candidate_payload,73111,59a325440336ba5cf287b8de19d4fa0aeb5cf0987d017def6c4b12df286ec70a,study01_run
01,REPRO:01_clustering/outputs/final_rerun_20260718/methods/GraphST/151670/sparsity_neg_1/metadata.json,candidate_evidence,901,2de7b2809d74bf741cbf415bf34eb6deab4654c4ef7543b9612cbb29943da44a,study01_run
01,REPRO:01_clustering/outputs/final_rerun_20260718/methods/GraphST/151670/sparsity_neg_1/result.h5ad,candidate_payload,139597342,a52fe703970da55ec7166a2a2bbb51ad9a38bfa9fbde65416bfbc9e73da1c96d,study01_run
01,REPRO:01_clustering/outputs/final_rerun_20260718/methods/GraphST/151670/sparsity_neg_1/runner.log,candidate_evidence,4595,d20324d23b117a902fbfc084f69d8358034f0cc00e9fe2baa6fee4a5d8a8de0f,study01_run
01,REPRO:01_clustering/outputs/final_rerun_20260718/methods/GraphST/151670/sparsity_pos_0_25/clusters.csv,candidate_payload,73111,a41bf950a97570fd90c2029753834fb5c8604debfc48283b4fc90d87b2f113e0,study01_run
01,REPRO:01_clustering/outputs/final_rerun_20260718/methods/GraphST/151670/sparsity_pos_0_25/metadata.json,candidate_evidence,900,f5dad75751ba8a3f00977bb6aba4dc20359bda4c03d2e9d57019d40ed9720ccb,study01_run
01,REPRO:01_clustering/outputs/final_rerun_20260718/methods/GraphST/151670/sparsity_pos_0_25/result.h5ad,candidate_payload,130436561,5d15bcbbe805702465665ad00afdfc0ec610018c89808bc0a7c2947093455c26,study01_run
01,REPRO:01_clustering/outputs/final_rerun_20260718/methods/GraphST/151670/sparsity_pos_0_25/runner.log,candidate_evidence,4595,5c69ae7e924ac9b4635b57803f70439e6de95b9607a85e397fb7a773ec309f29,study01_run
01,REPRO:01_clustering/outputs/final_rerun_20260718/methods/GraphST/151670/sparsity_pos_0_50/clusters.csv,candidate_payload,73111,b39fa2359e8c95c8de5539da25c685d63099373ed225166d294813f5fe8decd9,study01_run
01,REPRO:01_clustering/outputs/final_rerun_20260718/methods/GraphST/151670/sparsity_pos_0_50/metadata.json,candidate_evidence,901,9f9427e5239071512bc5f36190bb5100ab0fb61eb197224c793031b9e1e1d8e3,study01_run
01,REPRO:01_clustering/outputs/final_rerun_20260718/methods/GraphST/151670/sparsity_pos_0_50/result.h5ad,candidate_payload,128714908,479fe31b65c15021f3f10ada69bf43a03a40c43203100fe7a47cda1264234ff2,study01_run
01,REPRO:01_clustering/outputs/final_rerun_20260718/methods/GraphST/151670/sparsity_pos_0_50/runner.log,candidate_evidence,4595,c3533969503330ff46ce50dc305bdf474d2b264c6a9473cd73058d187aac5273,study01_run
01,REPRO:01_clustering/outputs/final_rerun_20260718/methods/GraphST/151670/sparsity_pos_1/clusters.csv,candidate_payload,73111,926deab228b4c2a22814397def5cf22abb306225cd04f5e7feabcaa09ff365dc,study01_run
01,REPRO:01_clustering/outputs/final_rerun_20260718/methods/GraphST/151670/sparsity_pos_1/metadata.json,candidate_evidence,901,f14d7ee2b13703d04680fff056948592558cb1cb70cdd2a4bba7dddf106956ba,study01_run
01,REPRO:01_clustering/outputs/final_rerun_20260718/methods/GraphST/151670/sparsity_pos_1/result.h5ad,candidate_payload,125936441,6b4afe827ae684c1726e6b16507b8a91246be4f9956d8ab186e7c89942080eeb,study01_run
01,REPRO:01_clustering/outputs/final_rerun_20260718/methods/GraphST/151670/sparsity_pos_1/runner.log,candidate_evidence,4595,c44ee93754aa76d0ec1a8907b44e77b8051bb4dff817037e6b88ea182f85e903,study01_run
01,REPRO:01_clustering/outputs/final_rerun_20260718/methods/GraphST/151670/var_hetero_0_75/clusters.csv,candidate_payload,73111,d254827497197b7bb1b5b2f0a6ac3b5d0c563579aec87d671094d7ace4e67a3c,study01_run
01,REPRO:01_clustering/outputs/final_rerun_20260718/methods/GraphST/151670/var_hetero_0_75/metadata.json,candidate_evidence,901,15df46ebbec1c870be3c427f88a7dc1d3d0da940bcdaef5b6e9fcc131a4f068d,study01_run
01,REPRO:01_clustering/outputs/final_rerun_20260718/methods/GraphST/151670/var_hetero_0_75/result.h5ad,candidate_payload,131669684,1d06c2857bff429dda41b05874b614a88e712f42249f3df836b33c80f3a2e88c,study01_run
01,REPRO:01_clustering/outputs/final_rerun_20260718/methods/GraphST/151670/var_hetero_0_75/runner.log,candidate_evidence,4595,b2ea09376e350a48f9e0244ec190ef5bbe465cc5c08a14a2bd3b888ad96ad2e2,study01_run
01,REPRO:01_clustering/outputs/final_rerun_20260718/methods/GraphST/151670/var_hetero_1_25/clusters.csv,candidate_payload,73111,ba34d69a2893158d86f919d83965dbdc59fabda03d3d9fae1d80988247c33615,study01_run
01,REPRO:01_clustering/outputs/final_rerun_20260718/methods/GraphST/151670/var_hetero_1_25/metadata.json,candidate_evidence,901,9d0543322cdaf266de9ac502aa9de48a660d91b11e52654a7d66e15b4a470727,study01_run
01,REPRO:01_clustering/outputs/final_rerun_20260718/methods/GraphST/151670/var_hetero_1_25/result.h5ad,candidate_payload,131714450,f8ef60c9bfea9c74afde4278e3e4f9a6145adc7a8f26478b99f15925099be7d8,study01_run
01,REPRO:01_clustering/outputs/final_rerun_20260718/methods/GraphST/151670/var_hetero_1_25/runner.log,candidate_evidence,4595,9fd84321317ae06a31f976d5ba54c20ea06cb5623600955839816f63ce8d0c9a,study01_run
01,REPRO:01_clustering/outputs/final_rerun_20260718/methods/GraphST/151670/var_hetero_1_50/clusters.csv,candidate_payload,73111,59774068668029e878e1a054ff9a9a2be4db01ad1c0f723a06ecbb7b669d6829,study01_run
01,REPRO:01_clustering/outputs/final_rerun_20260718/methods/GraphST/151670/var_hetero_1_50/metadata.json,candidate_evidence,901,1d1217e4149272f9377209dd91aae9ea51c079ac0f290ec1313c8ce7d4262bef,study01_run
01,REPRO:01_clustering/outputs/final_rerun_20260718/methods/GraphST/151670/var_hetero_1_50/result.h5ad,candidate_payload,131727952,ac54c8d874d9737cfe53ccc44ca5a3aec96e2151f400b8f1c57338c248ad85c9,study01_run
01,REPRO:01_clustering/outputs/final_rerun_20260718/methods/GraphST/151670/var_hetero_1_50/runner.log,candidate_evidence,4595,0272243914a18778c7f4fe1780de70b4e970ed3e7242ebe4d45ce795d317934e,study01_run
01,REPRO:01_clustering/outputs/final_rerun_20260718/methods/GraphST/151670/variance_0_50/clusters.csv,candidate_payload,73111,7a8971f39d4658c10d265c389a150bccf0de6f91a321243ac331f1e366dbea93,study01_run
01,REPRO:01_clustering/outputs/final_rerun_20260718/methods/GraphST/151670/variance_0_50/metadata.json,candidate_evidence,901,7e5dcb8265180ffb53abc2b0256807f9bc3dc28b3ee18bf02005ed6923fd9cc1,study01_run
01,REPRO:01_clustering/outputs/final_rerun_20260718/methods/GraphST/151670/variance_0_50/result.h5ad,candidate_payload,131635299,1b50642631b3d42e8040ff40e6f0db84d52ecb6a5cb458504dc86c846aeed84f,study01_run
01,REPRO:01_clustering/outputs/final_rerun_20260718/methods/GraphST/151670/variance_0_50/runner.log,candidate_evidence,4595,02ed81a931e48022e42430a10ab24552d54987fb7011c663972ac238f495c349,study01_run
01,REPRO:01_clustering/outputs/final_rerun_20260718/methods/GraphST/151670/variance_0_67/clusters.csv,candidate_payload,73111,faec26bb4133d6745f4826110633a16e365ce76cb0dedeac5306f9e557f61bfd,study01_run
01,REPRO:01_clustering/outputs/final_rerun_20260718/methods/GraphST/151670/variance_0_67/metadata.json,candidate_evidence,901,778bd40a379bf6088bbc7c8dbb157b691c17425de5b0fcfd87fdd531f8e3a178,study01_run
01,REPRO:01_clustering/outputs/final_rerun_20260718/methods/GraphST/151670/variance_0_67/result.h5ad,candidate_payload,131691370,d6d3755db869e029ed4a8467c38fec96d91118eec7311403bc5cfb6c0956bda1,study01_run
01,REPRO:01_clustering/outputs/final_rerun_20260718/methods/GraphST/151670/variance_0_67/runner.log,candidate_evidence,4595,aef514d8046297d079d0a6b0bb8c151785c4a6cf065c55e820ddeef737fb9ac0,study01_run
01,REPRO:01_clustering/outputs/final_rerun_20260718/methods/GraphST/151670/variance_0_80/clusters.csv,candidate_payload,73111,cb134785acd89c175ef18efea9f3d72abb7fce61011ebf2ec4c5c26dda5cbc69,study01_run
01,REPRO:01_clustering/outputs/final_rerun_20260718/methods/GraphST/151670/variance_0_80/metadata.json,candidate_evidence,901,d18d639a91666304eba5efde15d058c7f0c55a4395ffd86fcc27bca48152243b,study01_run
01,REPRO:01_clustering/outputs/final_rerun_20260718/methods/GraphST/151670/variance_0_80/result.h5ad,candidate_payload,131649670,b54bfe7a046a6fc28e8a9157b1a35ead192d7c13f2938663d2c5086736f32281,study01_run
01,REPRO:01_clustering/outputs/final_rerun_20260718/methods/GraphST/151670/variance_0_80/runner.log,candidate_evidence,4595,53fbf7c32131467bdcab8b10cd0b3a308694080dad523a4c7c54194274907b58,study01_run
01,REPRO:01_clustering/outputs/final_rerun_20260718/methods/GraphST/151670/variance_1_25/clusters.csv,candidate_payload,73111,36d6b2586145d833ff4a97a17b2f8b648823e570b9915d28fb9d638a2050925c,study01_run
01,REPRO:01_clustering/outputs/final_rerun_20260718/methods/GraphST/151670/variance_1_25/metadata.json,candidate_evidence,901,1d1217e4149272f9377209dd91aae9ea51c079ac0f290ec1313c8ce7d4262bef,study01_run
01,REPRO:01_clustering/outputs/final_rerun_20260718/methods/GraphST/151670/variance_1_25/result.h5ad,candidate_payload,131699093,a65c5fe000f2aa0f6d11d848884844195adf344c68b739c3798f16f9995aafb6,study01_run
01,REPRO:01_clustering/outputs/final_rerun_20260718/methods/GraphST/151670/variance_1_25/runner.log,candidate_evidence,4595,d20248cf0f7b18595fd58ac10226598f54aea22d6ab1edd64c7e2d40a93a97cc,study01_run
01,REPRO:01_clustering/outputs/final_rerun_20260718/methods/GraphST/151670/variance_1_50/clusters.csv,candidate_payload,73111,8e48d772c7bafd8af0d4ecb3a624e0afd46beab6d05818b7aa54f1387a7e59b0,study01_run
01,REPRO:01_clustering/outputs/final_rerun_20260718/methods/GraphST/151670/variance_1_50/metadata.json,candidate_evidence,901,e4d0ab27e7569688e4d7ef8c2a92c19089b245cf151428c3fc463e732ca0d332,study01_run
01,REPRO:01_clustering/outputs/final_rerun_20260718/methods/GraphST/151670/variance_1_50/result.h5ad,candidate_payload,131705172,ec3f25a10d057fee85d97ca800a9012287c64ac04e11fffd6c5a50e20b79baab,study01_run
01,REPRO:01_clustering/outputs/final_rerun_20260718/methods/GraphST/151670/variance_1_50/runner.log,candidate_evidence,4595,acc6b8b0d10d86e64bf01981c928f79b4cf7ded758b198959f2a8b08761fab78,study01_run
01,REPRO:01_clustering/outputs/final_rerun_20260718/methods/GraphST/151670/variance_2/clusters.csv,candidate_payload,73111,1bb76460d0b1d750d2e686995c100c9dba3edce2315ec49c3dee1af0c7170f74,study01_run
01,REPRO:01_clustering/outputs/final_rerun_20260718/methods/GraphST/151670/variance_2/metadata.json,candidate_evidence,900,370444fa64c91e740d8a7fc55d372318153115357fb995a622a2d421978de480,study01_run
01,REPRO:01_clustering/outputs/final_rerun_20260718/methods/GraphST/151670/variance_2/result.h5ad,candidate_payload,131730431,a2bda27c166bb512f58143b9258c9492af1cd950ec2cd528e7fbfbe2f153d5b1,study01_run
01,REPRO:01_clustering/outputs/final_rerun_20260718/methods/GraphST/151670/variance_2/runner.log,candidate_evidence,4595,4d5def53568203dee736ee16d909048886f40f177146f9360414fe59d8693286,study01_run
01,REPRO:01_clustering/outputs/final_rerun_20260718/methods/GraphST/151676/baseline/clusters.csv,candidate_payload,72082,87816ac4a3d6b6deda8d8fe231ace72fa57f00419f502a0985e0453e501e0e76,study01_run
01,REPRO:01_clustering/outputs/final_rerun_20260718/methods/GraphST/151676/baseline/metadata.json,candidate_evidence,901,3c2d5a5e40def9418aea6e3f47b26cb7858ececcdb4384722204ea1375f075f6,study01_run
01,REPRO:01_clustering/outputs/final_rerun_20260718/methods/GraphST/151676/baseline/result.h5ad,candidate_payload,131896639,e46c9f1d29d584f4442859017e6fb5fc94b7d0d2d6c174f2b5da5a1f7a4c2727,study01_run
01,REPRO:01_clustering/outputs/final_rerun_20260718/methods/GraphST/151676/baseline/runner.log,candidate_evidence,4595,0246e66f866c58d58ff2376d5b211aec7b6e3064b4b2adce60973cc8151dd017,study01_run
01,REPRO:01_clustering/outputs/final_rerun_20260718/methods/GraphST/151676/combined_mild_activation/clusters.csv,candidate_payload,72082,25ef5c8233cf5676ffd33c41164d02cd9e3f355dcf11036a5a966da8162720c0,study01_run
01,REPRO:01_clustering/outputs/final_rerun_20260718/methods/GraphST/151676/combined_mild_activation/metadata.json,candidate_evidence,901,8075dc061c92492dda5ca5f80751baf32b38792d0d661857ef815e66a3024aa6,study01_run
01,REPRO:01_clustering/outputs/final_rerun_20260718/methods/GraphST/151676/combined_mild_activation/result.h5ad,candidate_payload,134006029,a5db39bea1f8bb8cedb20634279fb024e9aa4714a62bcdb995d6780915818357,study01_run
01,REPRO:01_clustering/outputs/final_rerun_20260718/methods/GraphST/151676/combined_mild_activation/runner.log,candidate_evidence,4595,ccd34890721d7578fc38efc8147b2163df9e1b1dddd4c0f4567a58026c2893f7,study01_run
01,REPRO:01_clustering/outputs/final_rerun_20260718/methods/GraphST/151676/combined_mild_dropout/clusters.csv,candidate_payload,72082,681f46a2364005c192a8e7553375f85052528f33196e1f5de724c554e87b6b56,study01_run
01,REPRO:01_clustering/outputs/final_rerun_20260718/methods/GraphST/151676/combined_mild_dropout/metadata.json,candidate_evidence,901,fb5800714d380e9b56d1bfc90e01973b264cb6b3d9cff372f9a8ca02390dd471,study01_run
01,REPRO:01_clustering/outputs/final_rerun_20260718/methods/GraphST/151676/combined_mild_dropout/result.h5ad,candidate_payload,128355149,98497fcc16c4edeeefa66df2fd6e297dc37dd1588a1aef8996f9fc4d429ce578,study01_run
01,REPRO:01_clustering/outputs/final_rerun_20260718/methods/GraphST/151676/combined_mild_dropout/runner.log,candidate_evidence,4595,70b9347deaafbf46e618a75a2922818bf84efe65c0668905feae48d707a438f9,study01_run
01,REPRO:01_clustering/outputs/final_rerun_20260718/methods/GraphST/151676/combined_noisy_tissue/clusters.csv,candidate_payload,72082,82d38400c96fa3bad7541f3c73d4d1b74a876d8d8309c695fa160af70001fd6a,study01_run
01,REPRO:01_clustering/outputs/final_rerun_20260718/methods/GraphST/151676/combined_noisy_tissue/metadata.json,candidate_evidence,901,677563300ea59f85a04153a2a01088b5f4ca15060aa89a98549e747c865aa124,study01_run
01,REPRO:01_clustering/outputs/final_rerun_20260718/methods/GraphST/151676/combined_noisy_tissue/result.h5ad,candidate_payload,130360135,ab1ce3c0462cfa98ece1b1eb7887ee123a7f295007da9d0bab5c89fcfd417f95,study01_run
01,REPRO:01_clustering/outputs/final_rerun_20260718/methods/GraphST/151676/combined_noisy_tissue/runner.log,candidate_evidence,4595,7c196c6bdfacdc62da9699bc193f59c2dcbba3ed0ba52b7f0dd6c42dff0dc27f,study01_run
01,REPRO:01_clustering/outputs/final_rerun_20260718/methods/GraphST/151676/combined_strong_activation/clusters.csv,candidate_payload,72082,ef0b3f4018d3be07d1dd005b9dfca5a4086c94ac4402a5fa999ef05620587d79,study01_run
01,REPRO:01_clustering/outputs/final_rerun_20260718/methods/GraphST/151676/combined_strong_activation/metadata.json,candidate_evidence,901,031e8be8cf449d3e48c094a4edcb47020486248fea14f270796e5230c12ed44d,study01_run
01,REPRO:01_clustering/outputs/final_rerun_20260718/methods/GraphST/151676/combined_strong_activation/result.h5ad,candidate_payload,136167964,98942f41e6d1879299a0b30885d1dfbfb27480b26e407d7b520d327f065c748c,study01_run
01,REPRO:01_clustering/outputs/final_rerun_20260718/methods/GraphST/151676/combined_strong_activation/runner.log,candidate_evidence,4595,6e387516a457636e4d4f9341ee8859f50d376fc5e8025512406db65a84c1c3bb,study01_run
01,REPRO:01_clustering/outputs/final_rerun_20260718/methods/GraphST/151676/combined_suppressed/clusters.csv,candidate_payload,72082,362708fea496a6c3636b38cf9d641b21ecf2298f5421a5c6321075c690d55ce8,study01_run
01,REPRO:01_clustering/outputs/final_rerun_20260718/methods/GraphST/151676/combined_suppressed/metadata.json,candidate_evidence,901,6cee7fb6ba503dc23aa4a2ac83c6c1031206826b015c59161abe5beca3515e53,study01_run
01,REPRO:01_clustering/outputs/final_rerun_20260718/methods/GraphST/151676/combined_suppressed/result.h5ad,candidate_payload,128410313,290d2d12c1d19cdc9286d32d45809053360decb97dfc4e77ae092a7d0c7bfd11,study01_run
01,REPRO:01_clustering/outputs/final_rerun_20260718/methods/GraphST/151676/combined_suppressed/runner.log,candidate_evidence,4595,170586662689497f4af2d9ecad9f26f617e60f420964ee866313f0eb5037893f,study01_run
01,REPRO:01_clustering/outputs/final_rerun_20260718/methods/GraphST/151676/mean_0_50/clusters.csv,candidate_payload,72082,d996da44ea985111ba96db612eeb7595c9b7fa40f2130f50e1d0504c5d2206d4,study01_run
01,REPRO:01_clustering/outputs/final_rerun_20260718/methods/GraphST/151676/mean_0_50/metadata.json,candidate_evidence,901,5dbf9fc6dde373b34bcfd2296842382b36818d3c7f433170936f80e165d942d5,study01_run
01,REPRO:01_clustering/outputs/final_rerun_20260718/methods/GraphST/151676/mean_0_50/result.h5ad,candidate_payload,131575605,5ee96ff9d1ec9e43c26fd919dcfa8f743b7b3e7c801472bddd64ba69c17d4522,study01_run
01,REPRO:01_clustering/outputs/final_rerun_20260718/methods/GraphST/151676/mean_0_50/runner.log,candidate_evidence,4595,479378e51e744f2425cdbe6e5ace061261ba6bdeef52ac1c02a9b92e48bc9650,study01_run
01,REPRO:01_clustering/outputs/final_rerun_20260718/methods/GraphST/151676/mean_0_67/clusters.csv,candidate_payload,72082,65838640f131fc0f9ce43d26768e724baf3ccfc20349e15bfa0412083c542a1f,study01_run
01,REPRO:01_clustering/outputs/final_rerun_20260718/methods/GraphST/151676/mean_0_67/metadata.json,candidate_evidence,901,547fc40e4632b0be55eca354bc946c532c440491d5d458f82156c10cb2072308,study01_run
01,REPRO:01_clustering/outputs/final_rerun_20260718/methods/GraphST/151676/mean_0_67/result.h5ad,candidate_payload,131713562,2980504943d61949ddaa4ed83136cfd867895673fd0c00e0b19abfff059c7f81,study01_run
01,REPRO:01_clustering/outputs/final_rerun_20260718/methods/GraphST/151676/mean_0_67/runner.log,candidate_evidence,4595,6557c962fd96fc9960e46dc38451e8738b7b4ab1694d0ece6a2e149817e075e0,study01_run
01,REPRO:01_clustering/outputs/final_rerun_20260718/methods/GraphST/151676/mean_0_80/clusters.csv,candidate_payload,72082,cb32e02751cf612806255844b5e666862e4743d59c1ca7e61c0853886f05bcbb,study01_run
01,REPRO:01_clustering/outputs/final_rerun_20260718/methods/GraphST/151676/mean_0_80/metadata.json,candidate_evidence,901,6474daaf3b2dbad4814a33383884917fabca4f8f7cc032cb543c30ec6b873aa9,study01_run
01,REPRO:01_clustering/outputs/final_rerun_20260718/methods/GraphST/151676/mean_0_80/result.h5ad,candidate_payload,131765147,af7b3be12d257808c213c34eacfce748708b5c96820889cd670758e57d47a25f,study01_run
01,REPRO:01_clustering/outputs/final_rerun_20260718/methods/GraphST/151676/mean_0_80/runner.log,candidate_evidence,4595,37f949917857a4a20a3af5f8fc3de4b2de90a4cd2409e9c5a9a1304b01cb4ac8,study01_run
01,REPRO:01_clustering/outputs/final_rerun_20260718/methods/GraphST/151676/mean_1_25/clusters.csv,candidate_payload,72082,75e51ff6ee0981ce9e745708dba309b7e13e8b0f398ec6237cc459449781aeb0,study01_run
01,REPRO:01_clustering/outputs/final_rerun_20260718/methods/GraphST/151676/mean_1_25/metadata.json,candidate_evidence,901,d94c2f9d4ee051595448e685131be47a6126531512c34936fe370dcbfba918c6,study01_run
01,REPRO:01_clustering/outputs/final_rerun_20260718/methods/GraphST/151676/mean_1_25/result.h5ad,candidate_payload,131854584,8f061a0dc28b1e042456a5346b8e56ed1a66c25563bf743cd2757eb8c35f2ba3,study01_run
01,REPRO:01_clustering/outputs/final_rerun_20260718/methods/GraphST/151676/mean_1_25/runner.log,candidate_evidence,4595,1d878d37208da33699e496e2fd6ce3722f60be9b2d81e54e7cdd61700869bd19,study01_run
01,REPRO:01_clustering/outputs/final_rerun_20260718/methods/GraphST/151676/mean_1_50/clusters.csv,candidate_payload,72082,88a04a4ea0bc67ce466abc1b6d1633b06d891dc7dca0241672930d688e826bf5,study01_run
01,REPRO:01_clustering/outputs/final_rerun_20260718/methods/GraphST/151676/mean_1_50/metadata.json,candidate_evidence,901,4deabdcbc86fad49d52b1bbd8d6be8f367c2ae987d91f75780737b72b76e0822,study01_run
01,REPRO:01_clustering/outputs/final_rerun_20260718/methods/GraphST/151676/mean_1_50/result.h5ad,candidate_payload,131873486,db722fad283b276c7ff3036a73aaada4a7ba0dc23b9df4947589fa1f7ca55386,study01_run
01,REPRO:01_clustering/outputs/final_rerun_20260718/methods/GraphST/151676/mean_1_50/runner.log,candidate_evidence,4595,87520b11de2019e5ec53177c9944b1431d0b481205857cbae01d92e1b5ec3d8f,study01_run
01,REPRO:01_clustering/outputs/final_rerun_20260718/methods/GraphST/151676/mean_2/clusters.csv,candidate_payload,72082,a34aa7eb150935812700ec34ef250a0ca1bdce8fd212a57daaf82e0afa27dd6f,study01_run
01,REPRO:01_clustering/outputs/final_rerun_20260718/methods/GraphST/151676/mean_2/metadata.json,candidate_evidence,901,6030e63051d3f668834911c48587a6bef9173e0e8a0df26cba2e4d42d4411cc3,study01_run
01,REPRO:01_clustering/outputs/final_rerun_20260718/methods/GraphST/151676/mean_2/result.h5ad,candidate_payload,131903706,73bbfe4a156ce1be50d446ef51c70ba26fd382853cc176c821802ba4e39b1005,study01_run
01,REPRO:01_clustering/outputs/final_rerun_20260718/methods/GraphST/151676/mean_2/runner.log,candidate_evidence,4595,43b1cb6f1d87216ce793885d475c3101f3a1feb8b884c1d47c2fa07cb9c9d9a1,study01_run
01,REPRO:01_clustering/outputs/final_rerun_20260718/methods/GraphST/151676/real_baseline/clusters.csv,candidate_payload,72082,a588a463c96fa6317de818bc3ecb333686e5c5c6f83a7a00eafe70dbcc0ded89,study01_run
01,REPRO:01_clustering/outputs/final_rerun_20260718/methods/GraphST/151676/real_baseline/metadata.json,candidate_evidence,900,bcfde615779854d00449879eafc4b4b5f503d4bc3b10d2fd14979e76b2b49d71,study01_run
01,REPRO:01_clustering/outputs/final_rerun_20260718/methods/GraphST/151676/real_baseline/result.h5ad,candidate_payload,134257181,ef9d89c9c16810c34a9b64f9877344487515c24498c43835807fe47c96c38dcf,study01_run
01,REPRO:01_clustering/outputs/final_rerun_20260718/methods/GraphST/151676/real_baseline/runner.log,candidate_evidence,4343,69851461eda47a2fcfde8e67b4d28880bffbe92c844e3b987429d99679228fdf,study01_run
01,REPRO:01_clustering/outputs/final_rerun_20260718/methods/GraphST/151676/sparsity_neg_0_25/clusters.csv,candidate_payload,72082,2ade039d17612da63f82b8a88ce14ed50235c0eb3f5aeeaa29446c5d5d49fe4f,study01_run
01,REPRO:01_clustering/outputs/final_rerun_20260718/methods/GraphST/151676/sparsity_neg_0_25/metadata.json,candidate_evidence,900,46667239269c0ca2e2f0a1112aa2641e4056ec6e449fa99fe3ce81c022150f5f,study01_run
01,REPRO:01_clustering/outputs/final_rerun_20260718/methods/GraphST/151676/sparsity_neg_0_25/result.h5ad,candidate_payload,134155333,b87d59f09df2024f56c1e90a616ca07ce201935eb464bd65d899a4d66bf3d1ee,study01_run
01,REPRO:01_clustering/outputs/final_rerun_20260718/methods/GraphST/151676/sparsity_neg_0_25/runner.log,candidate_evidence,4595,f67ecce5e93f96e72645afab48741417596e4325e9b073b4ea2e9851542ab620,study01_run
01,REPRO:01_clustering/outputs/final_rerun_20260718/methods/GraphST/151676/sparsity_neg_0_50/clusters.csv,candidate_payload,72082,491cb01d1e7acb7f83f29294eea655a6b65d5f7f9d64634350c6422105ae8eb6,study01_run
01,REPRO:01_clustering/outputs/final_rerun_20260718/methods/GraphST/151676/sparsity_neg_0_50/metadata.json,candidate_evidence,901,36eba8a75f3c42ec0336dd68fbe58ccebe59f2d8a2c191e8ff4b47096467b657,study01_run
01,REPRO:01_clustering/outputs/final_rerun_20260718/methods/GraphST/151676/sparsity_neg_0_50/result.h5ad,candidate_payload,136203406,53315dc15919924aecc8fdcb5cf3f3b6d3dcd9e541d1013aee5c142726b4ce14,study01_run
01,REPRO:01_clustering/outputs/final_rerun_20260718/methods/GraphST/151676/sparsity_neg_0_50/runner.log,candidate_evidence,4595,81eaeb1588b580daa9773c24b3ae8cb2c69849a28e06823cd4b201f7d4ee9b60,study01_run
01,REPRO:01_clustering/outputs/final_rerun_20260718/methods/GraphST/151676/sparsity_neg_1/clusters.csv,candidate_payload,72082,c2f7729faad91ad10a88b6245083e6f54df547dda8cde8a43a79451b8a7d97f5,study01_run
01,REPRO:01_clustering/outputs/final_rerun_20260718/methods/GraphST/151676/sparsity_neg_1/metadata.json,candidate_evidence,901,a9a9c19f950955d8edfd74899435a36904a36389aaa9348929d6b840d16fc770,study01_run
01,REPRO:01_clustering/outputs/final_rerun_20260718/methods/GraphST/151676/sparsity_neg_1/result.h5ad,candidate_payload,140834942,181c703d30fb952d149f873b6b51e68056f06d521a08053c10e0732ae87f3a6b,study01_run
01,REPRO:01_clustering/outputs/final_rerun_20260718/methods/GraphST/151676/sparsity_neg_1/runner.log,candidate_evidence,4595,e3da5a2c898898d69dda90790b9554f22b72cc3964744e48e4f2c5803b9bdf12,study01_run
01,REPRO:01_clustering/outputs/final_rerun_20260718/methods/GraphST/151676/sparsity_pos_0_25/clusters.csv,candidate_payload,72082,72d2e9ddc15506277570baf3de44290bdf6f85e4f138cd70d2272e48b7bc323b,study01_run
01,REPRO:01_clustering/outputs/final_rerun_20260718/methods/GraphST/151676/sparsity_pos_0_25/metadata.json,candidate_evidence,901,720de51ba320f043112282a5842ea051cceb1086397d0d407b3f181ecf61c4f8,study01_run
01,REPRO:01_clustering/outputs/final_rerun_20260718/methods/GraphST/151676/sparsity_pos_0_25/result.h5ad,candidate_payload,130035872,839090bc3d7bf77f8abbf2ff322228a2a62e93f8ab9b5fe4092c49f933cf73e5,study01_run
01,REPRO:01_clustering/outputs/final_rerun_20260718/methods/GraphST/151676/sparsity_pos_0_25/runner.log,candidate_evidence,4595,6f62dcfcc1e241cf69b75010a546285b50837864144ee5d2ed87d243251001ca,study01_run
01,REPRO:01_clustering/outputs/final_rerun_20260718/methods/GraphST/151676/sparsity_pos_0_50/clusters.csv,candidate_payload,72082,eb6ad27d1afc514ef727a77c8a3f4600789a65a5ba1cf1a34c140ad4713b20e4,study01_run
01,REPRO:01_clustering/outputs/final_rerun_20260718/methods/GraphST/151676/sparsity_pos_0_50/metadata.json,candidate_evidence,901,601dbf09a3666d5944de5e68604373f3f88db4a7680a92efee6efc47a4667ac5,study01_run
01,REPRO:01_clustering/outputs/final_rerun_20260718/methods/GraphST/151676/sparsity_pos_0_50/result.h5ad,candidate_payload,128335353,dc7d4bb80b9c0ed09031da5ddd609b80d4d38c6efb0bf5a6ac50fc738fa63b15,study01_run
01,REPRO:01_clustering/outputs/final_rerun_20260718/methods/GraphST/151676/sparsity_pos_0_50/runner.log,candidate_evidence,4595,9992cde3f547796115a1b857731073a95bb728ca14a4ac68294d41ca3cd46be0,study01_run
01,REPRO:01_clustering/outputs/final_rerun_20260718/methods/GraphST/151676/sparsity_pos_1/clusters.csv,candidate_payload,72082,75f562c608dea44c9e362cf386cbf7cd5acbd9c8951f0a2fbbd69438dcb1cf17,study01_run
01,REPRO:01_clustering/outputs/final_rerun_20260718/methods/GraphST/151676/sparsity_pos_1/metadata.json,candidate_evidence,901,05ff8ee1a67e4ca02961e94ba8a8dde308315d9672d615ab7c03a31e1c333786,study01_run
01,REPRO:01_clustering/outputs/final_rerun_20260718/methods/GraphST/151676/sparsity_pos_1/result.h5ad,candidate_payload,125010469,23843d56f54388f794c38293c8b0a7f5ae73c84e3411d9a5e0508988db2178fc,study01_run
01,REPRO:01_clustering/outputs/final_rerun_20260718/methods/GraphST/151676/sparsity_pos_1/runner.log,candidate_evidence,4595,32d92945e8c9d872a7a842e2c8737d9213c8074fb4c2f1ce64a32c43f69eb63a,study01_run
01,REPRO:01_clustering/outputs/final_rerun_20260718/methods/GraphST/151676/var_hetero_0_75/clusters.csv,candidate_payload,72082,bea9aca09c87d6e93a75cf35f311f68b5adea7816998ed8393205b104f547bdf,study01_run
01,REPRO:01_clustering/outputs/final_rerun_20260718/methods/GraphST/151676/var_hetero_0_75/metadata.json,candidate_evidence,901,76a94a6156e88e097f4adc8497df42852dc46783ddf676837140b1ae22fe2605,study01_run
01,REPRO:01_clustering/outputs/final_rerun_20260718/methods/GraphST/151676/var_hetero_0_75/result.h5ad,candidate_payload,131786051,9c5b437d5e3dd1a04c312af3fd67ef10892c81eac418a0f898bf4747d2185e90,study01_run
01,REPRO:01_clustering/outputs/final_rerun_20260718/methods/GraphST/151676/var_hetero_0_75/runner.log,candidate_evidence,4595,3dbcfe24dd49a4d7a8d0a2cbe94aea53fe9a0646ca16f385050a7b2547cb5a9c,study01_run
01,REPRO:01_clustering/outputs/final_rerun_20260718/methods/GraphST/151676/var_hetero_1_25/clusters.csv,candidate_payload,72082,776a851e9260e8e68528ba06a287ad8c4004d905146c0c8ee4a03ccae56c127e,study01_run
01,REPRO:01_clustering/outputs/final_rerun_20260718/methods/GraphST/151676/var_hetero_1_25/metadata.json,candidate_evidence,901,502f6775ac7360c40573c12406f3837b03c9245f4523836ea22b168c2bea945a,study01_run
01,REPRO:01_clustering/outputs/final_rerun_20260718/methods/GraphST/151676/var_hetero_1_25/result.h5ad,candidate_payload,131874913,79ad6482170360f8ff1fd438f81528bf5a960dbaaff479e31d30defcb38f843e,study01_run
01,REPRO:01_clustering/outputs/final_rerun_20260718/methods/GraphST/151676/var_hetero_1_25/runner.log,candidate_evidence,4595,2eabdab917046f480032abefa6c7a82ca83a187c0d5ea4ab5b4eb9517b751dee,study01_run
01,REPRO:01_clustering/outputs/final_rerun_20260718/methods/GraphST/151676/var_hetero_1_50/clusters.csv,candidate_payload,72082,1deb2ef786c603cb791ec8f338c938f0892714cedf3c1a81f7fa058916e39411,study01_run
01,REPRO:01_clustering/outputs/final_rerun_20260718/methods/GraphST/151676/var_hetero_1_50/metadata.json,candidate_evidence,901,d539037a8e4815f61cf77129fe862c3a5f858eb7a3b5d92989a85d6580ee2f88,study01_run
01,REPRO:01_clustering/outputs/final_rerun_20260718/methods/GraphST/151676/var_hetero_1_50/result.h5ad,candidate_payload,131914645,2d24fa9a8354ef15f65267b2b9a6c13c7d323bf4f20b6c4e4accaec62d4c6079,study01_run
01,REPRO:01_clustering/outputs/final_rerun_20260718/methods/GraphST/151676/var_hetero_1_50/runner.log,candidate_evidence,4595,54fdf18ad3f735c37c5792b3bd52999258c0efb361bb3fe3d7cbac4acc5338ff,study01_run
01,REPRO:01_clustering/outputs/final_rerun_20260718/methods/GraphST/151676/variance_0_50/clusters.csv,candidate_payload,72082,cb3323a6e3d80ebc5b3e05d5fb6c0767af356b38defd8bdc2fd53410fb2d51e6,study01_run
01,REPRO:01_clustering/outputs/final_rerun_20260718/methods/GraphST/151676/variance_0_50/metadata.json,candidate_evidence,901,db7913028c5e2f921f666df00b1f9d40e351a11108f6eb0d69d7478e50d9f5d9,study01_run
01,REPRO:01_clustering/outputs/final_rerun_20260718/methods/GraphST/151676/variance_0_50/result.h5ad,candidate_payload,131830281,b4fa3d0273f3ba9f0c63d46793b947a95484110afd07f2cf7dfd308f84d488d3,study01_run
01,REPRO:01_clustering/outputs/final_rerun_20260718/methods/GraphST/151676/variance_0_50/runner.log,candidate_evidence,4595,e26b0d60bd4483c25d5a48571163714f747f370394826c4443acf5873fea5601,study01_run
01,REPRO:01_clustering/outputs/final_rerun_20260718/methods/GraphST/151676/variance_0_67/clusters.csv,candidate_payload,72082,a687f3d79eb31dfe460ebbebe9b634f1fa5c6ca8fccef430731cfb1974e5684e,study01_run
01,REPRO:01_clustering/outputs/final_rerun_20260718/methods/GraphST/151676/variance_0_67/metadata.json,candidate_evidence,901,d4ebb8fb90a236f7b852d95f543fff7fdc41d8831ed2aaa3faabc4e3a556d03c,study01_run
01,REPRO:01_clustering/outputs/final_rerun_20260718/methods/GraphST/151676/variance_0_67/result.h5ad,candidate_payload,131816935,9144c6ae6274813845466dcefce34013e79f7a3b635097e9417e5dec5399f0ab,study01_run
01,REPRO:01_clustering/outputs/final_rerun_20260718/methods/GraphST/151676/variance_0_67/runner.log,candidate_evidence,4595,05bdabf8ebb5c26d7e02df1dc1f544f3f70db21a37dd68cb61749442c232de6c,study01_run
01,REPRO:01_clustering/outputs/final_rerun_20260718/methods/GraphST/151676/variance_0_80/clusters.csv,candidate_payload,72082,0e72239fa9f9e482938cd3e6ed17b261cd0e7110271c38eb60e9a3c4bf648687,study01_run
01,REPRO:01_clustering/outputs/final_rerun_20260718/methods/GraphST/151676/variance_0_80/metadata.json,candidate_evidence,901,5c4117419eb65a1cea96d588cd0e1d04c72cc5cdfd2f84b377b1089ec28cf66b,study01_run
01,REPRO:01_clustering/outputs/final_rerun_20260718/methods/GraphST/151676/variance_0_80/result.h5ad,candidate_payload,131806501,33ea9f47db609d5dbb214863980799abed64199adafa2ad2c2ce39a871c8cfe0,study01_run
01,REPRO:01_clustering/outputs/final_rerun_20260718/methods/GraphST/151676/variance_0_80/runner.log,candidate_evidence,4595,48fb1cfe9ac586269a1b789f8cd1adf1c061e3bda8a5e1cb9e0903cd7ec6df98,study01_run
01,REPRO:01_clustering/outputs/final_rerun_20260718/methods/GraphST/151676/variance_1_25/clusters.csv,candidate_payload,72082,c90ef7f396c00a64a3590fa47974e84d363ae0f2328eaf67552a69fe993fd5df,study01_run
01,REPRO:01_clustering/outputs/final_rerun_20260718/methods/GraphST/151676/variance_1_25/metadata.json,candidate_evidence,901,8dbe2d74d8d5d263c7f8d44bc36c9a65d3cf7c31f8f36e240fa97dd81054c69b,study01_run
01,REPRO:01_clustering/outputs/final_rerun_20260718/methods/GraphST/151676/variance_1_25/result.h5ad,candidate_payload,131857431,228522daf92e1abeb31a7d956ab0eb84b64e81d66c79d1f34150e2bb6404f5fc,study01_run
01,REPRO:01_clustering/outputs/final_rerun_20260718/methods/GraphST/151676/variance_1_25/runner.log,candidate_evidence,4595,e2787ad0902a23cf6efbb1a6ecb283be601fd2b98541de0955dce30ae9999403,study01_run
01,REPRO:01_clustering/outputs/final_rerun_20260718/methods/GraphST/151676/variance_1_50/clusters.csv,candidate_payload,72082,4aa5a16a06163dd696fb388e7636383381dad24d50524a71f4801c3d58a2eeba,study01_run
01,REPRO:01_clustering/outputs/final_rerun_20260718/methods/GraphST/151676/variance_1_50/metadata.json,candidate_evidence,901,5e98fb8a43634778ff137b29571c40979a18dda12f75c4223fa86994d736a592,study01_run
01,REPRO:01_clustering/outputs/final_rerun_20260718/methods/GraphST/151676/variance_1_50/result.h5ad,candidate_payload,131889879,4d7db8911312e16ab4ae29590dc1809d9c08d6c8daa49cbc6a8b5b7bbda64260,study01_run
01,REPRO:01_clustering/outputs/final_rerun_20260718/methods/GraphST/151676/variance_1_50/runner.log,candidate_evidence,4595,6328673f50161ef2dcba5384a9f74e14a9cf19197df64ca11e4cb3250af1417f,study01_run
01,REPRO:01_clustering/outputs/final_rerun_20260718/methods/GraphST/151676/variance_2/clusters.csv,candidate_payload,72082,c896463ff458563cb58858b1cc301f2269f1dd52cc3dde127d1615b3107f26af,study01_run
01,REPRO:01_clustering/outputs/final_rerun_20260718/methods/GraphST/151676/variance_2/metadata.json,candidate_evidence,901,69328ad11a3691dffa9440aecb3826f492a5488f86f15cd541775df5ca7f0c69,study01_run
01,REPRO:01_clustering/outputs/final_rerun_20260718/methods/GraphST/151676/variance_2/result.h5ad,candidate_payload,131908412,0ece79ace005dfc261db941d31aed598b3f0bf07c480b97ac58b01256da4a72b,study01_run
01,REPRO:01_clustering/outputs/final_rerun_20260718/methods/GraphST/151676/variance_2/runner.log,candidate_evidence,4595,5bb97389631f34b2cd1fc2304884c94af611d506f02bd40b847a869a31063eca,study01_run
01,REPRO:01_clustering/outputs/final_rerun_20260718/methods/GraphST/provenance.json,candidate_evidence,1230,e81b74803c188e878e75220b9e8d1e8c3a966ae3de34024dac68b20cc4528537,study01_run
01,REPRO:01_clustering/outputs/final_rerun_20260718/methods/GraphST/run_manifest.csv,candidate_evidence,74999,758652a1f07a414653aac7490a3acd644ce8f8e3d39ae3c42f1d7b0283c73141,study01_run
01,REPRO:01_clustering/outputs/final_rerun_20260718/methods/Leiden_unsupervised/151508/baseline/clusters.csv,candidate_payload,92011,e0caefd704870bc65c791ef0ae5c6de2f872866ebab37870aba37229c495f3f6,study01_run
01,REPRO:01_clustering/outputs/final_rerun_20260718/methods/Leiden_unsupervised/151508/baseline/metadata.json,candidate_evidence,1314,8ac13561676a6155b5fda3b031b2cb6caaa76116f346c3c18ddce0f5d3dfa721,study01_run
01,REPRO:01_clustering/outputs/final_rerun_20260718/methods/Leiden_unsupervised/151508/baseline/result.h5ad,candidate_payload,7484767,a17798be4a9de0c7910c635b0090b3ed9d9ff8ee4a72b99d7375bafe51ba16f2,study01_run
01,REPRO:01_clustering/outputs/final_rerun_20260718/methods/Leiden_unsupervised/151508/baseline/runner.log,candidate_evidence,1400,bad4ee48073c9845e3529c2cfaf494f7c69609ef2540bde10d285ffc95969adc,study01_run
01,REPRO:01_clustering/outputs/final_rerun_20260718/methods/Leiden_unsupervised/151508/combined_mild_activation/clusters.csv,candidate_payload,92011,b619d7b8c6c0c661015b7730ce9254f8a971e88ee4d84a0ceef8f9d6608cd88b,study01_run
01,REPRO:01_clustering/outputs/final_rerun_20260718/methods/Leiden_unsupervised/151508/combined_mild_activation/metadata.json,candidate_evidence,1318,dc125984fe7386f81aacc946f5eeda637fc2c1e1181cce0553c600b00e3fc1b6,study01_run
01,REPRO:01_clustering/outputs/final_rerun_20260718/methods/Leiden_unsupervised/151508/combined_mild_activation/result.h5ad,candidate_payload,7682874,b1a630011054a3dbdf52f02ed1985c22001898509deaed856a80ebdcbcb6ee58,study01_run
01,REPRO:01_clustering/outputs/final_rerun_20260718/methods/Leiden_unsupervised/151508/combined_mild_activation/runner.log,candidate_evidence,1400,bad4ee48073c9845e3529c2cfaf494f7c69609ef2540bde10d285ffc95969adc,study01_run
01,REPRO:01_clustering/outputs/final_rerun_20260718/methods/Leiden_unsupervised/151508/combined_mild_dropout/clusters.csv,candidate_payload,92011,7593bb5f81b3bad778f8dbe8712422e96fb89147eccd4fce7912b7097e69eb12,study01_run
01,REPRO:01_clustering/outputs/final_rerun_20260718/methods/Leiden_unsupervised/151508/combined_mild_dropout/metadata.json,candidate_evidence,1314,9522bfd16a880e2df0bb5f176df39303d969727dab2f6f3d1b6ea121391f122d,study01_run
01,REPRO:01_clustering/outputs/final_rerun_20260718/methods/Leiden_unsupervised/151508/combined_mild_dropout/result.h5ad,candidate_payload,7001484,2753c769ba1a0f88b769177022f00e5fa08be70771ecd3b3a95843af84a78999,study01_run
01,REPRO:01_clustering/outputs/final_rerun_20260718/methods/Leiden_unsupervised/151508/combined_mild_dropout/runner.log,candidate_evidence,1400,bad4ee48073c9845e3529c2cfaf494f7c69609ef2540bde10d285ffc95969adc,study01_run
01,REPRO:01_clustering/outputs/final_rerun_20260718/methods/Leiden_unsupervised/151508/combined_noisy_tissue/clusters.csv,candidate_payload,92011,e76f77a609bdefa927d926a5808cf951fb2426e5d81f94c8bd1d01df8c8c8519,study01_run
01,REPRO:01_clustering/outputs/final_rerun_20260718/methods/Leiden_unsupervised/151508/combined_noisy_tissue/metadata.json,candidate_evidence,1314,bfd9b744b258a3833d65af07b76da1d952e1e0b28bf026ad8b0015de9cb6bcc3,study01_run
01,REPRO:01_clustering/outputs/final_rerun_20260718/methods/Leiden_unsupervised/151508/combined_noisy_tissue/result.h5ad,candidate_payload,7236237,2e01fc5ffb76dfc6c230058df7c92c6529aa748ea1cd8fcef6c1ba141004607f,study01_run
01,REPRO:01_clustering/outputs/final_rerun_20260718/methods/Leiden_unsupervised/151508/combined_noisy_tissue/runner.log,candidate_evidence,1400,bad4ee48073c9845e3529c2cfaf494f7c69609ef2540bde10d285ffc95969adc,study01_run
01,REPRO:01_clustering/outputs/final_rerun_20260718/methods/Leiden_unsupervised/151508/combined_strong_activation/clusters.csv,candidate_payload,92011,41d19035095772eb4e8c790375aead85cc3513636ad262a82d13aa39ec721fe4,study01_run
01,REPRO:01_clustering/outputs/final_rerun_20260718/methods/Leiden_unsupervised/151508/combined_strong_activation/metadata.json,candidate_evidence,1314,eabe5257bc8bda3e3990558ba5a03e08f73106934fb3c7032851f708ec8d7c94,study01_run
01,REPRO:01_clustering/outputs/final_rerun_20260718/methods/Leiden_unsupervised/151508/combined_strong_activation/result.h5ad,candidate_payload,8052654,28102e79f05d2e7fc142df28f4e1ee545f846d04ace15c8c16b7352cd01014c7,study01_run
01,REPRO:01_clustering/outputs/final_rerun_20260718/methods/Leiden_unsupervised/151508/combined_strong_activation/runner.log,candidate_evidence,1400,bad4ee48073c9845e3529c2cfaf494f7c69609ef2540bde10d285ffc95969adc,study01_run
01,REPRO:01_clustering/outputs/final_rerun_20260718/methods/Leiden_unsupervised/151508/combined_suppressed/clusters.csv,candidate_payload,92011,ed5c2061d2308c31cf5eb7ef4f1b4925734610a50f227cc01925bd305268c813,study01_run
01,REPRO:01_clustering/outputs/final_rerun_20260718/methods/Leiden_unsupervised/151508/combined_suppressed/metadata.json,candidate_evidence,1313,8e0a2e1dd02d3e09bb58e0e289ce8411a4e7c31daf2892e2ded3b727679fb4cc,study01_run
01,REPRO:01_clustering/outputs/final_rerun_20260718/methods/Leiden_unsupervised/151508/combined_suppressed/result.h5ad,candidate_payload,6508483,78dae7cac1fc729ba065ee1d5aff18bcae13d068ed1ba9c4eefcf1b3eb6f1949,study01_run
01,REPRO:01_clustering/outputs/final_rerun_20260718/methods/Leiden_unsupervised/151508/combined_suppressed/runner.log,candidate_evidence,1400,bad4ee48073c9845e3529c2cfaf494f7c69609ef2540bde10d285ffc95969adc,study01_run
01,REPRO:01_clustering/outputs/final_rerun_20260718/methods/Leiden_unsupervised/151508/mean_0_50/clusters.csv,candidate_payload,92011,6c176b5da479de66c41af3e80f60b6b0aa32983110bd1c5819be9c8c35a945eb,study01_run
01,REPRO:01_clustering/outputs/final_rerun_20260718/methods/Leiden_unsupervised/151508/mean_0_50/metadata.json,candidate_evidence,1314,8087d77b9ab025c18ac7f6380aba80c544f416f2f21c21f418caffe14c18c771,study01_run
01,REPRO:01_clustering/outputs/final_rerun_20260718/methods/Leiden_unsupervised/151508/mean_0_50/result.h5ad,candidate_payload,6810247,72016019615975dbab2c1f3e1523e73bccc2f9b24c4332204e9d409f522ea4df,study01_run
01,REPRO:01_clustering/outputs/final_rerun_20260718/methods/Leiden_unsupervised/151508/mean_0_50/runner.log,candidate_evidence,1400,bad4ee48073c9845e3529c2cfaf494f7c69609ef2540bde10d285ffc95969adc,study01_run
01,REPRO:01_clustering/outputs/final_rerun_20260718/methods/Leiden_unsupervised/151508/mean_0_67/clusters.csv,candidate_payload,92011,aa2be75e44a4070792a122e66cac5eac7850f32174162d08e30ccab1d9880bc1,study01_run
01,REPRO:01_clustering/outputs/final_rerun_20260718/methods/Leiden_unsupervised/151508/mean_0_67/metadata.json,candidate_evidence,1313,53d819affdec9a1fbc1a176c201e9e1c4bc51600e16e16dac86cef1173b28518,study01_run
01,REPRO:01_clustering/outputs/final_rerun_20260718/methods/Leiden_unsupervised/151508/mean_0_67/result.h5ad,candidate_payload,7060597,99d7a1860b7cc337ac087b3a0b129f5f867eaa2862da847cf4bf5805d462b250,study01_run
01,REPRO:01_clustering/outputs/final_rerun_20260718/methods/Leiden_unsupervised/151508/mean_0_67/runner.log,candidate_evidence,1400,bad4ee48073c9845e3529c2cfaf494f7c69609ef2540bde10d285ffc95969adc,study01_run
01,REPRO:01_clustering/outputs/final_rerun_20260718/methods/Leiden_unsupervised/151508/mean_0_80/clusters.csv,candidate_payload,92011,aa3d4bc3ec775b58517182f019067d5d2a8c684f701a128135e7d4b41e6e0da4,study01_run
01,REPRO:01_clustering/outputs/final_rerun_20260718/methods/Leiden_unsupervised/151508/mean_0_80/metadata.json,candidate_evidence,1314,6aa910c81eb66639641e4828dd0f93caf9b407e82a75869c97f4e9161679e540,study01_run
01,REPRO:01_clustering/outputs/final_rerun_20260718/methods/Leiden_unsupervised/151508/mean_0_80/result.h5ad,candidate_payload,7239786,060e4ef80330e0632ea40efe3ba9f0deebb8d9209ed73a16131ca972edeb30a4,study01_run
01,REPRO:01_clustering/outputs/final_rerun_20260718/methods/Leiden_unsupervised/151508/mean_0_80/runner.log,candidate_evidence,1400,bad4ee48073c9845e3529c2cfaf494f7c69609ef2540bde10d285ffc95969adc,study01_run
01,REPRO:01_clustering/outputs/final_rerun_20260718/methods/Leiden_unsupervised/151508/mean_1_25/clusters.csv,candidate_payload,92011,ca231371dc90d861b2d17c50b3333d6026c2929074cdf2b7183dcd62c0bb0e2f,study01_run
01,REPRO:01_clustering/outputs/final_rerun_20260718/methods/Leiden_unsupervised/151508/mean_1_25/metadata.json,candidate_evidence,1312,b60e3229e9c76300f0478de8dcfdc0f58b3790e2a42ae4784100bc1deb446f40,study01_run
01,REPRO:01_clustering/outputs/final_rerun_20260718/methods/Leiden_unsupervised/151508/mean_1_25/result.h5ad,candidate_payload,7592349,8ce59824b75341c28e72f93db6e2455a28c0ba600a0acd04c52089bcf7d3e7d6,study01_run
01,REPRO:01_clustering/outputs/final_rerun_20260718/methods/Leiden_unsupervised/151508/mean_1_25/runner.log,candidate_evidence,1400,bad4ee48073c9845e3529c2cfaf494f7c69609ef2540bde10d285ffc95969adc,study01_run
01,REPRO:01_clustering/outputs/final_rerun_20260718/methods/Leiden_unsupervised/151508/mean_1_50/clusters.csv,candidate_payload,92011,960a95019b576da332f25032bf2ffdc906f0aac75c80ee0782fc763da75305ab,study01_run
01,REPRO:01_clustering/outputs/final_rerun_20260718/methods/Leiden_unsupervised/151508/mean_1_50/metadata.json,candidate_evidence,1311,d1d1b5164e31d32f389c547a2c404415f9234756e865476f1d85c64e0df39667,study01_run
01,REPRO:01_clustering/outputs/final_rerun_20260718/methods/Leiden_unsupervised/151508/mean_1_50/result.h5ad,candidate_payload,7700121,d8689dc5504ee1c091924f3347d5578393d7ffdbc87c70461431b99045f9ac0d,study01_run
01,REPRO:01_clustering/outputs/final_rerun_20260718/methods/Leiden_unsupervised/151508/mean_1_50/runner.log,candidate_evidence,1400,bad4ee48073c9845e3529c2cfaf494f7c69609ef2540bde10d285ffc95969adc,study01_run
01,REPRO:01_clustering/outputs/final_rerun_20260718/methods/Leiden_unsupervised/151508/mean_2/clusters.csv,candidate_payload,92011,e8eac108ca4b8c4f6f1f61f8e04312f060e420b04a9f747771575748ee69b00c,study01_run
01,REPRO:01_clustering/outputs/final_rerun_20260718/methods/Leiden_unsupervised/151508/mean_2/metadata.json,candidate_evidence,1312,33f9cf8177c5526741b40ccbbd2e07243521f7b8836128213eb509e0099b4167,study01_run
01,REPRO:01_clustering/outputs/final_rerun_20260718/methods/Leiden_unsupervised/151508/mean_2/result.h5ad,candidate_payload,7918356,01b8c9dd3c10dbce1ca53d1bfe595895fc355e95f0e18e5c92c7c82354bb83ea,study01_run
01,REPRO:01_clustering/outputs/final_rerun_20260718/methods/Leiden_unsupervised/151508/mean_2/runner.log,candidate_evidence,1400,bad4ee48073c9845e3529c2cfaf494f7c69609ef2540bde10d285ffc95969adc,study01_run
01,REPRO:01_clustering/outputs/final_rerun_20260718/methods/Leiden_unsupervised/151508/real_baseline/clusters.csv,candidate_payload,92011,1c25cf72586c92e31d919d176dbac717a0b390d8848d7d0317f1e52f04f57bf7,study01_run
01,REPRO:01_clustering/outputs/final_rerun_20260718/methods/Leiden_unsupervised/151508/real_baseline/metadata.json,candidate_evidence,1312,35c4ed29ee904714ec59c014d90e766b87bde83a6441a8f4fd54084f86e08726,study01_run
01,REPRO:01_clustering/outputs/final_rerun_20260718/methods/Leiden_unsupervised/151508/real_baseline/result.h5ad,candidate_payload,7933322,7360a8f09c30e91d8cb144890f612c52c220f1a42543407171d2a9166123bff5,study01_run
01,REPRO:01_clustering/outputs/final_rerun_20260718/methods/Leiden_unsupervised/151508/real_baseline/runner.log,candidate_evidence,1400,bad4ee48073c9845e3529c2cfaf494f7c69609ef2540bde10d285ffc95969adc,study01_run
01,REPRO:01_clustering/outputs/final_rerun_20260718/methods/Leiden_unsupervised/151508/sparsity_neg_0_25/clusters.csv,candidate_payload,92011,f8b08dd0b1d8e11e8dfe44139effb77b03dd199af781786d8c0bc9834ea25573,study01_run
01,REPRO:01_clustering/outputs/final_rerun_20260718/methods/Leiden_unsupervised/151508/sparsity_neg_0_25/metadata.json,candidate_evidence,1316,a41162a1c4b61f6c566dbe99d5a51a7ea6f7f40f791e81ebb56582026581a95b,study01_run
01,REPRO:01_clustering/outputs/final_rerun_20260718/methods/Leiden_unsupervised/151508/sparsity_neg_0_25/result.h5ad,candidate_payload,7395721,9932ba7e87d3452934733f1b7e3d0014330c66f26366c036a428cf4b71570cf3,study01_run
01,REPRO:01_clustering/outputs/final_rerun_20260718/methods/Leiden_unsupervised/151508/sparsity_neg_0_25/runner.log,candidate_evidence,1400,bad4ee48073c9845e3529c2cfaf494f7c69609ef2540bde10d285ffc95969adc,study01_run
01,REPRO:01_clustering/outputs/final_rerun_20260718/methods/Leiden_unsupervised/151508/sparsity_neg_0_50/clusters.csv,candidate_payload,92011,ddcdaf77e2dcf7bf0b0bac667eaf8061a776d2414b43635192e223cd5ae4500d,study01_run
01,REPRO:01_clustering/outputs/final_rerun_20260718/methods/Leiden_unsupervised/151508/sparsity_neg_0_50/metadata.json,candidate_evidence,1314,15f6eb991270065a3706f119f7d5fb6422cfed0153a8ce3fc6fed421f88a0ceb,study01_run
01,REPRO:01_clustering/outputs/final_rerun_20260718/methods/Leiden_unsupervised/151508/sparsity_neg_0_50/result.h5ad,candidate_payload,7334915,8e3444ed6d3765536ce03da4493de1768d324a525a7d1fb672eb11da719149ad,study01_run
01,REPRO:01_clustering/outputs/final_rerun_20260718/methods/Leiden_unsupervised/151508/sparsity_neg_0_50/runner.log,candidate_evidence,1400,bad4ee48073c9845e3529c2cfaf494f7c69609ef2540bde10d285ffc95969adc,study01_run
01,REPRO:01_clustering/outputs/final_rerun_20260718/methods/Leiden_unsupervised/151508/sparsity_neg_1/clusters.csv,candidate_payload,92065,e0d7bb42b0280e481a31420ad834e33e142668ea36b7585abda208efab164518,study01_run
01,REPRO:01_clustering/outputs/final_rerun_20260718/methods/Leiden_unsupervised/151508/sparsity_neg_1/metadata.json,candidate_evidence,1316,e88e2f9d27c3675bdb026753345de6a17471adaa7e6740eab9db2faf1c14854c,study01_run
01,REPRO:01_clustering/outputs/final_rerun_20260718/methods/Leiden_unsupervised/151508/sparsity_neg_1/result.h5ad,candidate_payload,7272015,fa2f531939c0ec0d35c7424273ef10277bdd31705f4c0ebf592a35c259e075a0,study01_run
01,REPRO:01_clustering/outputs/final_rerun_20260718/methods/Leiden_unsupervised/151508/sparsity_neg_1/runner.log,candidate_evidence,1400,bad4ee48073c9845e3529c2cfaf494f7c69609ef2540bde10d285ffc95969adc,study01_run
01,REPRO:01_clustering/outputs/final_rerun_20260718/methods/Leiden_unsupervised/151508/sparsity_pos_0_25/clusters.csv,candidate_payload,92011,b9475ba3c7e93474def20719e6da2e3a115a2a13fca108469b1d67a9604bcc90,study01_run
01,REPRO:01_clustering/outputs/final_rerun_20260718/methods/Leiden_unsupervised/151508/sparsity_pos_0_25/metadata.json,candidate_evidence,1314,469ae558c7796a73471f6a537820b6cdebc3cd6aeef568bc711faf85f2daf01c,study01_run
01,REPRO:01_clustering/outputs/final_rerun_20260718/methods/Leiden_unsupervised/151508/sparsity_pos_0_25/result.h5ad,candidate_payload,7242188,fd3115402a65c6680cedaf198940c359122ad3010826870bcb1a718e8b8c00b3,study01_run
01,REPRO:01_clustering/outputs/final_rerun_20260718/methods/Leiden_unsupervised/151508/sparsity_pos_0_25/runner.log,candidate_evidence,1400,bad4ee48073c9845e3529c2cfaf494f7c69609ef2540bde10d285ffc95969adc,study01_run
01,REPRO:01_clustering/outputs/final_rerun_20260718/methods/Leiden_unsupervised/151508/sparsity_pos_0_50/clusters.csv,candidate_payload,92011,d9fe209f637109fc3268eb3719adde6cee8dd24030ddd904e346c59ba1cf633e,study01_run
01,REPRO:01_clustering/outputs/final_rerun_20260718/methods/Leiden_unsupervised/151508/sparsity_pos_0_50/metadata.json,candidate_evidence,1309,ef008a73441e72a8379a29d7850859f778416a1a15e68f64b8bf840b041cfd65,study01_run
01,REPRO:01_clustering/outputs/final_rerun_20260718/methods/Leiden_unsupervised/151508/sparsity_pos_0_50/result.h5ad,candidate_payload,7018979,66c715fcc79f9d748bdef45fb32a4bcf5026e28207fe1997297acc2ccbed38fe,study01_run
01,REPRO:01_clustering/outputs/final_rerun_20260718/methods/Leiden_unsupervised/151508/sparsity_pos_0_50/runner.log,candidate_evidence,1400,bad4ee48073c9845e3529c2cfaf494f7c69609ef2540bde10d285ffc95969adc,study01_run
01,REPRO:01_clustering/outputs/final_rerun_20260718/methods/Leiden_unsupervised/151508/sparsity_pos_1/clusters.csv,candidate_payload,92011,676e0350b0d091b289af5417e0bbe9c4be5eafd1de73bef83ff55068cd852640,study01_run
01,REPRO:01_clustering/outputs/final_rerun_20260718/methods/Leiden_unsupervised/151508/sparsity_pos_1/metadata.json,candidate_evidence,1315,f9527049349203956174521e86c32a77797b7f1be5cd7af03319ace5c170f2ce,study01_run
01,REPRO:01_clustering/outputs/final_rerun_20260718/methods/Leiden_unsupervised/151508/sparsity_pos_1/result.h5ad,candidate_payload,6579209,5a145898c04aeadcb63951a83141905261974252e4ddc9d875eed11ec471f31a,study01_run
01,REPRO:01_clustering/outputs/final_rerun_20260718/methods/Leiden_unsupervised/151508/sparsity_pos_1/runner.log,candidate_evidence,1400,bad4ee48073c9845e3529c2cfaf494f7c69609ef2540bde10d285ffc95969adc,study01_run
01,REPRO:01_clustering/outputs/final_rerun_20260718/methods/Leiden_unsupervised/151508/var_hetero_0_75/clusters.csv,candidate_payload,92011,d5aabc1874c4d24a7681a5365dc911abf79ffb27ad5712eff56ad71147c84533,study01_run
01,REPRO:01_clustering/outputs/final_rerun_20260718/methods/Leiden_unsupervised/151508/var_hetero_0_75/metadata.json,candidate_evidence,1316,28e4b1f7e697f9b24d0a45feed8ea23bcb4c7d2b648fcfab7266d3637f911100,study01_run
01,REPRO:01_clustering/outputs/final_rerun_20260718/methods/Leiden_unsupervised/151508/var_hetero_0_75/result.h5ad,candidate_payload,7513416,065fe054aaffbee79732908b349342d2513bbd3a993dea6a8b1af2ed53b9c7e5,study01_run
01,REPRO:01_clustering/outputs/final_rerun_20260718/methods/Leiden_unsupervised/151508/var_hetero_0_75/runner.log,candidate_evidence,1400,bad4ee48073c9845e3529c2cfaf494f7c69609ef2540bde10d285ffc95969adc,study01_run
01,REPRO:01_clustering/outputs/final_rerun_20260718/methods/Leiden_unsupervised/151508/var_hetero_1_25/clusters.csv,candidate_payload,92011,7996faaaa9b15cabf4107fa916a2d1dd6870f29c5ae6f4fd35c32e0f6e03303e,study01_run
01,REPRO:01_clustering/outputs/final_rerun_20260718/methods/Leiden_unsupervised/151508/var_hetero_1_25/metadata.json,candidate_evidence,1315,48d5f97e0b6ca3a79e020b20aa26003de5b632549fd96c6f238bf54d9f784d20,study01_run
01,REPRO:01_clustering/outputs/final_rerun_20260718/methods/Leiden_unsupervised/151508/var_hetero_1_25/result.h5ad,candidate_payload,7479345,dbe49abc01fa470ecf37d37db164c333f2385ad35096fc4451808bfbaa3b033d,study01_run
01,REPRO:01_clustering/outputs/final_rerun_20260718/methods/Leiden_unsupervised/151508/var_hetero_1_25/runner.log,candidate_evidence,1400,bad4ee48073c9845e3529c2cfaf494f7c69609ef2540bde10d285ffc95969adc,study01_run
01,REPRO:01_clustering/outputs/final_rerun_20260718/methods/Leiden_unsupervised/151508/var_hetero_1_50/clusters.csv,candidate_payload,92011,60fed9251ea2a35e532f4f37e0eee76c8a06734e4c8d035908c12902d5257369,study01_run
01,REPRO:01_clustering/outputs/final_rerun_20260718/methods/Leiden_unsupervised/151508/var_hetero_1_50/metadata.json,candidate_evidence,1316,f6f4c52f5afae9e5da835bdb10e8553c4ac0c3b55e4315be48a006d20846839d,study01_run
01,REPRO:01_clustering/outputs/final_rerun_20260718/methods/Leiden_unsupervised/151508/var_hetero_1_50/result.h5ad,candidate_payload,7468321,c7f016f4fef0831d130af32cdf8655f9f5c38b0414a63611b630a57b22ccd571,study01_run
01,REPRO:01_clustering/outputs/final_rerun_20260718/methods/Leiden_unsupervised/151508/var_hetero_1_50/runner.log,candidate_evidence,1400,bad4ee48073c9845e3529c2cfaf494f7c69609ef2540bde10d285ffc95969adc,study01_run
01,REPRO:01_clustering/outputs/final_rerun_20260718/methods/Leiden_unsupervised/151508/variance_0_50/clusters.csv,candidate_payload,92011,4335a060976b114e405f3f5006dae12bb28c0e9aad50bd70a2629bc0fec75bfc,study01_run
01,REPRO:01_clustering/outputs/final_rerun_20260718/methods/Leiden_unsupervised/151508/variance_0_50/metadata.json,candidate_evidence,1315,5f9f941249f47b4dfce50a880bb94f348f1f7c35178d5d2434aec615b46f4e2f,study01_run
01,REPRO:01_clustering/outputs/final_rerun_20260718/methods/Leiden_unsupervised/151508/variance_0_50/result.h5ad,candidate_payload,7512657,381f36b63e74ee6c919c821b2b0c2e76736f140a8b00fed8a87ff18a1d2e4228,study01_run
01,REPRO:01_clustering/outputs/final_rerun_20260718/methods/Leiden_unsupervised/151508/variance_0_50/runner.log,candidate_evidence,1400,bad4ee48073c9845e3529c2cfaf494f7c69609ef2540bde10d285ffc95969adc,study01_run
01,REPRO:01_clustering/outputs/final_rerun_20260718/methods/Leiden_unsupervised/151508/variance_0_67/clusters.csv,candidate_payload,92011,1285258cffb169d7571103b0cf7dd6fb517951f82695dfad7d67650fc5bbbf1f,study01_run
01,REPRO:01_clustering/outputs/final_rerun_20260718/methods/Leiden_unsupervised/151508/variance_0_67/metadata.json,candidate_evidence,1314,8da99f495be960817a054feb95115bed4391722f06c45978c845d079ce682d42,study01_run
01,REPRO:01_clustering/outputs/final_rerun_20260718/methods/Leiden_unsupervised/151508/variance_0_67/result.h5ad,candidate_payload,7516663,e7e436521919d9744423efcece28240fe17baeb9c5cc9b97cdff7e4630404341,study01_run
01,REPRO:01_clustering/outputs/final_rerun_20260718/methods/Leiden_unsupervised/151508/variance_0_67/runner.log,candidate_evidence,1400,bad4ee48073c9845e3529c2cfaf494f7c69609ef2540bde10d285ffc95969adc,study01_run
01,REPRO:01_clustering/outputs/final_rerun_20260718/methods/Leiden_unsupervised/151508/variance_0_80/clusters.csv,candidate_payload,92011,37b2f981b104cb73d1988df140a9ad6882224ac87814bb1fcb265c4b90382665,study01_run
01,REPRO:01_clustering/outputs/final_rerun_20260718/methods/Leiden_unsupervised/151508/variance_0_80/metadata.json,candidate_evidence,1315,f7650504bdf21a1ae1d7b1509bb266a8b5f1d4d3b3cd70d024919147f0b8a8aa,study01_run
01,REPRO:01_clustering/outputs/final_rerun_20260718/methods/Leiden_unsupervised/151508/variance_0_80/result.h5ad,candidate_payload,7509335,eae6db40d1b12b813af9ed0db763aeb2952962c07eadf687b8776d8d47f85549,study01_run
01,REPRO:01_clustering/outputs/final_rerun_20260718/methods/Leiden_unsupervised/151508/variance_0_80/runner.log,candidate_evidence,1400,bad4ee48073c9845e3529c2cfaf494f7c69609ef2540bde10d285ffc95969adc,study01_run
01,REPRO:01_clustering/outputs/final_rerun_20260718/methods/Leiden_unsupervised/151508/variance_1_25/clusters.csv,candidate_payload,92011,fcca675afa97bac87787790711673b1cbbd9cea04ba9d1ea10c4da8480f0d7b4,study01_run
01,REPRO:01_clustering/outputs/final_rerun_20260718/methods/Leiden_unsupervised/151508/variance_1_25/metadata.json,candidate_evidence,1313,141b31ca681c2d771fc47f4bfb4524b168847c767b5f6af1afecc79c5b1c9377,study01_run
01,REPRO:01_clustering/outputs/final_rerun_20260718/methods/Leiden_unsupervised/151508/variance_1_25/result.h5ad,candidate_payload,7490378,8abdf42d08a07f4d5a27c8115f7234200046925ddb5112a64c7d4cc4a69ca852,study01_run
01,REPRO:01_clustering/outputs/final_rerun_20260718/methods/Leiden_unsupervised/151508/variance_1_25/runner.log,candidate_evidence,1400,bad4ee48073c9845e3529c2cfaf494f7c69609ef2540bde10d285ffc95969adc,study01_run
01,REPRO:01_clustering/outputs/final_rerun_20260718/methods/Leiden_unsupervised/151508/variance_1_50/clusters.csv,candidate_payload,92011,ac40138a9b396cb93fe2347c478bd1b2943e6071ac5a6cd72412ee962bb5f73b,study01_run
01,REPRO:01_clustering/outputs/final_rerun_20260718/methods/Leiden_unsupervised/151508/variance_1_50/metadata.json,candidate_evidence,1314,02a873aba9f7f4e757bb449e7f5019f75c963cdeed8001865535f574b7ec1134,study01_run
01,REPRO:01_clustering/outputs/final_rerun_20260718/methods/Leiden_unsupervised/151508/variance_1_50/result.h5ad,candidate_payload,7491417,14c632b502aebed19c00c884e33ef26cb3ea8d77407ee9abe9c367840bd2df6b,study01_run
01,REPRO:01_clustering/outputs/final_rerun_20260718/methods/Leiden_unsupervised/151508/variance_1_50/runner.log,candidate_evidence,1400,bad4ee48073c9845e3529c2cfaf494f7c69609ef2540bde10d285ffc95969adc,study01_run
01,REPRO:01_clustering/outputs/final_rerun_20260718/methods/Leiden_unsupervised/151508/variance_2/clusters.csv,candidate_payload,92011,940fea02f37628c65e5b342ecd628134c0796cef0f019db1756d1d824343fcb6,study01_run
01,REPRO:01_clustering/outputs/final_rerun_20260718/methods/Leiden_unsupervised/151508/variance_2/metadata.json,candidate_evidence,1315,b0602e7d07638a0936296cc4a150efe6920514299b11caa5a8da3dba6a98c8e1,study01_run
01,REPRO:01_clustering/outputs/final_rerun_20260718/methods/Leiden_unsupervised/151508/variance_2/result.h5ad,candidate_payload,7478613,f6d3362079b11b795a0f7629725eb878b55b8a8c13fea72fd82d30e5c609eb1b,study01_run
01,REPRO:01_clustering/outputs/final_rerun_20260718/methods/Leiden_unsupervised/151508/variance_2/runner.log,candidate_evidence,1400,bad4ee48073c9845e3529c2cfaf494f7c69609ef2540bde10d285ffc95969adc,study01_run
01,REPRO:01_clustering/outputs/final_rerun_20260718/methods/Leiden_unsupervised/151670/baseline/clusters.csv,candidate_payload,73111,c9d4f1e56e6b93c3b7ba41dc96014c7d89dcf52f54f86efda48b50d4319e5642,study01_run
01,REPRO:01_clustering/outputs/final_rerun_20260718/methods/Leiden_unsupervised/151670/baseline/metadata.json,candidate_evidence,1299,09f2b3fe7f8229edde27cf9d9b39714bc65d90ac1db990d10c59f77c9201f950,study01_run
01,REPRO:01_clustering/outputs/final_rerun_20260718/methods/Leiden_unsupervised/151670/baseline/result.h5ad,candidate_payload,7086151,11bd7437452ecae8a9330647369e907ac134316a176a671402616f0edc116f5b,study01_run
01,REPRO:01_clustering/outputs/final_rerun_20260718/methods/Leiden_unsupervised/151670/baseline/runner.log,candidate_evidence,1400,bad4ee48073c9845e3529c2cfaf494f7c69609ef2540bde10d285ffc95969adc,study01_run
01,REPRO:01_clustering/outputs/final_rerun_20260718/methods/Leiden_unsupervised/151670/combined_mild_activation/clusters.csv,candidate_payload,73111,9554db67da513b71a32f13c8dfab2b5350935cf7fba35706e0b170a43b3daaa6,study01_run
01,REPRO:01_clustering/outputs/final_rerun_20260718/methods/Leiden_unsupervised/151670/combined_mild_activation/metadata.json,candidate_evidence,1313,6aaea7015bc0f2c6251dc2c2490d1d7ae4271688181539dfecbe3b97a7312d9c,study01_run
01,REPRO:01_clustering/outputs/final_rerun_20260718/methods/Leiden_unsupervised/151670/combined_mild_activation/result.h5ad,candidate_payload,7287400,752e8f38a020bea2a82064bbf8634970c97375d9bdc3cd951f2526da676e9daf,study01_run
01,REPRO:01_clustering/outputs/final_rerun_20260718/methods/Leiden_unsupervised/151670/combined_mild_activation/runner.log,candidate_evidence,1400,bad4ee48073c9845e3529c2cfaf494f7c69609ef2540bde10d285ffc95969adc,study01_run
01,REPRO:01_clustering/outputs/final_rerun_20260718/methods/Leiden_unsupervised/151670/combined_mild_dropout/clusters.csv,candidate_payload,73111,cfd08e37ae0872f507c34e05405392500dc0d0dd6ad33ea931e13534da1f3814,study01_run
01,REPRO:01_clustering/outputs/final_rerun_20260718/methods/Leiden_unsupervised/151670/combined_mild_dropout/metadata.json,candidate_evidence,1314,a2d4646fd7c392e86f871885ba3f0313979d77daf7569067b7fb4ed5652dc8d4,study01_run
01,REPRO:01_clustering/outputs/final_rerun_20260718/methods/Leiden_unsupervised/151670/combined_mild_dropout/result.h5ad,candidate_payload,6679041,eb78fd17367b09bc960343fd6fdb8ec3398fabced88d20f6ca165effdc2ac879,study01_run
01,REPRO:01_clustering/outputs/final_rerun_20260718/methods/Leiden_unsupervised/151670/combined_mild_dropout/runner.log,candidate_evidence,1400,bad4ee48073c9845e3529c2cfaf494f7c69609ef2540bde10d285ffc95969adc,study01_run
01,REPRO:01_clustering/outputs/final_rerun_20260718/methods/Leiden_unsupervised/151670/combined_noisy_tissue/clusters.csv,candidate_payload,73111,52e3aebc5edc49ba39f1734efac6b876e197266ee3468deaa2ecbc66c550aee8,study01_run
01,REPRO:01_clustering/outputs/final_rerun_20260718/methods/Leiden_unsupervised/151670/combined_noisy_tissue/metadata.json,candidate_evidence,1312,2abba424d269ff73c6efba1d39cc18cdaabd459360c409a73c1b5f9df873b22f,study01_run
01,REPRO:01_clustering/outputs/final_rerun_20260718/methods/Leiden_unsupervised/151670/combined_noisy_tissue/result.h5ad,candidate_payload,6844191,2548b967be6cf402bb385dc85540d218ed9212514327fb387d523a557a5d4d75,study01_run
01,REPRO:01_clustering/outputs/final_rerun_20260718/methods/Leiden_unsupervised/151670/combined_noisy_tissue/runner.log,candidate_evidence,1400,bad4ee48073c9845e3529c2cfaf494f7c69609ef2540bde10d285ffc95969adc,study01_run
01,REPRO:01_clustering/outputs/final_rerun_20260718/methods/Leiden_unsupervised/151670/combined_strong_activation/clusters.csv,candidate_payload,73111,aa657eb4a5e41a5dce9695815058b36229606c8ce9cfffed28a6147b20188e48,study01_run
01,REPRO:01_clustering/outputs/final_rerun_20260718/methods/Leiden_unsupervised/151670/combined_strong_activation/metadata.json,candidate_evidence,1314,f87d772009324cb53b357469b2ec7f0ea00c6f31e2ac693eed8fbbe672d4bc52,study01_run
01,REPRO:01_clustering/outputs/final_rerun_20260718/methods/Leiden_unsupervised/151670/combined_strong_activation/result.h5ad,candidate_payload,7676262,adfa105974de373e2d163a4657744ec46d05e50b53aa7dd0aa59e1f33fe24458,study01_run
01,REPRO:01_clustering/outputs/final_rerun_20260718/methods/Leiden_unsupervised/151670/combined_strong_activation/runner.log,candidate_evidence,1400,bad4ee48073c9845e3529c2cfaf494f7c69609ef2540bde10d285ffc95969adc,study01_run
01,REPRO:01_clustering/outputs/final_rerun_20260718/methods/Leiden_unsupervised/151670/combined_suppressed/clusters.csv,candidate_payload,73111,d539801b6d93deeaaa547991aef9b0f7af334679bd0e065593d240dfde828527,study01_run
01,REPRO:01_clustering/outputs/final_rerun_20260718/methods/Leiden_unsupervised/151670/combined_suppressed/metadata.json,candidate_evidence,1315,cb5c8705a27fb89fe5800df15f0e84821615dbd6b2cb76b5a142f5b12ed7566e,study01_run
01,REPRO:01_clustering/outputs/final_rerun_20260718/methods/Leiden_unsupervised/151670/combined_suppressed/result.h5ad,candidate_payload,6154522,3cdeacc663478bd54424df0e37e57aaf692cdf063979557696aa92413031e08a,study01_run
01,REPRO:01_clustering/outputs/final_rerun_20260718/methods/Leiden_unsupervised/151670/combined_suppressed/runner.log,candidate_evidence,1400,bad4ee48073c9845e3529c2cfaf494f7c69609ef2540bde10d285ffc95969adc,study01_run
01,REPRO:01_clustering/outputs/final_rerun_20260718/methods/Leiden_unsupervised/151670/mean_0_50/clusters.csv,candidate_payload,73111,39014cae4e08ebf4ccd7c88e83bd259383c72cb2ce059e2d551e17e21ae9bdd1,study01_run
01,REPRO:01_clustering/outputs/final_rerun_20260718/methods/Leiden_unsupervised/151670/mean_0_50/metadata.json,candidate_evidence,1314,5598521ca681b10d89926f83f686c59fc65122ea9185070039547aebe9b38589,study01_run
01,REPRO:01_clustering/outputs/final_rerun_20260718/methods/Leiden_unsupervised/151670/mean_0_50/result.h5ad,candidate_payload,6379747,77b26e44e915f35fdb831cdaf6114c1cec04b0efd4285b27406575a871eac07a,study01_run
01,REPRO:01_clustering/outputs/final_rerun_20260718/methods/Leiden_unsupervised/151670/mean_0_50/runner.log,candidate_evidence,1400,bad4ee48073c9845e3529c2cfaf494f7c69609ef2540bde10d285ffc95969adc,study01_run
01,REPRO:01_clustering/outputs/final_rerun_20260718/methods/Leiden_unsupervised/151670/mean_0_67/clusters.csv,candidate_payload,73111,2cc4f38ac0ae7ba34b647a7e73dd191d36333e6f558b78cbd21f19931c5cdca3,study01_run
01,REPRO:01_clustering/outputs/final_rerun_20260718/methods/Leiden_unsupervised/151670/mean_0_67/metadata.json,candidate_evidence,1315,54cfa039d8e76ce88e0b6296eb4dce2bee589884044a00651cff688be7678096,study01_run
01,REPRO:01_clustering/outputs/final_rerun_20260718/methods/Leiden_unsupervised/151670/mean_0_67/result.h5ad,candidate_payload,6642696,616877adccee56a6eeb841af01352f84440c7b00f10e53e162ed6474c75fb2fd,study01_run
01,REPRO:01_clustering/outputs/final_rerun_20260718/methods/Leiden_unsupervised/151670/mean_0_67/runner.log,candidate_evidence,1400,bad4ee48073c9845e3529c2cfaf494f7c69609ef2540bde10d285ffc95969adc,study01_run
01,REPRO:01_clustering/outputs/final_rerun_20260718/methods/Leiden_unsupervised/151670/mean_0_80/clusters.csv,candidate_payload,73111,122ecfbaff3b18176e5503836694ecefab9e7483f9b68162fb50f7b4a3b8882b,study01_run
01,REPRO:01_clustering/outputs/final_rerun_20260718/methods/Leiden_unsupervised/151670/mean_0_80/metadata.json,candidate_evidence,1314,598bb24e57ff691798769f98e02d91517aa9b0203caec427b6986d3c5dfdaa3d,study01_run
01,REPRO:01_clustering/outputs/final_rerun_20260718/methods/Leiden_unsupervised/151670/mean_0_80/result.h5ad,candidate_payload,6843133,2bc03e6f277d05590968dbff7de514c806f0bfc1819f26396c010539366c8c4e,study01_run
01,REPRO:01_clustering/outputs/final_rerun_20260718/methods/Leiden_unsupervised/151670/mean_0_80/runner.log,candidate_evidence,1400,bad4ee48073c9845e3529c2cfaf494f7c69609ef2540bde10d285ffc95969adc,study01_run
01,REPRO:01_clustering/outputs/final_rerun_20260718/methods/Leiden_unsupervised/151670/mean_1_25/clusters.csv,candidate_payload,73111,8bdf23b48ce4bb73bd4843e008584c7c4b1c8121ec14093106cab73a71d4eca9,study01_run
01,REPRO:01_clustering/outputs/final_rerun_20260718/methods/Leiden_unsupervised/151670/mean_1_25/metadata.json,candidate_evidence,1315,10bdc43eb1a6ffd78a2138275af590e206fa0e733f78789fc311936420c51cec,study01_run
01,REPRO:01_clustering/outputs/final_rerun_20260718/methods/Leiden_unsupervised/151670/mean_1_25/result.h5ad,candidate_payload,7220591,f07ed8ef24866fd0cc1e16fc1f2bef6b7b1cd8502c78225d61f1ec8b9e31785e,study01_run
01,REPRO:01_clustering/outputs/final_rerun_20260718/methods/Leiden_unsupervised/151670/mean_1_25/runner.log,candidate_evidence,1400,bad4ee48073c9845e3529c2cfaf494f7c69609ef2540bde10d285ffc95969adc,study01_run
01,REPRO:01_clustering/outputs/final_rerun_20260718/methods/Leiden_unsupervised/151670/mean_1_50/clusters.csv,candidate_payload,73111,e99ad4e60453731288e0cdadcefb58cbc9afb0141277acf30950227564a357f3,study01_run
01,REPRO:01_clustering/outputs/final_rerun_20260718/methods/Leiden_unsupervised/151670/mean_1_50/metadata.json,candidate_evidence,1317,3165c0fc1bb424a0ba8435b811b772abb6c5c448accefbdf06e1bfc91b0fea93,study01_run
01,REPRO:01_clustering/outputs/final_rerun_20260718/methods/Leiden_unsupervised/151670/mean_1_50/result.h5ad,candidate_payload,7333332,cdb9146226290ebbfb891bab69b9799f0e7ca74d79fdc803b3843d5da1fd1ef9,study01_run
01,REPRO:01_clustering/outputs/final_rerun_20260718/methods/Leiden_unsupervised/151670/mean_1_50/runner.log,candidate_evidence,1400,bad4ee48073c9845e3529c2cfaf494f7c69609ef2540bde10d285ffc95969adc,study01_run
01,REPRO:01_clustering/outputs/final_rerun_20260718/methods/Leiden_unsupervised/151670/mean_2/clusters.csv,candidate_payload,73111,2331804593cd3b0e267fa6cbf80b999712b5558a2c55bfaaf4d1d332676c65e5,study01_run
01,REPRO:01_clustering/outputs/final_rerun_20260718/methods/Leiden_unsupervised/151670/mean_2/metadata.json,candidate_evidence,1314,67860092d39e7165b4e95fd2fc22d4d0f3f77341bd5aa3d30f7aff2f862e7bfa,study01_run
01,REPRO:01_clustering/outputs/final_rerun_20260718/methods/Leiden_unsupervised/151670/mean_2/result.h5ad,candidate_payload,7550501,5e0cfd3b3154fd0dba1a2495136d3218982210cb6e8065d7e836f1af8e113473,study01_run
01,REPRO:01_clustering/outputs/final_rerun_20260718/methods/Leiden_unsupervised/151670/mean_2/runner.log,candidate_evidence,1400,bad4ee48073c9845e3529c2cfaf494f7c69609ef2540bde10d285ffc95969adc,study01_run
01,REPRO:01_clustering/outputs/final_rerun_20260718/methods/Leiden_unsupervised/151670/real_baseline/clusters.csv,candidate_payload,73111,26d083ae875ccfba15d6f8fe0fe3ba896a6fab0876996d0626c54f093da5cf4d,study01_run
01,REPRO:01_clustering/outputs/final_rerun_20260718/methods/Leiden_unsupervised/151670/real_baseline/metadata.json,candidate_evidence,1314,5e2448481c4cb3c3deb88f2f7ef18072c8031402a49c1dc10240c47c6b37fd96,study01_run
01,REPRO:01_clustering/outputs/final_rerun_20260718/methods/Leiden_unsupervised/151670/real_baseline/result.h5ad,candidate_payload,7805846,2d3b747e2b4c3bd8f01d9c93ca2973114e32d6e0edc4fe8e1c6a42a98efad983,study01_run
01,REPRO:01_clustering/outputs/final_rerun_20260718/methods/Leiden_unsupervised/151670/real_baseline/runner.log,candidate_evidence,1400,bad4ee48073c9845e3529c2cfaf494f7c69609ef2540bde10d285ffc95969adc,study01_run
01,REPRO:01_clustering/outputs/final_rerun_20260718/methods/Leiden_unsupervised/151670/sparsity_neg_0_25/clusters.csv,candidate_payload,73111,cb5b2e067d4867e696920929ea0f1f4e9cebc915046b35ef68035a61969236a8,study01_run
01,REPRO:01_clustering/outputs/final_rerun_20260718/methods/Leiden_unsupervised/151670/sparsity_neg_0_25/metadata.json,candidate_evidence,1311,61fbc32a0000e9adbfe8cc345329c76c7e8552cf7d1997f44800f610c13c364c,study01_run
01,REPRO:01_clustering/outputs/final_rerun_20260718/methods/Leiden_unsupervised/151670/sparsity_neg_0_25/result.h5ad,candidate_payload,7014982,031ed3ac6ee859823dbd70ba01cc8b2a5a532f1b1b86f08ff5d2033e2627776f,study01_run
01,REPRO:01_clustering/outputs/final_rerun_20260718/methods/Leiden_unsupervised/151670/sparsity_neg_0_25/runner.log,candidate_evidence,1400,bad4ee48073c9845e3529c2cfaf494f7c69609ef2540bde10d285ffc95969adc,study01_run
01,REPRO:01_clustering/outputs/final_rerun_20260718/methods/Leiden_unsupervised/151670/sparsity_neg_0_50/clusters.csv,candidate_payload,73111,8b15a5de945c5514a35fcc51b41fc2acc33d8280c082032cf8adae15d8528e8f,study01_run
01,REPRO:01_clustering/outputs/final_rerun_20260718/methods/Leiden_unsupervised/151670/sparsity_neg_0_50/metadata.json,candidate_evidence,1314,8a9ddaa7259431da1fcbfd2b7a55060530775c3dcb5fc2fabc1db18b03a439b1,study01_run
01,REPRO:01_clustering/outputs/final_rerun_20260718/methods/Leiden_unsupervised/151670/sparsity_neg_0_50/result.h5ad,candidate_payload,6938324,629b07bfe406f0c23f842a595b172c32da882ae279782cd0ae65cc65a1dd02a7,study01_run
01,REPRO:01_clustering/outputs/final_rerun_20260718/methods/Leiden_unsupervised/151670/sparsity_neg_0_50/runner.log,candidate_evidence,1400,bad4ee48073c9845e3529c2cfaf494f7c69609ef2540bde10d285ffc95969adc,study01_run
01,REPRO:01_clustering/outputs/final_rerun_20260718/methods/Leiden_unsupervised/151670/sparsity_neg_1/clusters.csv,candidate_payload,73111,adb9492825ab6ce71d071ced5350f3d2f252613a6922b4418ad72932b4e9849e,study01_run
01,REPRO:01_clustering/outputs/final_rerun_20260718/methods/Leiden_unsupervised/151670/sparsity_neg_1/metadata.json,candidate_evidence,1316,8a313edb495543a44bc118bbdf103dc3d11245c49383ee7558c91f9fbb1895b0,study01_run
01,REPRO:01_clustering/outputs/final_rerun_20260718/methods/Leiden_unsupervised/151670/sparsity_neg_1/result.h5ad,candidate_payload,6819573,a2b9b78ab8a547923236f79011a4ddbd6ea841006a3dd40371ef5068fa6d9250,study01_run
01,REPRO:01_clustering/outputs/final_rerun_20260718/methods/Leiden_unsupervised/151670/sparsity_neg_1/runner.log,candidate_evidence,1400,bad4ee48073c9845e3529c2cfaf494f7c69609ef2540bde10d285ffc95969adc,study01_run
01,REPRO:01_clustering/outputs/final_rerun_20260718/methods/Leiden_unsupervised/151670/sparsity_pos_0_25/clusters.csv,candidate_payload,73111,c42e6021bfcd89354d08212d39b6ee6466731d010ca1feb857e5f51ebdd4d8cc,study01_run
01,REPRO:01_clustering/outputs/final_rerun_20260718/methods/Leiden_unsupervised/151670/sparsity_pos_0_25/metadata.json,candidate_evidence,1314,00a09d463c707ee194dd80c0e7a772bf8441e3c32bd7c118263815cf4497dd04,study01_run
01,REPRO:01_clustering/outputs/final_rerun_20260718/methods/Leiden_unsupervised/151670/sparsity_pos_0_25/result.h5ad,candidate_payload,6853120,56312f65a63b6818134049a381a4c30e07633ac6754e1007e160c63144674dcd,study01_run
01,REPRO:01_clustering/outputs/final_rerun_20260718/methods/Leiden_unsupervised/151670/sparsity_pos_0_25/runner.log,candidate_evidence,1400,bad4ee48073c9845e3529c2cfaf494f7c69609ef2540bde10d285ffc95969adc,study01_run
01,REPRO:01_clustering/outputs/final_rerun_20260718/methods/Leiden_unsupervised/151670/sparsity_pos_0_50/clusters.csv,candidate_payload,73111,fd7d17989e51f40113286670e527b52c314ac3567fe258949ffd625b7e805a1a,study01_run
01,REPRO:01_clustering/outputs/final_rerun_20260718/methods/Leiden_unsupervised/151670/sparsity_pos_0_50/metadata.json,candidate_evidence,1314,811e36a235b06491b52323edfd0bd28c8420b733873fa9e204330861924a8c76,study01_run
01,REPRO:01_clustering/outputs/final_rerun_20260718/methods/Leiden_unsupervised/151670/sparsity_pos_0_50/result.h5ad,candidate_payload,6676979,2333d626568ba1e1bd6197e89d2b7b5d075cd732817e3bf696f3637295354be2,study01_run
01,REPRO:01_clustering/outputs/final_rerun_20260718/methods/Leiden_unsupervised/151670/sparsity_pos_0_50/runner.log,candidate_evidence,1400,bad4ee48073c9845e3529c2cfaf494f7c69609ef2540bde10d285ffc95969adc,study01_run
01,REPRO:01_clustering/outputs/final_rerun_20260718/methods/Leiden_unsupervised/151670/sparsity_pos_1/clusters.csv,candidate_payload,73111,173db58771c57f148ac19cd70200073329d0299ac2dd8e0773be941b0cb1fc23,study01_run
01,REPRO:01_clustering/outputs/final_rerun_20260718/methods/Leiden_unsupervised/151670/sparsity_pos_1/metadata.json,candidate_evidence,1314,4e0342131c6c492c97a96e3e78e604fd566b85470c88cfc299a30acc04e5b4a6,study01_run
01,REPRO:01_clustering/outputs/final_rerun_20260718/methods/Leiden_unsupervised/151670/sparsity_pos_1/result.h5ad,candidate_payload,6335556,b871a23936375c44b304975d6b0b398c5f546f3b6dd43ea367da902a061f7db3,study01_run
01,REPRO:01_clustering/outputs/final_rerun_20260718/methods/Leiden_unsupervised/151670/sparsity_pos_1/runner.log,candidate_evidence,1400,bad4ee48073c9845e3529c2cfaf494f7c69609ef2540bde10d285ffc95969adc,study01_run
01,REPRO:01_clustering/outputs/final_rerun_20260718/methods/Leiden_unsupervised/151670/var_hetero_0_75/clusters.csv,candidate_payload,73111,349d733c2ce52573f7c88dc67c055a97f182a12cf01f6f05cbaf51f71ae6c69f,study01_run
01,REPRO:01_clustering/outputs/final_rerun_20260718/methods/Leiden_unsupervised/151670/var_hetero_0_75/metadata.json,candidate_evidence,1316,5d21ab3180975b96ab6120c954680f82a67b7bbb8a73b3594dc0e965bcf7f672,study01_run
01,REPRO:01_clustering/outputs/final_rerun_20260718/methods/Leiden_unsupervised/151670/var_hetero_0_75/result.h5ad,candidate_payload,7120495,d7d21b3803869793367936c4dd59c68a0667669d3c2519f1216feb8f26168978,study01_run
01,REPRO:01_clustering/outputs/final_rerun_20260718/methods/Leiden_unsupervised/151670/var_hetero_0_75/runner.log,candidate_evidence,1400,bad4ee48073c9845e3529c2cfaf494f7c69609ef2540bde10d285ffc95969adc,study01_run
01,REPRO:01_clustering/outputs/final_rerun_20260718/methods/Leiden_unsupervised/151670/var_hetero_1_25/clusters.csv,candidate_payload,73111,202392493c61b64d186ebfb1ba39ec34c2554476b9099d1e0c943947aba0a562,study01_run
01,REPRO:01_clustering/outputs/final_rerun_20260718/methods/Leiden_unsupervised/151670/var_hetero_1_25/metadata.json,candidate_evidence,1313,d9140646ae0b3f279702d5b998a3b77d28f1aad06ce00f3e620734ed3941086f,study01_run
01,REPRO:01_clustering/outputs/final_rerun_20260718/methods/Leiden_unsupervised/151670/var_hetero_1_25/result.h5ad,candidate_payload,7098887,5153635128a8461462f4a3de0b1ba134de4076a90c3252a52cba21963f7f3364,study01_run
01,REPRO:01_clustering/outputs/final_rerun_20260718/methods/Leiden_unsupervised/151670/var_hetero_1_25/runner.log,candidate_evidence,1400,bad4ee48073c9845e3529c2cfaf494f7c69609ef2540bde10d285ffc95969adc,study01_run
01,REPRO:01_clustering/outputs/final_rerun_20260718/methods/Leiden_unsupervised/151670/var_hetero_1_50/clusters.csv,candidate_payload,73111,98dc005c0791a8c943bef6fcafabc88047d662ac659794f507e37822a9735399,study01_run
01,REPRO:01_clustering/outputs/final_rerun_20260718/methods/Leiden_unsupervised/151670/var_hetero_1_50/metadata.json,candidate_evidence,1314,73281967d14213a1497f9524027c0aacdf8bf0e258131a135a71d11b209c9aca,study01_run
01,REPRO:01_clustering/outputs/final_rerun_20260718/methods/Leiden_unsupervised/151670/var_hetero_1_50/result.h5ad,candidate_payload,7082998,4cda047cac05bc35b7bc11e2e5c1b8bb8ff9f55443c74377a83136c52a5961c8,study01_run
01,REPRO:01_clustering/outputs/final_rerun_20260718/methods/Leiden_unsupervised/151670/var_hetero_1_50/runner.log,candidate_evidence,1400,bad4ee48073c9845e3529c2cfaf494f7c69609ef2540bde10d285ffc95969adc,study01_run
01,REPRO:01_clustering/outputs/final_rerun_20260718/methods/Leiden_unsupervised/151670/variance_0_50/clusters.csv,candidate_payload,73111,435b4987c8f585e470d1ec0597cdd69a90ad8d75764bcc644477a45aceb85b28,study01_run
01,REPRO:01_clustering/outputs/final_rerun_20260718/methods/Leiden_unsupervised/151670/variance_0_50/metadata.json,candidate_evidence,1315,9167aabb107015cab1e2dcd680d95a8f3c63b949e00c7b92d077aff8db57e34d,study01_run
01,REPRO:01_clustering/outputs/final_rerun_20260718/methods/Leiden_unsupervised/151670/variance_0_50/result.h5ad,candidate_payload,7116421,b8757956da7077a324346b4a0f538b31024cc0fbaacd3307c20d21bc57e9f024,study01_run
01,REPRO:01_clustering/outputs/final_rerun_20260718/methods/Leiden_unsupervised/151670/variance_0_50/runner.log,candidate_evidence,1400,bad4ee48073c9845e3529c2cfaf494f7c69609ef2540bde10d285ffc95969adc,study01_run
01,REPRO:01_clustering/outputs/final_rerun_20260718/methods/Leiden_unsupervised/151670/variance_0_67/clusters.csv,candidate_payload,73111,9835b2c071579b9c9815a9df06d7567b5f02a7167c9688e38b3d7f3c27c85fc4,study01_run
01,REPRO:01_clustering/outputs/final_rerun_20260718/methods/Leiden_unsupervised/151670/variance_0_67/metadata.json,candidate_evidence,1316,c41484de89fd5b9330b6b4bfda6a9c4f9c59d709d294112eb1371303fdb69410,study01_run
01,REPRO:01_clustering/outputs/final_rerun_20260718/methods/Leiden_unsupervised/151670/variance_0_67/result.h5ad,candidate_payload,7120170,0024cccbd0cee248fbd30a2dd401a4943c391a67c725ac2f2113c1b4da1258fd,study01_run
01,REPRO:01_clustering/outputs/final_rerun_20260718/methods/Leiden_unsupervised/151670/variance_0_67/runner.log,candidate_evidence,1400,bad4ee48073c9845e3529c2cfaf494f7c69609ef2540bde10d285ffc95969adc,study01_run
01,REPRO:01_clustering/outputs/final_rerun_20260718/methods/Leiden_unsupervised/151670/variance_0_80/clusters.csv,candidate_payload,73111,96f7ff830f0becaeb2fad489c53fae4c1a4a2b928b0d6e54e69751ad4f5fdfcd,study01_run
01,REPRO:01_clustering/outputs/final_rerun_20260718/methods/Leiden_unsupervised/151670/variance_0_80/metadata.json,candidate_evidence,1312,5f0a94e51c2618b3d6c57ddd20faba06502451143ab90f39157ba5b24924696f,study01_run
01,REPRO:01_clustering/outputs/final_rerun_20260718/methods/Leiden_unsupervised/151670/variance_0_80/result.h5ad,candidate_payload,7122851,c373997d7f14eade9f8f319c413e7cce22f142e3d40d49a02948cf0a49070233,study01_run
01,REPRO:01_clustering/outputs/final_rerun_20260718/methods/Leiden_unsupervised/151670/variance_0_80/runner.log,candidate_evidence,1400,bad4ee48073c9845e3529c2cfaf494f7c69609ef2540bde10d285ffc95969adc,study01_run
01,REPRO:01_clustering/outputs/final_rerun_20260718/methods/Leiden_unsupervised/151670/variance_1_25/clusters.csv,candidate_payload,73111,e895ec307f80b6840d3ca3e1394835fe8135d910208e6bd7b65c98acb4a28e80,study01_run
01,REPRO:01_clustering/outputs/final_rerun_20260718/methods/Leiden_unsupervised/151670/variance_1_25/metadata.json,candidate_evidence,1313,4f7eaeabb756ec6b537666d5d680392220533a96b5a56fb6eb83ccbb33efae7b,study01_run
01,REPRO:01_clustering/outputs/final_rerun_20260718/methods/Leiden_unsupervised/151670/variance_1_25/result.h5ad,candidate_payload,7097143,cc03abf1ecefe68c9bd7870d204e8561fe5805bac992e62ad3a73b25ae84be89,study01_run
01,REPRO:01_clustering/outputs/final_rerun_20260718/methods/Leiden_unsupervised/151670/variance_1_25/runner.log,candidate_evidence,1400,bad4ee48073c9845e3529c2cfaf494f7c69609ef2540bde10d285ffc95969adc,study01_run
01,REPRO:01_clustering/outputs/final_rerun_20260718/methods/Leiden_unsupervised/151670/variance_1_50/clusters.csv,candidate_payload,73111,9801ca9c63fddc8aa2a239f2d91b52578ef92592d65bfcb610310004b4650418,study01_run
01,REPRO:01_clustering/outputs/final_rerun_20260718/methods/Leiden_unsupervised/151670/variance_1_50/metadata.json,candidate_evidence,1315,5dd13243ae1ac9198769e4642f71867a74c502a254fb3e05336bf4b8cb110554,study01_run
01,REPRO:01_clustering/outputs/final_rerun_20260718/methods/Leiden_unsupervised/151670/variance_1_50/result.h5ad,candidate_payload,7088121,8238bdb54b5413dbd5280e67175c0cf4c6e554089a25bfbcb5c6bed20b4cf25a,study01_run
01,REPRO:01_clustering/outputs/final_rerun_20260718/methods/Leiden_unsupervised/151670/variance_1_50/runner.log,candidate_evidence,1400,bad4ee48073c9845e3529c2cfaf494f7c69609ef2540bde10d285ffc95969adc,study01_run
01,REPRO:01_clustering/outputs/final_rerun_20260718/methods/Leiden_unsupervised/151670/variance_2/clusters.csv,candidate_payload,73111,7d35235ba880abf2e14343fe8967b9b67dc82e185cde9efef990a69771c31bd9,study01_run
01,REPRO:01_clustering/outputs/final_rerun_20260718/methods/Leiden_unsupervised/151670/variance_2/metadata.json,candidate_evidence,1314,a75678974e2e1d294e174b3b0154b8a32400c9709391f300d84ef43b6e345aa3,study01_run
01,REPRO:01_clustering/outputs/final_rerun_20260718/methods/Leiden_unsupervised/151670/variance_2/result.h5ad,candidate_payload,7079381,139b7af587de25bb0d23cbd0fe78e916c6956d2944b6c3e7bed36fac1e868082,study01_run
01,REPRO:01_clustering/outputs/final_rerun_20260718/methods/Leiden_unsupervised/151670/variance_2/runner.log,candidate_evidence,1400,bad4ee48073c9845e3529c2cfaf494f7c69609ef2540bde10d285ffc95969adc,study01_run
01,REPRO:01_clustering/outputs/final_rerun_20260718/methods/Leiden_unsupervised/151676/baseline/clusters.csv,candidate_payload,72082,4615b901955d281f679e11ab4615c37406b91b3d9e2abe8ed8103246918a48bf,study01_run
01,REPRO:01_clustering/outputs/final_rerun_20260718/methods/Leiden_unsupervised/151676/baseline/metadata.json,candidate_evidence,1314,9761639e714134781a59e0e3309ae1dd72b5356abcf5051be2a9b03a26352b5a,study01_run
01,REPRO:01_clustering/outputs/final_rerun_20260718/methods/Leiden_unsupervised/151676/baseline/result.h5ad,candidate_payload,7408658,afb4e49fae11a3d6ab0cb9544f3c6b7cdd2929db07f91bc78b2fb4e08d5ca84b,study01_run
01,REPRO:01_clustering/outputs/final_rerun_20260718/methods/Leiden_unsupervised/151676/baseline/runner.log,candidate_evidence,1400,bad4ee48073c9845e3529c2cfaf494f7c69609ef2540bde10d285ffc95969adc,study01_run
01,REPRO:01_clustering/outputs/final_rerun_20260718/methods/Leiden_unsupervised/151676/combined_mild_activation/clusters.csv,candidate_payload,72082,727409b9744ce8ee16ecab58212fc9a465511009920de6ab92cb1cf1048baf13,study01_run
01,REPRO:01_clustering/outputs/final_rerun_20260718/methods/Leiden_unsupervised/151676/combined_mild_activation/metadata.json,candidate_evidence,1314,c73f0d07acce7e5a512f452521fee3158c6bcf6942eccca1eeeca5507c11895d,study01_run
01,REPRO:01_clustering/outputs/final_rerun_20260718/methods/Leiden_unsupervised/151676/combined_mild_activation/result.h5ad,candidate_payload,7641653,8e0133020733be4f12b8c7af776c9e12324bd98f2e8aa6493b2b8bd9d5a5a9b3,study01_run
01,REPRO:01_clustering/outputs/final_rerun_20260718/methods/Leiden_unsupervised/151676/combined_mild_activation/runner.log,candidate_evidence,1400,bad4ee48073c9845e3529c2cfaf494f7c69609ef2540bde10d285ffc95969adc,study01_run
01,REPRO:01_clustering/outputs/final_rerun_20260718/methods/Leiden_unsupervised/151676/combined_mild_dropout/clusters.csv,candidate_payload,72082,2d5690f7974948f87b242490f4a0c1f9ab22f30cb891ac03b5d2920b86a07f21,study01_run
01,REPRO:01_clustering/outputs/final_rerun_20260718/methods/Leiden_unsupervised/151676/combined_mild_dropout/metadata.json,candidate_evidence,1315,ff7062c4f4c130723e520798985a2eaf86001c298ecfc1e07bf80f10a46a17e4,study01_run
01,REPRO:01_clustering/outputs/final_rerun_20260718/methods/Leiden_unsupervised/151676/combined_mild_dropout/result.h5ad,candidate_payload,6965634,eb8a857ecde9199c344b52d1cb54355685347d21a8cfad8ef9cae71e7c41fac7,study01_run
01,REPRO:01_clustering/outputs/final_rerun_20260718/methods/Leiden_unsupervised/151676/combined_mild_dropout/runner.log,candidate_evidence,1400,bad4ee48073c9845e3529c2cfaf494f7c69609ef2540bde10d285ffc95969adc,study01_run
01,REPRO:01_clustering/outputs/final_rerun_20260718/methods/Leiden_unsupervised/151676/combined_noisy_tissue/clusters.csv,candidate_payload,72082,24faf2ea59f63c15eaeb2fbe34503ff9720a162b47fdebafc7cf4600996c8a74,study01_run
01,REPRO:01_clustering/outputs/final_rerun_20260718/methods/Leiden_unsupervised/151676/combined_noisy_tissue/metadata.json,candidate_evidence,1314,09f5003d97ee80e67a857c09ab75b67b4dd45044a043fe15e7343fe583cb85a8,study01_run
01,REPRO:01_clustering/outputs/final_rerun_20260718/methods/Leiden_unsupervised/151676/combined_noisy_tissue/result.h5ad,candidate_payload,7157680,e0cdb1b09b5123a93a1d2220f90b1f27198369f5ab5b56f8bcff198b5c9fa349,study01_run
01,REPRO:01_clustering/outputs/final_rerun_20260718/methods/Leiden_unsupervised/151676/combined_noisy_tissue/runner.log,candidate_evidence,1400,bad4ee48073c9845e3529c2cfaf494f7c69609ef2540bde10d285ffc95969adc,study01_run
01,REPRO:01_clustering/outputs/final_rerun_20260718/methods/Leiden_unsupervised/151676/combined_strong_activation/clusters.csv,candidate_payload,72104,1708a647e0943a55bb1b475cef4b184e4df67c35fa89314f7187bf03bde64a7e,study01_run
01,REPRO:01_clustering/outputs/final_rerun_20260718/methods/Leiden_unsupervised/151676/combined_strong_activation/metadata.json,candidate_evidence,1315,f446168ec4edf5628476132a513723eaa7aa2c844936d85a150a70127ca8e5b8,study01_run
01,REPRO:01_clustering/outputs/final_rerun_20260718/methods/Leiden_unsupervised/151676/combined_strong_activation/result.h5ad,candidate_payload,8117539,87ddffd5be96c8ec34696fcd9c6b2c1bfcbb7b49ecbb1bb438dff37b9715ee9d,study01_run
01,REPRO:01_clustering/outputs/final_rerun_20260718/methods/Leiden_unsupervised/151676/combined_strong_activation/runner.log,candidate_evidence,1400,bad4ee48073c9845e3529c2cfaf494f7c69609ef2540bde10d285ffc95969adc,study01_run
01,REPRO:01_clustering/outputs/final_rerun_20260718/methods/Leiden_unsupervised/151676/combined_suppressed/clusters.csv,candidate_payload,72082,9e411df226f31313790996dc14c0070af2abbd484fd7f76ed03d118f382aeace,study01_run
01,REPRO:01_clustering/outputs/final_rerun_20260718/methods/Leiden_unsupervised/151676/combined_suppressed/metadata.json,candidate_evidence,1314,b70f85ced405e5b49d1130b2d6e611d2b2e82f6f7d71f784e628d64c41de299e,study01_run
01,REPRO:01_clustering/outputs/final_rerun_20260718/methods/Leiden_unsupervised/151676/combined_suppressed/result.h5ad,candidate_payload,6371774,2f2dc2bddde38895be4ce1166bb9fec2f8c767847b0bfd90699ec8c4eede6f01,study01_run
01,REPRO:01_clustering/outputs/final_rerun_20260718/methods/Leiden_unsupervised/151676/combined_suppressed/runner.log,candidate_evidence,1400,bad4ee48073c9845e3529c2cfaf494f7c69609ef2540bde10d285ffc95969adc,study01_run
01,REPRO:01_clustering/outputs/final_rerun_20260718/methods/Leiden_unsupervised/151676/mean_0_50/clusters.csv,candidate_payload,72082,ba1a43b7fd4dda5d6117fdcc57cfcf147cfc52d910929f5fc18bd2997b15ba29,study01_run
01,REPRO:01_clustering/outputs/final_rerun_20260718/methods/Leiden_unsupervised/151676/mean_0_50/metadata.json,candidate_evidence,1314,2b0c4802413178c591cfe891bc35eb08123ee2ca8e1cb045c84fa248c5b8bf47,study01_run
01,REPRO:01_clustering/outputs/final_rerun_20260718/methods/Leiden_unsupervised/151676/mean_0_50/result.h5ad,candidate_payload,6607556,78b158028d0cbc3bc4e93e27ce0b736d6d00a9567dcf405a600efc60a0ede2d5,study01_run
01,REPRO:01_clustering/outputs/final_rerun_20260718/methods/Leiden_unsupervised/151676/mean_0_50/runner.log,candidate_evidence,1400,bad4ee48073c9845e3529c2cfaf494f7c69609ef2540bde10d285ffc95969adc,study01_run
01,REPRO:01_clustering/outputs/final_rerun_20260718/methods/Leiden_unsupervised/151676/mean_0_67/clusters.csv,candidate_payload,72082,ce9e6c413fac79ccaa7192e06edf72800f69550109d61372c86f89dd39d80caa,study01_run
01,REPRO:01_clustering/outputs/final_rerun_20260718/methods/Leiden_unsupervised/151676/mean_0_67/metadata.json,candidate_evidence,1311,57e6e00cffa80ca7213c13e3ae273eac8b6b040ba43c2d0cf31dbacea02e0d6e,study01_run
01,REPRO:01_clustering/outputs/final_rerun_20260718/methods/Leiden_unsupervised/151676/mean_0_67/result.h5ad,candidate_payload,6921401,217205652bc677a4c7bcb1ddffe8c0419c117ae656d46c2f43264e1232c3fd8b,study01_run
01,REPRO:01_clustering/outputs/final_rerun_20260718/methods/Leiden_unsupervised/151676/mean_0_67/runner.log,candidate_evidence,1400,bad4ee48073c9845e3529c2cfaf494f7c69609ef2540bde10d285ffc95969adc,study01_run
01,REPRO:01_clustering/outputs/final_rerun_20260718/methods/Leiden_unsupervised/151676/mean_0_80/clusters.csv,candidate_payload,72082,6b5616e2cb8747ea379aad73a12d3c8ae853daadcb595941b3a08026f076dde6,study01_run
01,REPRO:01_clustering/outputs/final_rerun_20260718/methods/Leiden_unsupervised/151676/mean_0_80/metadata.json,candidate_evidence,1314,dee09f37197d7868f2cd3a7a370856d2a46a39eabdd14de7b8b590ba917062b3,study01_run
01,REPRO:01_clustering/outputs/final_rerun_20260718/methods/Leiden_unsupervised/151676/mean_0_80/result.h5ad,candidate_payload,7145691,471a67e5542b94ba721d7360e851b8f78a69bab455668a1650a7f047beed028c,study01_run
01,REPRO:01_clustering/outputs/final_rerun_20260718/methods/Leiden_unsupervised/151676/mean_0_80/runner.log,candidate_evidence,1400,bad4ee48073c9845e3529c2cfaf494f7c69609ef2540bde10d285ffc95969adc,study01_run
01,REPRO:01_clustering/outputs/final_rerun_20260718/methods/Leiden_unsupervised/151676/mean_1_25/clusters.csv,candidate_payload,72082,99e8978f9774c408af79d70aed2f1f1a776c011aa0c0a4b6bb10a3db781fdbf1,study01_run
01,REPRO:01_clustering/outputs/final_rerun_20260718/methods/Leiden_unsupervised/151676/mean_1_25/metadata.json,candidate_evidence,1312,f3241bad46de5074d30169273f97ab7d5f801f9e3fd05bb06711389b3cc8e5e2,study01_run
01,REPRO:01_clustering/outputs/final_rerun_20260718/methods/Leiden_unsupervised/151676/mean_1_25/result.h5ad,candidate_payload,7567045,4bed57b82d9f5d3eac90dbb48f00d563d1d8dc2ddcce8f02ba7effe9659da83d,study01_run
01,REPRO:01_clustering/outputs/final_rerun_20260718/methods/Leiden_unsupervised/151676/mean_1_25/runner.log,candidate_evidence,1400,bad4ee48073c9845e3529c2cfaf494f7c69609ef2540bde10d285ffc95969adc,study01_run
01,REPRO:01_clustering/outputs/final_rerun_20260718/methods/Leiden_unsupervised/151676/mean_1_50/clusters.csv,candidate_payload,72082,2c9f128a80b43d1ea9846d6c1ebbb635e5adafb89b0c7695bea1d426587528f0,study01_run
01,REPRO:01_clustering/outputs/final_rerun_20260718/methods/Leiden_unsupervised/151676/mean_1_50/metadata.json,candidate_evidence,1314,6f4f2762b4ef032660198e2946e556ea42e0506d7f268373e1ef9c77b4cc3537,study01_run
01,REPRO:01_clustering/outputs/final_rerun_20260718/methods/Leiden_unsupervised/151676/mean_1_50/result.h5ad,candidate_payload,7723296,87d8d0cf7f5a8db59e3ebe8c3cc7aeb290a8882f9f624442f3e0db8bac90c829,study01_run
01,REPRO:01_clustering/outputs/final_rerun_20260718/methods/Leiden_unsupervised/151676/mean_1_50/runner.log,candidate_evidence,1400,bad4ee48073c9845e3529c2cfaf494f7c69609ef2540bde10d285ffc95969adc,study01_run
01,REPRO:01_clustering/outputs/final_rerun_20260718/methods/Leiden_unsupervised/151676/mean_2/clusters.csv,candidate_payload,72082,05c8ce0d44e3da88fec6ff86bb2567a3465074d2b9e9223c655c466f208c67d5,study01_run
01,REPRO:01_clustering/outputs/final_rerun_20260718/methods/Leiden_unsupervised/151676/mean_2/metadata.json,candidate_evidence,1315,b54440221932d95788cf52e7e92b59e92a2cfe0cbb2aa55369e5e9ce646ff3de,study01_run
01,REPRO:01_clustering/outputs/final_rerun_20260718/methods/Leiden_unsupervised/151676/mean_2/result.h5ad,candidate_payload,7995023,a956171458c15a1f41627198d1016fec325ee873bcd6372b50d762806572f247,study01_run
01,REPRO:01_clustering/outputs/final_rerun_20260718/methods/Leiden_unsupervised/151676/mean_2/runner.log,candidate_evidence,1400,bad4ee48073c9845e3529c2cfaf494f7c69609ef2540bde10d285ffc95969adc,study01_run
01,REPRO:01_clustering/outputs/final_rerun_20260718/methods/Leiden_unsupervised/151676/real_baseline/clusters.csv,candidate_payload,72082,25702020d8cef5b19ce05eb92c689b008f2c056c3bc59e57b3b3771f186e65a3,study01_run
01,REPRO:01_clustering/outputs/final_rerun_20260718/methods/Leiden_unsupervised/151676/real_baseline/metadata.json,candidate_evidence,1313,41fb003557b8f735ab7c23d3c0fd2818a38a26d3149596a77883a4eea14c29f9,study01_run
01,REPRO:01_clustering/outputs/final_rerun_20260718/methods/Leiden_unsupervised/151676/real_baseline/result.h5ad,candidate_payload,8689290,6209d34fff1fc1bf7a15c90122c2c1b60d54a22bd6e0a80667050f864decee5d,study01_run
01,REPRO:01_clustering/outputs/final_rerun_20260718/methods/Leiden_unsupervised/151676/real_baseline/runner.log,candidate_evidence,1400,bad4ee48073c9845e3529c2cfaf494f7c69609ef2540bde10d285ffc95969adc,study01_run
01,REPRO:01_clustering/outputs/final_rerun_20260718/methods/Leiden_unsupervised/151676/sparsity_neg_0_25/clusters.csv,candidate_payload,72082,fc1620099ef49a1b6c661f555c2489a3e315ff3daef9b6d72df89bedff471ebd,study01_run
01,REPRO:01_clustering/outputs/final_rerun_20260718/methods/Leiden_unsupervised/151676/sparsity_neg_0_25/metadata.json,candidate_evidence,1314,c3861b4900a430cdd042fe208744d3ccd209e0ca3a68ac4c41e3b5f172403f9a,study01_run
01,REPRO:01_clustering/outputs/final_rerun_20260718/methods/Leiden_unsupervised/151676/sparsity_neg_0_25/result.h5ad,candidate_payload,7302328,6dc761c018707616a2eb10058621b13706d08b6012c81bd70af52cc88621efcd,study01_run
01,REPRO:01_clustering/outputs/final_rerun_20260718/methods/Leiden_unsupervised/151676/sparsity_neg_0_25/runner.log,candidate_evidence,1400,bad4ee48073c9845e3529c2cfaf494f7c69609ef2540bde10d285ffc95969adc,study01_run
01,REPRO:01_clustering/outputs/final_rerun_20260718/methods/Leiden_unsupervised/151676/sparsity_neg_0_50/clusters.csv,candidate_payload,72161,7107f60d2f61de31f00b79abe67c7301b817d37340c3e9e90402e828e7ca286a,study01_run
01,REPRO:01_clustering/outputs/final_rerun_20260718/methods/Leiden_unsupervised/151676/sparsity_neg_0_50/metadata.json,candidate_evidence,1315,a5e06805da9aa67c1c8ee72f6b94bf48310fb562bee584487f91652fe5c45e1c,study01_run
01,REPRO:01_clustering/outputs/final_rerun_20260718/methods/Leiden_unsupervised/151676/sparsity_neg_0_50/result.h5ad,candidate_payload,7222317,cda59654412edc647655fe03132ac0b2bf63c42d661275c33badc449cd1d6685,study01_run
01,REPRO:01_clustering/outputs/final_rerun_20260718/methods/Leiden_unsupervised/151676/sparsity_neg_0_50/runner.log,candidate_evidence,1400,bad4ee48073c9845e3529c2cfaf494f7c69609ef2540bde10d285ffc95969adc,study01_run
01,REPRO:01_clustering/outputs/final_rerun_20260718/methods/Leiden_unsupervised/151676/sparsity_neg_1/clusters.csv,candidate_payload,72130,d2bbd3754d278700efe81b8d85e22ae94e7a101bfbee647d48b2da287560994b,study01_run
01,REPRO:01_clustering/outputs/final_rerun_20260718/methods/Leiden_unsupervised/151676/sparsity_neg_1/metadata.json,candidate_evidence,1315,f3f9b23aad0482cd738c54d99c1a72aa503df8e831728f192dae02c5946d9f53,study01_run
01,REPRO:01_clustering/outputs/final_rerun_20260718/methods/Leiden_unsupervised/151676/sparsity_neg_1/result.h5ad,candidate_payload,7053414,416e25cf10cae58c964c9e6da407cc1e54ee3713141aa62080dc258c424bb43b,study01_run
01,REPRO:01_clustering/outputs/final_rerun_20260718/methods/Leiden_unsupervised/151676/sparsity_neg_1/runner.log,candidate_evidence,1400,bad4ee48073c9845e3529c2cfaf494f7c69609ef2540bde10d285ffc95969adc,study01_run
01,REPRO:01_clustering/outputs/final_rerun_20260718/methods/Leiden_unsupervised/151676/sparsity_pos_0_25/clusters.csv,candidate_payload,72082,17326b8b4f6c6fef764506ff406f170c59b2eb7b124b4b7ecdb631ad658f5002,study01_run
01,REPRO:01_clustering/outputs/final_rerun_20260718/methods/Leiden_unsupervised/151676/sparsity_pos_0_25/metadata.json,candidate_evidence,1312,2e9c72de94cbf4ba014e92c1987f8de7d8df9989025df617c424f53213be7fc6,study01_run
01,REPRO:01_clustering/outputs/final_rerun_20260718/methods/Leiden_unsupervised/151676/sparsity_pos_0_25/result.h5ad,candidate_payload,7163654,5741637cbc4adb04737d515606ec8c8e39b18347f75bde95707fd3b613fb548e,study01_run
01,REPRO:01_clustering/outputs/final_rerun_20260718/methods/Leiden_unsupervised/151676/sparsity_pos_0_25/runner.log,candidate_evidence,1400,bad4ee48073c9845e3529c2cfaf494f7c69609ef2540bde10d285ffc95969adc,study01_run
01,REPRO:01_clustering/outputs/final_rerun_20260718/methods/Leiden_unsupervised/151676/sparsity_pos_0_50/clusters.csv,candidate_payload,72082,5be6ca5bf7bdeef9122f552a1c2f2cb32938cdaeb7f6d34092fa9bf4700d6ada,study01_run
01,REPRO:01_clustering/outputs/final_rerun_20260718/methods/Leiden_unsupervised/151676/sparsity_pos_0_50/metadata.json,candidate_evidence,1315,18eb0836f5a469f346da95ca2ff5dd66cc2fd0b2270c4aa9b830dd65ca4e5fde,study01_run
01,REPRO:01_clustering/outputs/final_rerun_20260718/methods/Leiden_unsupervised/151676/sparsity_pos_0_50/result.h5ad,candidate_payload,6973993,1b8b2639cdcd8ffbb89ebf78b74e8a036063ca787dc7c8644be601c131463ec1,study01_run
01,REPRO:01_clustering/outputs/final_rerun_20260718/methods/Leiden_unsupervised/151676/sparsity_pos_0_50/runner.log,candidate_evidence,1400,bad4ee48073c9845e3529c2cfaf494f7c69609ef2540bde10d285ffc95969adc,study01_run
01,REPRO:01_clustering/outputs/final_rerun_20260718/methods/Leiden_unsupervised/151676/sparsity_pos_1/clusters.csv,candidate_payload,72082,396f75e490dec6f072e412aa20818eb2c3ec6035f015b3f4b9579ee6be04a280,study01_run
01,REPRO:01_clustering/outputs/final_rerun_20260718/methods/Leiden_unsupervised/151676/sparsity_pos_1/metadata.json,candidate_evidence,1314,3b126d7f571e31ace3e0929f771a688ab5a71e2d55eb9ce89326da47e7168190,study01_run
01,REPRO:01_clustering/outputs/final_rerun_20260718/methods/Leiden_unsupervised/151676/sparsity_pos_1/result.h5ad,candidate_payload,6627026,6a54581caf99c155f7c0bab5486f97cbb1118875b8a65b522060e4b1ea21227f,study01_run
01,REPRO:01_clustering/outputs/final_rerun_20260718/methods/Leiden_unsupervised/151676/sparsity_pos_1/runner.log,candidate_evidence,1400,bad4ee48073c9845e3529c2cfaf494f7c69609ef2540bde10d285ffc95969adc,study01_run
01,REPRO:01_clustering/outputs/final_rerun_20260718/methods/Leiden_unsupervised/151676/var_hetero_0_75/clusters.csv,candidate_payload,72082,9767d68ff12e963c7130533db119c29c6b5b0a4d641bb0da0bd4c770a005659f,study01_run
01,REPRO:01_clustering/outputs/final_rerun_20260718/methods/Leiden_unsupervised/151676/var_hetero_0_75/metadata.json,candidate_evidence,1314,a6b6c6c7635718f6063e58d68422de91dd7aab23084d4189bb393d9dc94fced2,study01_run
01,REPRO:01_clustering/outputs/final_rerun_20260718/methods/Leiden_unsupervised/151676/var_hetero_0_75/result.h5ad,candidate_payload,7442518,1ca4b319d5243e9b0685331c53370fbbc153942d06348f00a7321b132bf9e410,study01_run
01,REPRO:01_clustering/outputs/final_rerun_20260718/methods/Leiden_unsupervised/151676/var_hetero_0_75/runner.log,candidate_evidence,1400,bad4ee48073c9845e3529c2cfaf494f7c69609ef2540bde10d285ffc95969adc,study01_run
01,REPRO:01_clustering/outputs/final_rerun_20260718/methods/Leiden_unsupervised/151676/var_hetero_1_25/clusters.csv,candidate_payload,72082,136457605577bd137692286eecb4e090cb8e75303b0b1b917a9938729ee8c8d2,study01_run
01,REPRO:01_clustering/outputs/final_rerun_20260718/methods/Leiden_unsupervised/151676/var_hetero_1_25/metadata.json,candidate_evidence,1310,60bd81adcaacea53f854239de1eed18d7ddeff4fd6fc6cf991510f460b6f4d34,study01_run
01,REPRO:01_clustering/outputs/final_rerun_20260718/methods/Leiden_unsupervised/151676/var_hetero_1_25/result.h5ad,candidate_payload,7417022,03e7cc9e66dbb756642ef329b466240858e3b55d701235be748584df72c1845b,study01_run
01,REPRO:01_clustering/outputs/final_rerun_20260718/methods/Leiden_unsupervised/151676/var_hetero_1_25/runner.log,candidate_evidence,1400,bad4ee48073c9845e3529c2cfaf494f7c69609ef2540bde10d285ffc95969adc,study01_run
01,REPRO:01_clustering/outputs/final_rerun_20260718/methods/Leiden_unsupervised/151676/var_hetero_1_50/clusters.csv,candidate_payload,72082,fe067bd41ebb575d9719adc0d7c8c069d763d945d6c02f3a3104cf9bca44205c,study01_run
01,REPRO:01_clustering/outputs/final_rerun_20260718/methods/Leiden_unsupervised/151676/var_hetero_1_50/metadata.json,candidate_evidence,1315,52517409e0bd247c9e26b8281ba09bb2279de417321afc75fcc88024af4bbdbf,study01_run
01,REPRO:01_clustering/outputs/final_rerun_20260718/methods/Leiden_unsupervised/151676/var_hetero_1_50/result.h5ad,candidate_payload,7405757,487183643bba0d5ce9e8f3d97d730c73e943f046a5300218e44554dbc648614c,study01_run
01,REPRO:01_clustering/outputs/final_rerun_20260718/methods/Leiden_unsupervised/151676/var_hetero_1_50/runner.log,candidate_evidence,1400,bad4ee48073c9845e3529c2cfaf494f7c69609ef2540bde10d285ffc95969adc,study01_run
01,REPRO:01_clustering/outputs/final_rerun_20260718/methods/Leiden_unsupervised/151676/variance_0_50/clusters.csv,candidate_payload,72082,3e2f1dd4625751a6148676332af44a106b37af4c283bd9315c7f7220c4e93f99,study01_run
01,REPRO:01_clustering/outputs/final_rerun_20260718/methods/Leiden_unsupervised/151676/variance_0_50/metadata.json,candidate_evidence,1315,2c66cca9a00805eda960e6f533824207eb86ab5b560cfdae1b6cf2e8282c8ccf,study01_run
01,REPRO:01_clustering/outputs/final_rerun_20260718/methods/Leiden_unsupervised/151676/variance_0_50/result.h5ad,candidate_payload,7460278,4fc29adf60203950f5fc85c84e0f6cb5b2d1b65fecea318bbc32de2fd33a1f69,study01_run
01,REPRO:01_clustering/outputs/final_rerun_20260718/methods/Leiden_unsupervised/151676/variance_0_50/runner.log,candidate_evidence,1400,bad4ee48073c9845e3529c2cfaf494f7c69609ef2540bde10d285ffc95969adc,study01_run
01,REPRO:01_clustering/outputs/final_rerun_20260718/methods/Leiden_unsupervised/151676/variance_0_67/clusters.csv,candidate_payload,72082,5ffc6da1ee2bfae3f22400e257c2dbf5e1e9d5d617783f093b9830a7311cc18e,study01_run
01,REPRO:01_clustering/outputs/final_rerun_20260718/methods/Leiden_unsupervised/151676/variance_0_67/metadata.json,candidate_evidence,1315,01823d3d58475cd3f83d1ebcc2d1a3e31f0121b32f34ba028c6311e725d0a923,study01_run
01,REPRO:01_clustering/outputs/final_rerun_20260718/methods/Leiden_unsupervised/151676/variance_0_67/result.h5ad,candidate_payload,7448163,65dd9bef0de555bdb7970d7a33d6aabbdf3a06af21fca82988e8a1bc51ef3b18,study01_run
01,REPRO:01_clustering/outputs/final_rerun_20260718/methods/Leiden_unsupervised/151676/variance_0_67/runner.log,candidate_evidence,1400,bad4ee48073c9845e3529c2cfaf494f7c69609ef2540bde10d285ffc95969adc,study01_run
01,REPRO:01_clustering/outputs/final_rerun_20260718/methods/Leiden_unsupervised/151676/variance_0_80/clusters.csv,candidate_payload,72082,dfd1fca035d6597804e989f7346ec5b8d02fadb313cfc9ff92c3a8e7da883ce2,study01_run
01,REPRO:01_clustering/outputs/final_rerun_20260718/methods/Leiden_unsupervised/151676/variance_0_80/metadata.json,candidate_evidence,1314,38bf0a40ee48aaedb989a2db07fc88da09e8abe545d3d6c43b4733695c425b8e,study01_run
01,REPRO:01_clustering/outputs/final_rerun_20260718/methods/Leiden_unsupervised/151676/variance_0_80/result.h5ad,candidate_payload,7442901,1d840d6f33ae15bb11ba331b941603b470c08e940ea81beb24524f8957df8d6c,study01_run
01,REPRO:01_clustering/outputs/final_rerun_20260718/methods/Leiden_unsupervised/151676/variance_0_80/runner.log,candidate_evidence,1400,bad4ee48073c9845e3529c2cfaf494f7c69609ef2540bde10d285ffc95969adc,study01_run
01,REPRO:01_clustering/outputs/final_rerun_20260718/methods/Leiden_unsupervised/151676/variance_1_25/clusters.csv,candidate_payload,72082,dfb1d598b970060f33384b2161573d0c50f82f369abd5dacd5eb69b9594b6f7f,study01_run
01,REPRO:01_clustering/outputs/final_rerun_20260718/methods/Leiden_unsupervised/151676/variance_1_25/metadata.json,candidate_evidence,1314,cd2e298739afc9e9eadad308ae89872efc2c5e7a70f834b51a46943121d478a8,study01_run
01,REPRO:01_clustering/outputs/final_rerun_20260718/methods/Leiden_unsupervised/151676/variance_1_25/result.h5ad,candidate_payload,7428108,3db7160f3af12216bc58ef19e81da19eae9394f1ae9036b790847e50779a5a64,study01_run
01,REPRO:01_clustering/outputs/final_rerun_20260718/methods/Leiden_unsupervised/151676/variance_1_25/runner.log,candidate_evidence,1400,bad4ee48073c9845e3529c2cfaf494f7c69609ef2540bde10d285ffc95969adc,study01_run
01,REPRO:01_clustering/outputs/final_rerun_20260718/methods/Leiden_unsupervised/151676/variance_1_50/clusters.csv,candidate_payload,72082,1e2648a2db2b8b8134763ea6c418186e33d4378dd3ac31ccafc6a4fd225f05ad,study01_run
01,REPRO:01_clustering/outputs/final_rerun_20260718/methods/Leiden_unsupervised/151676/variance_1_50/metadata.json,candidate_evidence,1313,d4b91f5ef7ef8ff1019f8b7100f0dd02a5c03f27bdc2a1da7dc65c6e6666d922,study01_run
01,REPRO:01_clustering/outputs/final_rerun_20260718/methods/Leiden_unsupervised/151676/variance_1_50/result.h5ad,candidate_payload,7423422,1b6343cf23796e95282092452cff1228230e4f660f27f407e1456e427cfdb6a0,study01_run
01,REPRO:01_clustering/outputs/final_rerun_20260718/methods/Leiden_unsupervised/151676/variance_1_50/runner.log,candidate_evidence,1400,bad4ee48073c9845e3529c2cfaf494f7c69609ef2540bde10d285ffc95969adc,study01_run
01,REPRO:01_clustering/outputs/final_rerun_20260718/methods/Leiden_unsupervised/151676/variance_2/clusters.csv,candidate_payload,72082,59588ca29c825be8568aeced6ff93def07806a5701c715ab87c27bb4af298010,study01_run
01,REPRO:01_clustering/outputs/final_rerun_20260718/methods/Leiden_unsupervised/151676/variance_2/metadata.json,candidate_evidence,1314,b565743c99831c9f85a9fa10a6e13527084296478b7a10ea83cd61b3d7cd3b12,study01_run
01,REPRO:01_clustering/outputs/final_rerun_20260718/methods/Leiden_unsupervised/151676/variance_2/result.h5ad,candidate_payload,7402145,99fbb52d619a1e9db956518d7b1bc777049f19c24fd7e6c2bcf9ef89936b16ab,study01_run
01,REPRO:01_clustering/outputs/final_rerun_20260718/methods/Leiden_unsupervised/151676/variance_2/runner.log,candidate_evidence,1400,bad4ee48073c9845e3529c2cfaf494f7c69609ef2540bde10d285ffc95969adc,study01_run
01,REPRO:01_clustering/outputs/final_rerun_20260718/methods/Leiden_unsupervised/provenance.json,candidate_evidence,1381,81fde282d9eb5e033f999ce072fc1a192c37f46c0cf3673f5cd672e863d5f61b,study01_run
01,REPRO:01_clustering/outputs/final_rerun_20260718/methods/Leiden_unsupervised/run_manifest.csv,candidate_evidence,80967,34db79052c3f04f52236df11919d4b6319977c044f3a2ef59491ab66d82432c2,study01_run
01,REPRO:01_clustering/outputs/final_rerun_20260718/methods/STAGATE_mclust/151508/baseline/clusters.csv,candidate_payload,92011,01f8bc40b2d7722a1994a47001077bddf73e4a8aea8d4f64c2f8a92d330afe8a,study01_run
01,REPRO:01_clustering/outputs/final_rerun_20260718/methods/STAGATE_mclust/151508/baseline/metadata.json,candidate_evidence,2022,f2c1818e202d0e7211dc4f795f02efa7e7fed6f105d272e7a61c69888c57264d,study01_run
01,REPRO:01_clustering/outputs/final_rerun_20260718/methods/STAGATE_mclust/151508/baseline/result.h5ad,candidate_payload,3895887,23bb55ff1301788dcce195654b103dfc28c72e56a57704e86431c7e30f447def,study01_run
01,REPRO:01_clustering/outputs/final_rerun_20260718/methods/STAGATE_mclust/151508/baseline/runner.log,candidate_evidence,22210,90930e30f71fcb59086b455dc3783074226c84b644000ba6cbcbf99b85e9637b,study01_run
01,REPRO:01_clustering/outputs/final_rerun_20260718/methods/STAGATE_mclust/151508/combined_mild_activation/clusters.csv,candidate_payload,92011,6e5de76d3aa1db42046f30115345be7e44924053e6b7fad0f4e4086e5c505d61,study01_run
01,REPRO:01_clustering/outputs/final_rerun_20260718/methods/STAGATE_mclust/151508/combined_mild_activation/metadata.json,candidate_evidence,2021,92217e31a2d6331d6756494f054a642c2e2807cd7d51191276a272f56233d8f4,study01_run
01,REPRO:01_clustering/outputs/final_rerun_20260718/methods/STAGATE_mclust/151508/combined_mild_activation/result.h5ad,candidate_payload,4168314,3177c7056312f52ae5d967010573a2fae9139eedb6929dc0eaee6595cf87983f,study01_run
01,REPRO:01_clustering/outputs/final_rerun_20260718/methods/STAGATE_mclust/151508/combined_mild_activation/runner.log,candidate_evidence,22210,1428c4192fc2b52336eeb65523ccc1ee542a326539b0e7e7c90e3b608c6ae0cb,study01_run
01,REPRO:01_clustering/outputs/final_rerun_20260718/methods/STAGATE_mclust/151508/combined_mild_dropout/clusters.csv,candidate_payload,92011,9e213c656cf1c0f40de46454befd2a212dad86f8dee29ce85eb10cad35b3c166,study01_run
01,REPRO:01_clustering/outputs/final_rerun_20260718/methods/STAGATE_mclust/151508/combined_mild_dropout/metadata.json,candidate_evidence,2022,6370f5cf6d75294eebe73827b7fbf4d317888bf91cb1fcc82a532b5eac0573d3,study01_run
01,REPRO:01_clustering/outputs/final_rerun_20260718/methods/STAGATE_mclust/151508/combined_mild_dropout/result.h5ad,candidate_payload,3476727,c1f9daf96d6d59c2b982947d797b0844641426329ff0c11663ffb7c21ecb8ef9,study01_run
01,REPRO:01_clustering/outputs/final_rerun_20260718/methods/STAGATE_mclust/151508/combined_mild_dropout/runner.log,candidate_evidence,22210,97c809048a8758ee1237fb4dd20317a1574dd5a8c7bdb7adb2605499741e8a53,study01_run
01,REPRO:01_clustering/outputs/final_rerun_20260718/methods/STAGATE_mclust/151508/combined_noisy_tissue/clusters.csv,candidate_payload,92011,288df527a2175fdff8323ad875f1f2c4bd4a8eda690a2df7624ffb881eb15e4b,study01_run
01,REPRO:01_clustering/outputs/final_rerun_20260718/methods/STAGATE_mclust/151508/combined_noisy_tissue/metadata.json,candidate_evidence,2022,977d855aac38111bc97c8f2687483366aabd04fb205dd4a5ba142d1c6de083c6,study01_run
01,REPRO:01_clustering/outputs/final_rerun_20260718/methods/STAGATE_mclust/151508/combined_noisy_tissue/result.h5ad,candidate_payload,3669635,c352fcd3a1352fa1718fb24ca17379b1add11c65770bd99cf1558a11653a1ca6,study01_run
01,REPRO:01_clustering/outputs/final_rerun_20260718/methods/STAGATE_mclust/151508/combined_noisy_tissue/runner.log,candidate_evidence,22210,c6f9b829064006674f5c6e54ab1c2715aabd3d91cd28a33dc0bff4953388af20,study01_run
01,REPRO:01_clustering/outputs/final_rerun_20260718/methods/STAGATE_mclust/151508/combined_strong_activation/clusters.csv,candidate_payload,92011,966c82ab6f5f86a58b4271495ca9112a49934d3a6ea05ea647cb85decd5b6d44,study01_run
01,REPRO:01_clustering/outputs/final_rerun_20260718/methods/STAGATE_mclust/151508/combined_strong_activation/metadata.json,candidate_evidence,2022,a1843baf2643a28fe08a4846c7b81aba8684958bb2c44e3d1dcd1ff650ac2ff2,study01_run
01,REPRO:01_clustering/outputs/final_rerun_20260718/methods/STAGATE_mclust/151508/combined_strong_activation/result.h5ad,candidate_payload,4392486,73edd2e898af027704cfe63263484e52dfcc3a8adc9ebed3e84aad299d85421b,study01_run
01,REPRO:01_clustering/outputs/final_rerun_20260718/methods/STAGATE_mclust/151508/combined_strong_activation/runner.log,candidate_evidence,22210,96b27c1fdb5c1d54d830421493234478736499acd096169d829f38485ead9eeb,study01_run
01,REPRO:01_clustering/outputs/final_rerun_20260718/methods/STAGATE_mclust/151508/combined_suppressed/clusters.csv,candidate_payload,92011,972c8b8e64cfb4c689335e6a1573ceb1e50a44dbf22b44269dfe57a45e689abc,study01_run
01,REPRO:01_clustering/outputs/final_rerun_20260718/methods/STAGATE_mclust/151508/combined_suppressed/metadata.json,candidate_evidence,2022,4985d2b175e41a2f7664e38dfffdb965e89e9c09d9f778235d13c7fc506f5ad2,study01_run
01,REPRO:01_clustering/outputs/final_rerun_20260718/methods/STAGATE_mclust/151508/combined_suppressed/result.h5ad,candidate_payload,3234856,e22a89071f1e0b29d891805a24e60b2f8ecfb7e86ff9fcf33aecc4948f2a7177,study01_run
01,REPRO:01_clustering/outputs/final_rerun_20260718/methods/STAGATE_mclust/151508/combined_suppressed/runner.log,candidate_evidence,22210,e10b1fec6ddd7d534272c18ddabf63b50e0e9b134c4412de39a12bccf59bf51b,study01_run
01,REPRO:01_clustering/outputs/final_rerun_20260718/methods/STAGATE_mclust/151508/mean_0_50/clusters.csv,candidate_payload,92011,5ba7c7295a3e61c29b68d7ab80b7a380d3a1e7f2355da784ff261427f67dedf9,study01_run
01,REPRO:01_clustering/outputs/final_rerun_20260718/methods/STAGATE_mclust/151508/mean_0_50/metadata.json,candidate_evidence,2022,2f04a815481d70a20b558f3329c7ff726f78c76caa68272c99013ad87ff57d53,study01_run
01,REPRO:01_clustering/outputs/final_rerun_20260718/methods/STAGATE_mclust/151508/mean_0_50/result.h5ad,candidate_payload,3569828,9ee1a06d0173edc1178c65d1c4c9b6977edd23e70ee28fafe334c93538a85611,study01_run
01,REPRO:01_clustering/outputs/final_rerun_20260718/methods/STAGATE_mclust/151508/mean_0_50/runner.log,candidate_evidence,22210,f27dcd112a57525a8047655b6ce9e708afc4a429a720ae5f0e34c840a80f5b61,study01_run
01,REPRO:01_clustering/outputs/final_rerun_20260718/methods/STAGATE_mclust/151508/mean_0_67/clusters.csv,candidate_payload,92011,95e2a1e919ec1fa2187419813f01139be63d17d6ee0b106eeb35e14d3966d7df,study01_run
01,REPRO:01_clustering/outputs/final_rerun_20260718/methods/STAGATE_mclust/151508/mean_0_67/metadata.json,candidate_evidence,2022,4432aabc7e3fe9b1262daa92dd760d81c1a0b68d8b279198d3c7cefe3073e216,study01_run
01,REPRO:01_clustering/outputs/final_rerun_20260718/methods/STAGATE_mclust/151508/mean_0_67/result.h5ad,candidate_payload,3698674,0a6aaa6c07a0736e7cc3ee67bf4173f55ca1009cea7f42d96d48b419d8f7ca28,study01_run
01,REPRO:01_clustering/outputs/final_rerun_20260718/methods/STAGATE_mclust/151508/mean_0_67/runner.log,candidate_evidence,22210,06e16cfc0e8021912edc582b014d005c59b2ccb537d39336a8f169877a1ae44a,study01_run
01,REPRO:01_clustering/outputs/final_rerun_20260718/methods/STAGATE_mclust/151508/mean_0_80/clusters.csv,candidate_payload,92011,db0ad341e1742e5f08c0ab3147bca8dc4167760bbff8d8c4d52f85e2fb5829c3,study01_run
01,REPRO:01_clustering/outputs/final_rerun_20260718/methods/STAGATE_mclust/151508/mean_0_80/metadata.json,candidate_evidence,2021,8115c31111274dd336b3d5df0f971b1843d9bd3767e26cbd9ffa96a9843feee3,study01_run
01,REPRO:01_clustering/outputs/final_rerun_20260718/methods/STAGATE_mclust/151508/mean_0_80/result.h5ad,candidate_payload,3785216,67f0acf4dcc39d496f30237bc22fcf684e2655e81e29fc10603b5afeedac8b84,study01_run
01,REPRO:01_clustering/outputs/final_rerun_20260718/methods/STAGATE_mclust/151508/mean_0_80/runner.log,candidate_evidence,22210,865f8f2f5a72055b616d88ac450d09ecd71007ce8c64c35d412f254b34027583,study01_run
01,REPRO:01_clustering/outputs/final_rerun_20260718/methods/STAGATE_mclust/151508/mean_1_25/clusters.csv,candidate_payload,92011,7a7c6efd1f48f47af38cab19a1c48939a40a6a6b29d51be26b402075edc8ef39,study01_run
01,REPRO:01_clustering/outputs/final_rerun_20260718/methods/STAGATE_mclust/151508/mean_1_25/metadata.json,candidate_evidence,2022,d99e426f9c4613ad7f30f30b8743615615373ea6d9b2686b66ec1fd612921df0,study01_run
01,REPRO:01_clustering/outputs/final_rerun_20260718/methods/STAGATE_mclust/151508/mean_1_25/result.h5ad,candidate_payload,3949500,d34fc90e451ed28d4117e8704458a0cac7ad4b869043e33a92bcbd60f70bf37c,study01_run
01,REPRO:01_clustering/outputs/final_rerun_20260718/methods/STAGATE_mclust/151508/mean_1_25/runner.log,candidate_evidence,22210,7fa0775ac69b61e7c3f991efcb887c44c41399238d3fa937204da451755070aa,study01_run
01,REPRO:01_clustering/outputs/final_rerun_20260718/methods/STAGATE_mclust/151508/mean_1_50/clusters.csv,candidate_payload,92011,3e60af8727e8e0ac1d71fee69bd5a3ccc1f408f1757bb4b76075b4bafd3e2fef,study01_run
01,REPRO:01_clustering/outputs/final_rerun_20260718/methods/STAGATE_mclust/151508/mean_1_50/metadata.json,candidate_evidence,2022,1da613b136769a6b3c3ad962801adfa9cc7a2d981c1064163b7ea152b6e52e79,study01_run
01,REPRO:01_clustering/outputs/final_rerun_20260718/methods/STAGATE_mclust/151508/mean_1_50/result.h5ad,candidate_payload,4005637,2ca501499bc070cc4f45d1dc08295f5d6ceafc987aa06cf81f7e38d4ca90eb55,study01_run
01,REPRO:01_clustering/outputs/final_rerun_20260718/methods/STAGATE_mclust/151508/mean_1_50/runner.log,candidate_evidence,22210,163ef0a79db92a8fed6f8e3b48dfee1df29bdf38bab71088aec65b88d0af515a,study01_run
01,REPRO:01_clustering/outputs/final_rerun_20260718/methods/STAGATE_mclust/151508/mean_2/clusters.csv,candidate_payload,92011,8fcb2aad7d0fe7e730bf93f263c7913560ea52bceae4aeb367d16f8c3227479a,study01_run
01,REPRO:01_clustering/outputs/final_rerun_20260718/methods/STAGATE_mclust/151508/mean_2/metadata.json,candidate_evidence,2022,36d26912011f8f43ca8a7fbe9593fc466e73e2e142809e9bc20bca804438a7bd,study01_run
01,REPRO:01_clustering/outputs/final_rerun_20260718/methods/STAGATE_mclust/151508/mean_2/result.h5ad,candidate_payload,4119470,19ee598220003cd45b8fd1f11b71902c0abf57d4d3f8b2d3032e3f416b65b79d,study01_run
01,REPRO:01_clustering/outputs/final_rerun_20260718/methods/STAGATE_mclust/151508/mean_2/runner.log,candidate_evidence,22210,e0dc9ceddd0272703d518a60d7ae15dfffacf199df44e75443dc71543f8bf324,study01_run
01,REPRO:01_clustering/outputs/final_rerun_20260718/methods/STAGATE_mclust/151508/real_baseline/clusters.csv,candidate_payload,92011,83a48a3d917ff3351c7b52ac490fe485d311692a9ad2dde91d36dcf74620b7fa,study01_run
01,REPRO:01_clustering/outputs/final_rerun_20260718/methods/STAGATE_mclust/151508/real_baseline/metadata.json,candidate_evidence,2022,58fd349199a1863d1fcf09f59c3ff8b0cc05bd73c1cefedbc4058ecd1c8c01b9,study01_run
01,REPRO:01_clustering/outputs/final_rerun_20260718/methods/STAGATE_mclust/151508/real_baseline/result.h5ad,candidate_payload,5979386,ff3fca463d8c6122916ffdfccadde570c3d3b54829cb5f322b91d06af78dbda9,study01_run
01,REPRO:01_clustering/outputs/final_rerun_20260718/methods/STAGATE_mclust/151508/real_baseline/runner.log,candidate_evidence,22210,9d0c372ed4c1c873bb9390119353d90197593b9062ac08b50795309a031e7e5c,study01_run
01,REPRO:01_clustering/outputs/final_rerun_20260718/methods/STAGATE_mclust/151508/sparsity_neg_0_25/clusters.csv,candidate_payload,92011,fed5b3642e23e43414318216e007c9eafedd9823e7bd79e8e3c59d9ebc8c8eaa,study01_run
01,REPRO:01_clustering/outputs/final_rerun_20260718/methods/STAGATE_mclust/151508/sparsity_neg_0_25/metadata.json,candidate_evidence,2022,a3cbbecafbe52281cf258f79acb07fbf19ee3ff30ff6285bae0499432fc372e0,study01_run
01,REPRO:01_clustering/outputs/final_rerun_20260718/methods/STAGATE_mclust/151508/sparsity_neg_0_25/result.h5ad,candidate_payload,4043783,f90f1c4b3b113a0cfe6d1d5238f7aa4e68ceeaef35bb59a82edf3378de9ab169,study01_run
01,REPRO:01_clustering/outputs/final_rerun_20260718/methods/STAGATE_mclust/151508/sparsity_neg_0_25/runner.log,candidate_evidence,22210,e55396a8bf4fcca84fb188f4ce17eb13277146e1af01235c830b1c270ffa64d4,study01_run
01,REPRO:01_clustering/outputs/final_rerun_20260718/methods/STAGATE_mclust/151508/sparsity_neg_0_50/clusters.csv,candidate_payload,92011,4164c85b5aed57040ce16756b2e47a0feb85d79eb1df29e1e7660dd210233993,study01_run
01,REPRO:01_clustering/outputs/final_rerun_20260718/methods/STAGATE_mclust/151508/sparsity_neg_0_50/metadata.json,candidate_evidence,2022,507ded7d25cca5a2cf2f7ea168e267e8a6a065192ff76748f7954c25a27ea403,study01_run
01,REPRO:01_clustering/outputs/final_rerun_20260718/methods/STAGATE_mclust/151508/sparsity_neg_0_50/result.h5ad,candidate_payload,4036815,ee7eebbfaa3a68abc39da8021f131d8a578522bd5a9f5006e539afa15675373e,study01_run
01,REPRO:01_clustering/outputs/final_rerun_20260718/methods/STAGATE_mclust/151508/sparsity_neg_0_50/runner.log,candidate_evidence,22210,7a8112e25b980232fb52821b4ef98f783a97572bd76b194289840c7a7ed6581b,study01_run
01,REPRO:01_clustering/outputs/final_rerun_20260718/methods/STAGATE_mclust/151508/sparsity_neg_1/clusters.csv,candidate_payload,92011,91aad649bb0213b15e05a0f5e40d6b92bd3af8293b1b25940406ec13ed0a4f11,study01_run
01,REPRO:01_clustering/outputs/final_rerun_20260718/methods/STAGATE_mclust/151508/sparsity_neg_1/metadata.json,candidate_evidence,2022,2dbbfa0bd471f8908c06652a72b02c9607eb08f51f96db5ebf23bf8e24ce5e02,study01_run
01,REPRO:01_clustering/outputs/final_rerun_20260718/methods/STAGATE_mclust/151508/sparsity_neg_1/result.h5ad,candidate_payload,4078645,2d17c5c9c269f25bcaf8d9c3e3d41460d1abaf6e2760f1bc85c7280e78f8eed8,study01_run
01,REPRO:01_clustering/outputs/final_rerun_20260718/methods/STAGATE_mclust/151508/sparsity_neg_1/runner.log,candidate_evidence,22210,52a4ace1c11e883d6a41bed60bd14cf1b0074d13beeeeb16a486709072498ed9,study01_run
01,REPRO:01_clustering/outputs/final_rerun_20260718/methods/STAGATE_mclust/151508/sparsity_pos_0_25/clusters.csv,candidate_payload,92011,0f42ca885eee93c851d65e9569cfe4e45872c603ab078a78aa41bb833613d4c8,study01_run
01,REPRO:01_clustering/outputs/final_rerun_20260718/methods/STAGATE_mclust/151508/sparsity_pos_0_25/metadata.json,candidate_evidence,2022,ef9cad4ccfacbe36dcc621a0278e25510cb5c29495af3babe5de4f0877df9cf5,study01_run
01,REPRO:01_clustering/outputs/final_rerun_20260718/methods/STAGATE_mclust/151508/sparsity_pos_0_25/result.h5ad,candidate_payload,3675384,873462a07c6e4e0780a8337eb1ff22547999f282ce4304f7646ab472250b7c49,study01_run
01,REPRO:01_clustering/outputs/final_rerun_20260718/methods/STAGATE_mclust/151508/sparsity_pos_0_25/runner.log,candidate_evidence,22210,63b94ddc91ea494f1aa31e962cec3ac1a860608c1ab184143407e97d653e53db,study01_run
01,REPRO:01_clustering/outputs/final_rerun_20260718/methods/STAGATE_mclust/151508/sparsity_pos_0_50/clusters.csv,candidate_payload,92011,e1ced522482e170520e62a9708930fc5e707f899bcecef9b613f9b5131f8588f,study01_run
01,REPRO:01_clustering/outputs/final_rerun_20260718/methods/STAGATE_mclust/151508/sparsity_pos_0_50/metadata.json,candidate_evidence,2022,6c4e180f2e977daf8d85c201a69a418a10a5c47d3434aaef914686f6c7621077,study01_run
01,REPRO:01_clustering/outputs/final_rerun_20260718/methods/STAGATE_mclust/151508/sparsity_pos_0_50/result.h5ad,candidate_payload,3488532,dbd22f7f292d33768b7b4e3c08ac11e73dbc5c1d83b34a568e824e0ccf712a4e,study01_run
01,REPRO:01_clustering/outputs/final_rerun_20260718/methods/STAGATE_mclust/151508/sparsity_pos_0_50/runner.log,candidate_evidence,22210,6ad171965611591c4ae8f6da38d429405f791aa1ed578bdd40e0845e0ef22ba9,study01_run
01,REPRO:01_clustering/outputs/final_rerun_20260718/methods/STAGATE_mclust/151508/sparsity_pos_1/clusters.csv,candidate_payload,92011,1e547bf3625f95592b89d38b6f53f4674169680a528598173d5b2987523280fe,study01_run
01,REPRO:01_clustering/outputs/final_rerun_20260718/methods/STAGATE_mclust/151508/sparsity_pos_1/metadata.json,candidate_evidence,2022,0b31a9de12ab3f1936aba375454df104f573e4ae0447d6e9c74424da38bffdb9,study01_run
01,REPRO:01_clustering/outputs/final_rerun_20260718/methods/STAGATE_mclust/151508/sparsity_pos_1/result.h5ad,candidate_payload,3165742,b70e02c7da46a7a61ff9727667c40ef78653787abd81ee0aba11be7c3f8db84e,study01_run
01,REPRO:01_clustering/outputs/final_rerun_20260718/methods/STAGATE_mclust/151508/sparsity_pos_1/runner.log,candidate_evidence,22210,06995d55d7afe1d4ff80f0f2d5ff36cccf9f979a3384e0fec2287736ec2e0cc5,study01_run
01,REPRO:01_clustering/outputs/final_rerun_20260718/methods/STAGATE_mclust/151508/var_hetero_0_75/clusters.csv,candidate_payload,92011,81b961fefaa65a9f4d17c417cb2c698fa086684b37a6fff51792d9379d305640,study01_run
01,REPRO:01_clustering/outputs/final_rerun_20260718/methods/STAGATE_mclust/151508/var_hetero_0_75/metadata.json,candidate_evidence,2021,30a4912cb659b1ef5d1671bb30e4307e8d22d7fc806dc3c662d5fbccb430a240,study01_run
01,REPRO:01_clustering/outputs/final_rerun_20260718/methods/STAGATE_mclust/151508/var_hetero_0_75/result.h5ad,candidate_payload,3904083,b87012473363bc4e33863aefdf40e81dd62839b0b5fe5640557dd5f7fa81e828,study01_run
01,REPRO:01_clustering/outputs/final_rerun_20260718/methods/STAGATE_mclust/151508/var_hetero_0_75/runner.log,candidate_evidence,22210,4d65d650984923a0f9ada2f964d92ed2416ba7e028fa4e0e61201594bc166656,study01_run
01,REPRO:01_clustering/outputs/final_rerun_20260718/methods/STAGATE_mclust/151508/var_hetero_1_25/clusters.csv,candidate_payload,92011,8e3471d91fe0fd1ee229769d2d3888d85f87bde7706dcc05513c147eee7c3489,study01_run
01,REPRO:01_clustering/outputs/final_rerun_20260718/methods/STAGATE_mclust/151508/var_hetero_1_25/metadata.json,candidate_evidence,2022,daeab2a7b7131cfd5316699c1b48a1fc7dd59d57fa9172fa3baa8bced90a0c2b,study01_run
01,REPRO:01_clustering/outputs/final_rerun_20260718/methods/STAGATE_mclust/151508/var_hetero_1_25/result.h5ad,candidate_payload,3889893,d67fa7e6e51d6406919790d550208918b6ebaea17a1cd0ae2f26db518ffcd0d8,study01_run
01,REPRO:01_clustering/outputs/final_rerun_20260718/methods/STAGATE_mclust/151508/var_hetero_1_25/runner.log,candidate_evidence,22210,18eaa044c54539c5b96d9b99de9e8be8f7896994af308b5303e2b020f80412ff,study01_run
01,REPRO:01_clustering/outputs/final_rerun_20260718/methods/STAGATE_mclust/151508/var_hetero_1_50/clusters.csv,candidate_payload,92011,72084c09b2876709031839d851d1c443a76015bea954a61b93c707ab86f49395,study01_run
01,REPRO:01_clustering/outputs/final_rerun_20260718/methods/STAGATE_mclust/151508/var_hetero_1_50/metadata.json,candidate_evidence,2022,046cdaad833c62598ca605d61d207037b22cc2beab822601a61fa17574bdd489,study01_run
01,REPRO:01_clustering/outputs/final_rerun_20260718/methods/STAGATE_mclust/151508/var_hetero_1_50/result.h5ad,candidate_payload,3882459,a0781af4bd801207402de15e3c4e792f5f6797b348d28289f7df3cd4a6e1843d,study01_run
01,REPRO:01_clustering/outputs/final_rerun_20260718/methods/STAGATE_mclust/151508/var_hetero_1_50/runner.log,candidate_evidence,22210,b0e67f04a376dd64a2361cbf727b2b4935b989d735f11dcc1f3b543294382182,study01_run
01,REPRO:01_clustering/outputs/final_rerun_20260718/methods/STAGATE_mclust/151508/variance_0_50/clusters.csv,candidate_payload,92011,351071ef21ddfac3aef6aa9d0fb331d27cc1e7bd1085467bc6c3373d83517b3e,study01_run
01,REPRO:01_clustering/outputs/final_rerun_20260718/methods/STAGATE_mclust/151508/variance_0_50/metadata.json,candidate_evidence,2021,de539b910f2c3ae68cfd0f7a46cc7570726c7fee410583ac3ad02cfeb8870fcc,study01_run
01,REPRO:01_clustering/outputs/final_rerun_20260718/methods/STAGATE_mclust/151508/variance_0_50/result.h5ad,candidate_payload,3904020,01ab51d79ad436f093f7a7b0a488bdda489368d619367f2cacf44d58817770d9,study01_run
01,REPRO:01_clustering/outputs/final_rerun_20260718/methods/STAGATE_mclust/151508/variance_0_50/runner.log,candidate_evidence,22210,3c08f8ae2be4948f60f05319eba8165eba09e3b2e633328ddaa0bdd7d74dff36,study01_run
01,REPRO:01_clustering/outputs/final_rerun_20260718/methods/STAGATE_mclust/151508/variance_0_67/clusters.csv,candidate_payload,92011,f82ecf32c4add47e868cca1daa79e43f68eeaa7341682c564315176ff5d63220,study01_run
01,REPRO:01_clustering/outputs/final_rerun_20260718/methods/STAGATE_mclust/151508/variance_0_67/metadata.json,candidate_evidence,2022,a33d3100b6b5b76e63b4fa45c05f4ba71cacf5d32a3644e5d9d07654d26c7c7a,study01_run
01,REPRO:01_clustering/outputs/final_rerun_20260718/methods/STAGATE_mclust/151508/variance_0_67/result.h5ad,candidate_payload,3903364,4ccabb5bc46e8eb7b747fa6682b390e9d0649127dc8b14c4960112df6dd8fd11,study01_run
01,REPRO:01_clustering/outputs/final_rerun_20260718/methods/STAGATE_mclust/151508/variance_0_67/runner.log,candidate_evidence,22210,653e6ff8675558d8ec58dd0a7e43219e5eae8a6b8e824879f02a0f93b0158ca8,study01_run
01,REPRO:01_clustering/outputs/final_rerun_20260718/methods/STAGATE_mclust/151508/variance_0_80/clusters.csv,candidate_payload,92011,12d760a413e6d60a946519eff0cee50236d644e8a84148790da89de46c825288,study01_run
01,REPRO:01_clustering/outputs/final_rerun_20260718/methods/STAGATE_mclust/151508/variance_0_80/metadata.json,candidate_evidence,2022,950d61cf2fe1124984bea3754960166cf4cc8cadea6c1b90ba367179e0259629,study01_run
01,REPRO:01_clustering/outputs/final_rerun_20260718/methods/STAGATE_mclust/151508/variance_0_80/result.h5ad,candidate_payload,3901207,4849521ca41b2e697f3230bf0b55c280447c7854c4bfe31c1094cead57f9b05a,study01_run
01,REPRO:01_clustering/outputs/final_rerun_20260718/methods/STAGATE_mclust/151508/variance_0_80/runner.log,candidate_evidence,22210,5f15a6dd705f1035f8eea37b366b3b5766ee472f9ec6bcce5ea5bcc018c8ec71,study01_run
01,REPRO:01_clustering/outputs/final_rerun_20260718/methods/STAGATE_mclust/151508/variance_1_25/clusters.csv,candidate_payload,92011,b78a49689bd5fc88845f7618f42d44bbd17732617fccc5a18c489d10676181e9,study01_run
01,REPRO:01_clustering/outputs/final_rerun_20260718/methods/STAGATE_mclust/151508/variance_1_25/metadata.json,candidate_evidence,2022,3baa4916f9b9e5fa1bddb6c4454b9dfd37acadfa72928e9e84d2a83fa1d726e4,study01_run
01,REPRO:01_clustering/outputs/final_rerun_20260718/methods/STAGATE_mclust/151508/variance_1_25/result.h5ad,candidate_payload,3895676,e0c92cfcbc80f654d31b1cad9ab38381defcbe5fb78bc70e582f21fed7daf9ed,study01_run
01,REPRO:01_clustering/outputs/final_rerun_20260718/methods/STAGATE_mclust/151508/variance_1_25/runner.log,candidate_evidence,22210,f6110ebfb5054002151bc43d971fb7dc634b35fbcc18183461ba9e320d3e0fbb,study01_run
01,REPRO:01_clustering/outputs/final_rerun_20260718/methods/STAGATE_mclust/151508/variance_1_50/clusters.csv,candidate_payload,92011,64bc9d577a765a9332e63b50007a4fcb043002a4abf5ae72e72040fd4535bfd2,study01_run
01,REPRO:01_clustering/outputs/final_rerun_20260718/methods/STAGATE_mclust/151508/variance_1_50/metadata.json,candidate_evidence,2022,e45f3a1e92c309500388d12aab3e3a5deb9fd06e006cbde7286f436ca945cf13,study01_run
01,REPRO:01_clustering/outputs/final_rerun_20260718/methods/STAGATE_mclust/151508/variance_1_50/result.h5ad,candidate_payload,3894244,0a9949403bf2f08c7ba6d420020837a0940e82f9f29cc55606c961af17723023,study01_run
01,REPRO:01_clustering/outputs/final_rerun_20260718/methods/STAGATE_mclust/151508/variance_1_50/runner.log,candidate_evidence,22210,ec7cc355e25713afe607a4d887c243bcffe9fd67cbf9a3b73ecb4c93848891e2,study01_run
01,REPRO:01_clustering/outputs/final_rerun_20260718/methods/STAGATE_mclust/151508/variance_2/clusters.csv,candidate_payload,92011,954a6067d4a7d14fba340007099c7c2e3d4b3cdd7c7d9d18f5e518143b91252d,study01_run
01,REPRO:01_clustering/outputs/final_rerun_20260718/methods/STAGATE_mclust/151508/variance_2/metadata.json,candidate_evidence,2022,e80a8e74e38cd7a1a9071766bd7d56fc2e36799093a76274b38a58adedb2f4d0,study01_run
01,REPRO:01_clustering/outputs/final_rerun_20260718/methods/STAGATE_mclust/151508/variance_2/result.h5ad,candidate_payload,3890441,31139ce066e36b3e5db5aa6ba4b588905ddda36eabde9d756cd0a40190556c24,study01_run
01,REPRO:01_clustering/outputs/final_rerun_20260718/methods/STAGATE_mclust/151508/variance_2/runner.log,candidate_evidence,22210,ded4f30d51e986908e676c56626078826ea95c5d3a471eb2b2ca13438b83903d,study01_run
01,REPRO:01_clustering/outputs/final_rerun_20260718/methods/STAGATE_mclust/151670/baseline/clusters.csv,candidate_payload,73111,9091ac7536194753d32176882f0ea8a76107f37dc63b6e75e69abe95ec50d54f,study01_run
01,REPRO:01_clustering/outputs/final_rerun_20260718/methods/STAGATE_mclust/151670/baseline/metadata.json,candidate_evidence,2022,597ce8d6e67e1a9dedab444ce7dc2522c7f6f87610c968f4bcc93a7d2d91af41,study01_run
01,REPRO:01_clustering/outputs/final_rerun_20260718/methods/STAGATE_mclust/151670/baseline/result.h5ad,candidate_payload,3859247,41f884b0164e43827bc954381b0b853f02d2f914e560df969e790e4cdbf62e3a,study01_run
01,REPRO:01_clustering/outputs/final_rerun_20260718/methods/STAGATE_mclust/151670/baseline/runner.log,candidate_evidence,22210,40232dff1bc8ce16b79df1539db950e53379c72d969ec0d0acb24fbb8445f997,study01_run
01,REPRO:01_clustering/outputs/final_rerun_20260718/methods/STAGATE_mclust/151670/combined_mild_activation/clusters.csv,candidate_payload,73111,35e8ed710da80d0241d5e116d4cfc1bae4a7948f7842faaaa5b87722436fe8b3,study01_run
01,REPRO:01_clustering/outputs/final_rerun_20260718/methods/STAGATE_mclust/151670/combined_mild_activation/metadata.json,candidate_evidence,2022,24f47e338797fdebadac229f2a121740548dfbc83dbcb60ed143d1da49dec9d2,study01_run
01,REPRO:01_clustering/outputs/final_rerun_20260718/methods/STAGATE_mclust/151670/combined_mild_activation/result.h5ad,candidate_payload,4152541,f14e5480884462a859a6efe203760f14bc62ce3452457e466cb3888e9ecb275c,study01_run
01,REPRO:01_clustering/outputs/final_rerun_20260718/methods/STAGATE_mclust/151670/combined_mild_activation/runner.log,candidate_evidence,22210,622552459314dcf0a0b4c201180a1fc1cd258c28fb783bedc7ae5541eb6d7065,study01_run
01,REPRO:01_clustering/outputs/final_rerun_20260718/methods/STAGATE_mclust/151670/combined_mild_dropout/clusters.csv,candidate_payload,73111,4b0a0daf69359cda68550a512d57da7a4cd9136bd23f1c757a2e58afaf82e6ec,study01_run
01,REPRO:01_clustering/outputs/final_rerun_20260718/methods/STAGATE_mclust/151670/combined_mild_dropout/metadata.json,candidate_evidence,2022,4226a5c31a35aa1f6f2733d31cf27c36f13e1ef61dabcf0dacd382d231741aa0,study01_run
01,REPRO:01_clustering/outputs/final_rerun_20260718/methods/STAGATE_mclust/151670/combined_mild_dropout/result.h5ad,candidate_payload,3441587,2eec8a3dbdad91ddd5dadb31fd8318f83d30441ed1f01330fcda1d83ab6b8acc,study01_run
01,REPRO:01_clustering/outputs/final_rerun_20260718/methods/STAGATE_mclust/151670/combined_mild_dropout/runner.log,candidate_evidence,22210,e73b95662e94f4569122b544aed4f56d701b881b10e32395129bd8b422555a1a,study01_run
01,REPRO:01_clustering/outputs/final_rerun_20260718/methods/STAGATE_mclust/151670/combined_noisy_tissue/clusters.csv,candidate_payload,73111,ffc8c5042de4679863ba74c71f38bfcbf0846dc593e0bb1e81221b322a5eaa1c,study01_run
01,REPRO:01_clustering/outputs/final_rerun_20260718/methods/STAGATE_mclust/151670/combined_noisy_tissue/metadata.json,candidate_evidence,2022,f7d51aa5892230e4a072411396379c30afd7c730361c8f6cedd5877662136ec8,study01_run
01,REPRO:01_clustering/outputs/final_rerun_20260718/methods/STAGATE_mclust/151670/combined_noisy_tissue/result.h5ad,candidate_payload,3627729,57f53328449213f3fa8f8381624f472281a2ffb0e93baf8697052bac8cd2399e,study01_run
01,REPRO:01_clustering/outputs/final_rerun_20260718/methods/STAGATE_mclust/151670/combined_noisy_tissue/runner.log,candidate_evidence,22210,e3d5a76a294ad3849cc5a455d0f5167f8218f714053e5c95e5d19fde6a5e2f04,study01_run
01,REPRO:01_clustering/outputs/final_rerun_20260718/methods/STAGATE_mclust/151670/combined_strong_activation/clusters.csv,candidate_payload,73111,493477fc83cc0965eda57d7002d01af0c6dc9fac5d60ff782c35b54f9225bb51,study01_run
01,REPRO:01_clustering/outputs/final_rerun_20260718/methods/STAGATE_mclust/151670/combined_strong_activation/metadata.json,candidate_evidence,2022,8fe1f1409dfc51a9a59358310ce8d87b58d8a405901c9b8e60274aea9f803b82,study01_run
01,REPRO:01_clustering/outputs/final_rerun_20260718/methods/STAGATE_mclust/151670/combined_strong_activation/result.h5ad,candidate_payload,4396933,f09f5cdac53d97918640d3ed5a7ed819a3ebdd878ce12fe2a55db28b6b0ed558,study01_run
01,REPRO:01_clustering/outputs/final_rerun_20260718/methods/STAGATE_mclust/151670/combined_strong_activation/runner.log,candidate_evidence,22210,04cdfe5d14de7298eb8d7fc17f232ced9f8d848c299330356e411baf2f5f0c7f,study01_run
01,REPRO:01_clustering/outputs/final_rerun_20260718/methods/STAGATE_mclust/151670/combined_suppressed/clusters.csv,candidate_payload,73111,69aed59ac2038908a17969cc8a3c6278d67e27c384bd644d9ce0118793bd0957,study01_run
01,REPRO:01_clustering/outputs/final_rerun_20260718/methods/STAGATE_mclust/151670/combined_suppressed/metadata.json,candidate_evidence,2022,7bf9ff95e5834664da7963101435a5892a7eb7ec57e348c42283b93f32d76f6b,study01_run
01,REPRO:01_clustering/outputs/final_rerun_20260718/methods/STAGATE_mclust/151670/combined_suppressed/result.h5ad,candidate_payload,3190864,30a7d541d90c4f9b98f31b599de830621f54bccc3be671d6c9037d23f8e1956f,study01_run
01,REPRO:01_clustering/outputs/final_rerun_20260718/methods/STAGATE_mclust/151670/combined_suppressed/runner.log,candidate_evidence,22210,ee0ec98fa095b297da1de9bbf11f77a794e94c01f8da0aa4e4f086c92002454e,study01_run
01,REPRO:01_clustering/outputs/final_rerun_20260718/methods/STAGATE_mclust/151670/mean_0_50/clusters.csv,candidate_payload,73111,d48a7dbc422ca550ec272b48f22203ffacf2d0a22b6a943c75937abc7752e530,study01_run
01,REPRO:01_clustering/outputs/final_rerun_20260718/methods/STAGATE_mclust/151670/mean_0_50/metadata.json,candidate_evidence,2021,d197cf5b1b6f2b7d82b872ea6d488631661e6b61e167872d6835e61755212f18,study01_run
01,REPRO:01_clustering/outputs/final_rerun_20260718/methods/STAGATE_mclust/151670/mean_0_50/result.h5ad,candidate_payload,3534621,ef085b29571fc75dceee698b9851fb2be1c475f1e8e5400eceb77fe5fca077e5,study01_run
01,REPRO:01_clustering/outputs/final_rerun_20260718/methods/STAGATE_mclust/151670/mean_0_50/runner.log,candidate_evidence,22210,2c938df4a9b1f597228bb6f48bc81478d304a5baa584700285e39e3fc379c2fb,study01_run
01,REPRO:01_clustering/outputs/final_rerun_20260718/methods/STAGATE_mclust/151670/mean_0_67/clusters.csv,candidate_payload,73111,c8c8c6e92c1637baa238cc0cc12f1aecc849400a3755cac0388d8487ec280890,study01_run
01,REPRO:01_clustering/outputs/final_rerun_20260718/methods/STAGATE_mclust/151670/mean_0_67/metadata.json,candidate_evidence,2022,df6e1eb2b9e92b474e5b5565db5fc83dc85e0bcc711388961a3b8c436d102f5d,study01_run
01,REPRO:01_clustering/outputs/final_rerun_20260718/methods/STAGATE_mclust/151670/mean_0_67/result.h5ad,candidate_payload,3665862,f1b0d4472d58dca7f186d0907b9a148a033b8c785ed61debd6172d349d697f01,study01_run
01,REPRO:01_clustering/outputs/final_rerun_20260718/methods/STAGATE_mclust/151670/mean_0_67/runner.log,candidate_evidence,22210,e8ad6c6faf37163f3f9dc5fae161c4e50f1d165cd5524d8cad30b8c881ff20a7,study01_run
01,REPRO:01_clustering/outputs/final_rerun_20260718/methods/STAGATE_mclust/151670/mean_0_80/clusters.csv,candidate_payload,73111,f389717073914c08fc809f1aafc967b26a6b9648b18e921af992a269f53ba086,study01_run
01,REPRO:01_clustering/outputs/final_rerun_20260718/methods/STAGATE_mclust/151670/mean_0_80/metadata.json,candidate_evidence,2022,6dc7e601cc574086e49160e4f99d80f47dbe9152053d545c8fef434b3e67ee4b,study01_run
01,REPRO:01_clustering/outputs/final_rerun_20260718/methods/STAGATE_mclust/151670/mean_0_80/result.h5ad,candidate_payload,3755723,95187ffa19bb555be4e2997550beafb6976bcef6d347e08924036c506af2c093,study01_run
01,REPRO:01_clustering/outputs/final_rerun_20260718/methods/STAGATE_mclust/151670/mean_0_80/runner.log,candidate_evidence,22210,9596aa550846bcba0c4a0d5256b08db2d622d05263d8c0e341734f31810f23da,study01_run
01,REPRO:01_clustering/outputs/final_rerun_20260718/methods/STAGATE_mclust/151670/mean_1_25/clusters.csv,candidate_payload,73111,01b7273e9b4fe4ad10eb5aa70ab47049115b74bbe8516468928cbaa8ba1dbac2,study01_run
01,REPRO:01_clustering/outputs/final_rerun_20260718/methods/STAGATE_mclust/151670/mean_1_25/metadata.json,candidate_evidence,2022,ad150b797f177e61701eae4b1056780b72765c61044f8aab777fc910594c3156,study01_run
01,REPRO:01_clustering/outputs/final_rerun_20260718/methods/STAGATE_mclust/151670/mean_1_25/result.h5ad,candidate_payload,3929690,7b75ef5e1b375bbfe4ba67cc05a80017863803e09b58f30c8b540f41bdbb2d33,study01_run
01,REPRO:01_clustering/outputs/final_rerun_20260718/methods/STAGATE_mclust/151670/mean_1_25/runner.log,candidate_evidence,22210,414dd7c85c7cf1c5f985fb59ef945ce584a9c4f0f0c1a92fcda9b04f2e1d27f4,study01_run
01,REPRO:01_clustering/outputs/final_rerun_20260718/methods/STAGATE_mclust/151670/mean_1_50/clusters.csv,candidate_payload,73111,5b340aac56aea1dde8de655a9b537fdcf49899d31276450a9f149456e0824456,study01_run
01,REPRO:01_clustering/outputs/final_rerun_20260718/methods/STAGATE_mclust/151670/mean_1_50/metadata.json,candidate_evidence,2022,b3dbb2cd974c4976775a763185a0d112cfde549943c128059a4131121feeb0ba,study01_run
01,REPRO:01_clustering/outputs/final_rerun_20260718/methods/STAGATE_mclust/151670/mean_1_50/result.h5ad,candidate_payload,3994255,8e6fb3e4ad81da0395b7d858fb5c62c6e098944bc7be8e13a3b0f23cc419a1fc,study01_run
01,REPRO:01_clustering/outputs/final_rerun_20260718/methods/STAGATE_mclust/151670/mean_1_50/runner.log,candidate_evidence,22210,071679b7fb46757118b7f5ac1d6516e41806110083c03da4131a2fddf723bf50,study01_run
01,REPRO:01_clustering/outputs/final_rerun_20260718/methods/STAGATE_mclust/151670/mean_2/clusters.csv,candidate_payload,73111,9013be897d93f51362ee5ff46d8ce3c831d02614b04a6ce5fb9b402f7ee52729,study01_run
01,REPRO:01_clustering/outputs/final_rerun_20260718/methods/STAGATE_mclust/151670/mean_2/metadata.json,candidate_evidence,2022,73c7a1812779b1307dcf7aebfac9a8dc420e06d252344508781a93decf33dabd,study01_run
01,REPRO:01_clustering/outputs/final_rerun_20260718/methods/STAGATE_mclust/151670/mean_2/result.h5ad,candidate_payload,4113961,71b3d0f5d5fc467bd1328076e0300b9753583ba0772278a719202fe877526c5b,study01_run
01,REPRO:01_clustering/outputs/final_rerun_20260718/methods/STAGATE_mclust/151670/mean_2/runner.log,candidate_evidence,22210,30880e62046fdf41eaf54991627341fc3c421aa61d50cc8df49d6b867dfc2c18,study01_run
01,REPRO:01_clustering/outputs/final_rerun_20260718/methods/STAGATE_mclust/151670/real_baseline/clusters.csv,candidate_payload,73111,80607e2e2b3e8413b1aca1aa6952803ab8fe34baafed5d57ec0eb9abe49371eb,study01_run
01,REPRO:01_clustering/outputs/final_rerun_20260718/methods/STAGATE_mclust/151670/real_baseline/metadata.json,candidate_evidence,2022,67ffa469793299b232a94af981792de1053b7861fd99ed28404c2d833d52a673,study01_run
01,REPRO:01_clustering/outputs/final_rerun_20260718/methods/STAGATE_mclust/151670/real_baseline/result.h5ad,candidate_payload,6114241,170981fcc95b1c7e55a44d3a4fc8f75fa9f42709c34913e77f1f0f085a3427d3,study01_run
01,REPRO:01_clustering/outputs/final_rerun_20260718/methods/STAGATE_mclust/151670/real_baseline/runner.log,candidate_evidence,22210,b2acfbb01b1e407e6d713fcfd627e939fa555e637bf0eafa5c186ee57d8afa03,study01_run
01,REPRO:01_clustering/outputs/final_rerun_20260718/methods/STAGATE_mclust/151670/sparsity_neg_0_25/clusters.csv,candidate_payload,73111,43c1deba695ad69aaca33281b7ae70664b8526683871d685d4baa50cb5bd7581,study01_run
01,REPRO:01_clustering/outputs/final_rerun_20260718/methods/STAGATE_mclust/151670/sparsity_neg_0_25/metadata.json,candidate_evidence,2022,506aa7bfe2523d12c015cc3835f3b23487228fde862f04d3cf7ffc51cda2823f,study01_run
01,REPRO:01_clustering/outputs/final_rerun_20260718/methods/STAGATE_mclust/151670/sparsity_neg_0_25/result.h5ad,candidate_payload,4012826,0d84f2fd10a1713a91d1947c89104372a96c6229708cf9a5f27060710a5ea167,study01_run
01,REPRO:01_clustering/outputs/final_rerun_20260718/methods/STAGATE_mclust/151670/sparsity_neg_0_25/runner.log,candidate_evidence,22210,5fc41321b01cdf8914503073d842794a2e0220dfab8e0ee0edf8baeece2717dd,study01_run
01,REPRO:01_clustering/outputs/final_rerun_20260718/methods/STAGATE_mclust/151670/sparsity_neg_0_50/clusters.csv,candidate_payload,73111,5a51e4f651ad275597204355d2466333b68245c73659ba8a301e7c6041fa6540,study01_run
01,REPRO:01_clustering/outputs/final_rerun_20260718/methods/STAGATE_mclust/151670/sparsity_neg_0_50/metadata.json,candidate_evidence,2022,88596639b0cb607f4b6e29801540e905b71d38feb71739497945518ff209ec5a,study01_run
01,REPRO:01_clustering/outputs/final_rerun_20260718/methods/STAGATE_mclust/151670/sparsity_neg_0_50/result.h5ad,candidate_payload,4003633,b7c95c906ea16ef2c0993d1a2252938f907668df8fdfc6d6b212867d7fa55c2e,study01_run
01,REPRO:01_clustering/outputs/final_rerun_20260718/methods/STAGATE_mclust/151670/sparsity_neg_0_50/runner.log,candidate_evidence,22150,356895ad96da61ca3212fa3cff17ba519dd82dd37c0fce6ec606de430ccc93d6,study01_run
01,REPRO:01_clustering/outputs/final_rerun_20260718/methods/STAGATE_mclust/151670/sparsity_neg_1/clusters.csv,candidate_payload,73111,2d2578058e35771ca5f7e5f39cdf60ae568d75a3bb60941dc7d9ca5c91c7ac9a,study01_run
01,REPRO:01_clustering/outputs/final_rerun_20260718/methods/STAGATE_mclust/151670/sparsity_neg_1/metadata.json,candidate_evidence,2022,553dd39ee8cbfbfdd9564716ba351b42bf83a6d6eec91342477b272a7745db05,study01_run
01,REPRO:01_clustering/outputs/final_rerun_20260718/methods/STAGATE_mclust/151670/sparsity_neg_1/result.h5ad,candidate_payload,4041655,3e5b177b1d4495ad16584e913786ee089b08e39c928b00ea942a8a37cb9eda3b,study01_run
01,REPRO:01_clustering/outputs/final_rerun_20260718/methods/STAGATE_mclust/151670/sparsity_neg_1/runner.log,candidate_evidence,22210,159fcbfae7c5703451f2d47a392a6048846bfdeb8911c6ecc0afad31c5916e0f,study01_run
01,REPRO:01_clustering/outputs/final_rerun_20260718/methods/STAGATE_mclust/151670/sparsity_pos_0_25/clusters.csv,candidate_payload,73111,12c966354c424f2ef11efee0998f650ba74eb001b7fa4ed6a420967a068cc171,study01_run
01,REPRO:01_clustering/outputs/final_rerun_20260718/methods/STAGATE_mclust/151670/sparsity_pos_0_25/metadata.json,candidate_evidence,2022,56c5fcff2fa250f21fd3f296178800f92e2b0fa688919233047e959e23ca3909,study01_run
01,REPRO:01_clustering/outputs/final_rerun_20260718/methods/STAGATE_mclust/151670/sparsity_pos_0_25/result.h5ad,candidate_payload,3623513,a071adbf8da52a2814fde01d23b045d2e6d1e621c7ded93f1e0e48b4b93d4e94,study01_run
01,REPRO:01_clustering/outputs/final_rerun_20260718/methods/STAGATE_mclust/151670/sparsity_pos_0_25/runner.log,candidate_evidence,22210,a9f13fba814be14c5f1cce6be79433c16d6a58c5673f33799c47df72625a7dc9,study01_run
01,REPRO:01_clustering/outputs/final_rerun_20260718/methods/STAGATE_mclust/151670/sparsity_pos_0_50/clusters.csv,candidate_payload,73111,1ed49482c017f859eefd102672b8f6d91659092f83372e84a6202bdf6e1c6a90,study01_run
01,REPRO:01_clustering/outputs/final_rerun_20260718/methods/STAGATE_mclust/151670/sparsity_pos_0_50/metadata.json,candidate_evidence,2021,c046735a612da0e88f1ca83273bb88169f0af4addc97669a2e58aa58c27db72e,study01_run
01,REPRO:01_clustering/outputs/final_rerun_20260718/methods/STAGATE_mclust/151670/sparsity_pos_0_50/result.h5ad,candidate_payload,3440771,1579ad93158e52e0f1da78e8b5fbbe58ba9614bd0a2143210fc9a61835d827d9,study01_run
01,REPRO:01_clustering/outputs/final_rerun_20260718/methods/STAGATE_mclust/151670/sparsity_pos_0_50/runner.log,candidate_evidence,21762,e217768f07bbda69acb4dd3b945b4b16693d405b30f41964ea7e4c1ed2337ebf,study01_run
01,REPRO:01_clustering/outputs/final_rerun_20260718/methods/STAGATE_mclust/151670/sparsity_pos_1/clusters.csv,candidate_payload,73111,afa08e29a8705b032a1ab4874e5bc7a3ff0e3682b4f5b1127fd3f643017063c5,study01_run
01,REPRO:01_clustering/outputs/final_rerun_20260718/methods/STAGATE_mclust/151670/sparsity_pos_1/metadata.json,candidate_evidence,2021,5b4282bf66a525204eccea4225edc4ccc076805d78d03280adfc528f5f433eaf,study01_run
01,REPRO:01_clustering/outputs/final_rerun_20260718/methods/STAGATE_mclust/151670/sparsity_pos_1/result.h5ad,candidate_payload,3132517,25f6ad6f4a9a7eadf50fbfc7aa57ce00367e3f92dda759062024fdc2a05d6ea3,study01_run
01,REPRO:01_clustering/outputs/final_rerun_20260718/methods/STAGATE_mclust/151670/sparsity_pos_1/runner.log,candidate_evidence,22210,7704523ec479adb2e414fe091ccaa0c4038303677e7db12bf112703c8583f1d4,study01_run
01,REPRO:01_clustering/outputs/final_rerun_20260718/methods/STAGATE_mclust/151670/var_hetero_0_75/clusters.csv,candidate_payload,73111,583d11c87da5e63e3cad1af7067399184907bc4d5d6bfbe45749a312c174955f,study01_run
01,REPRO:01_clustering/outputs/final_rerun_20260718/methods/STAGATE_mclust/151670/var_hetero_0_75/metadata.json,candidate_evidence,2022,1ae723af29942247bc5a427548504dded9cbb5defc8ab015ab555dbe9b4d1110,study01_run
01,REPRO:01_clustering/outputs/final_rerun_20260718/methods/STAGATE_mclust/151670/var_hetero_0_75/result.h5ad,candidate_payload,3875624,0ea6c4a2eb82f70c1eaa341052b3da51ff6b2aca9c2bd261c06f6c31bec8a523,study01_run
01,REPRO:01_clustering/outputs/final_rerun_20260718/methods/STAGATE_mclust/151670/var_hetero_0_75/runner.log,candidate_evidence,22210,18fb1a67d794dd607cc9958055bc51bf46670204246763db4b1808d458465a9c,study01_run
01,REPRO:01_clustering/outputs/final_rerun_20260718/methods/STAGATE_mclust/151670/var_hetero_1_25/clusters.csv,candidate_payload,73111,126ae691a9410f75bd22feb22c77a4e95371861b122fc4df885424549b2959a7,study01_run
01,REPRO:01_clustering/outputs/final_rerun_20260718/methods/STAGATE_mclust/151670/var_hetero_1_25/metadata.json,candidate_evidence,2022,73c7a1812779b1307dcf7aebfac9a8dc420e06d252344508781a93decf33dabd,study01_run
01,REPRO:01_clustering/outputs/final_rerun_20260718/methods/STAGATE_mclust/151670/var_hetero_1_25/result.h5ad,candidate_payload,3868006,2e4c46038e2d8f90129920149da0d5e67c521189f19637118ad93193d3acb764,study01_run
01,REPRO:01_clustering/outputs/final_rerun_20260718/methods/STAGATE_mclust/151670/var_hetero_1_25/runner.log,candidate_evidence,22210,97ec3d4f087cafbbf24a4ccb761411a94cf92ba420f920c0d8d68f6bb4942cb1,study01_run
01,REPRO:01_clustering/outputs/final_rerun_20260718/methods/STAGATE_mclust/151670/var_hetero_1_50/clusters.csv,candidate_payload,73111,d26d2c8c7b3ac60c263795f0806ea9fafb6e6b7d753f129d49de7ed10ed5f8a1,study01_run
01,REPRO:01_clustering/outputs/final_rerun_20260718/methods/STAGATE_mclust/151670/var_hetero_1_50/metadata.json,candidate_evidence,2022,4b0bc192ae13cd0bb94c48f61633c59ba7291c0ffd4038edff87c72d8eef002f,study01_run
01,REPRO:01_clustering/outputs/final_rerun_20260718/methods/STAGATE_mclust/151670/var_hetero_1_50/result.h5ad,candidate_payload,3864682,e666d50354d6c9ad44b8d570f418f2464fb78829889a0788f96ba7110840c530,study01_run
01,REPRO:01_clustering/outputs/final_rerun_20260718/methods/STAGATE_mclust/151670/var_hetero_1_50/runner.log,candidate_evidence,22210,1eda9e2fa36e816d7e4930cb62c27bef4f7421e89068e22f5ff873b1e6341b06,study01_run
01,REPRO:01_clustering/outputs/final_rerun_20260718/methods/STAGATE_mclust/151670/variance_0_50/clusters.csv,candidate_payload,73111,fca4d4eee2a2485d82baa0f8dd40b05f0be07dcb496b4cfc66f36c658e8c7c8c,study01_run
01,REPRO:01_clustering/outputs/final_rerun_20260718/methods/STAGATE_mclust/151670/variance_0_50/metadata.json,candidate_evidence,2022,e5bf7953da736b528bf8d2e26db7c1f7a45d68dee84d60e8bddfe3570b8becb7,study01_run
01,REPRO:01_clustering/outputs/final_rerun_20260718/methods/STAGATE_mclust/151670/variance_0_50/result.h5ad,candidate_payload,3877081,fd4eb48fdbcc5ee57e397369a4a6c375fd71f3690c8c33ccd6e65716b0cb39cc,study01_run
01,REPRO:01_clustering/outputs/final_rerun_20260718/methods/STAGATE_mclust/151670/variance_0_50/runner.log,candidate_evidence,22210,4366da28f46cf8c0ee8040e2b29a1c5b57e9ed9e3af9ae062e341aaa771a76da,study01_run
01,REPRO:01_clustering/outputs/final_rerun_20260718/methods/STAGATE_mclust/151670/variance_0_67/clusters.csv,candidate_payload,73111,988cb211b45a70e9d3b009d9eea8e03a85258618f4d9db843b1b43cc36c18edf,study01_run
01,REPRO:01_clustering/outputs/final_rerun_20260718/methods/STAGATE_mclust/151670/variance_0_67/metadata.json,candidate_evidence,2022,06ca920fb21332ee8127b785074c6bafd99ddffc122b42e3c9c4dec488f50e0f,study01_run
01,REPRO:01_clustering/outputs/final_rerun_20260718/methods/STAGATE_mclust/151670/variance_0_67/result.h5ad,candidate_payload,3877147,a917385815cfd6805f2c1922bb0855d76235df772663578ae6df4b8e8f58a696,study01_run
01,REPRO:01_clustering/outputs/final_rerun_20260718/methods/STAGATE_mclust/151670/variance_0_67/runner.log,candidate_evidence,22210,a144c1d1d5a3e9f4c2e378be6a81b3fc5a3a880fdd9d92664b302829db915a16,study01_run
01,REPRO:01_clustering/outputs/final_rerun_20260718/methods/STAGATE_mclust/151670/variance_0_80/clusters.csv,candidate_payload,73111,82d9d4e26bde88018b5c34d2727677fea4cd37298a3b6a39fb2636d4f11af11d,study01_run
01,REPRO:01_clustering/outputs/final_rerun_20260718/methods/STAGATE_mclust/151670/variance_0_80/metadata.json,candidate_evidence,2022,465093b65018018d6997a27a4cbbe5504454374444e03285023ac79ae6d0144c,study01_run
01,REPRO:01_clustering/outputs/final_rerun_20260718/methods/STAGATE_mclust/151670/variance_0_80/result.h5ad,candidate_payload,3876304,682cafb9937a150d61b959065167774f659c6dabfd42a5cb595eb785d6cf3bbc,study01_run
01,REPRO:01_clustering/outputs/final_rerun_20260718/methods/STAGATE_mclust/151670/variance_0_80/runner.log,candidate_evidence,22210,495f288a87144cca39789aeea025005876823aaf5e6b8f85fed20da479c85a43,study01_run
01,REPRO:01_clustering/outputs/final_rerun_20260718/methods/STAGATE_mclust/151670/variance_1_25/clusters.csv,candidate_payload,73111,26a652895baad76214b7ac6e3970e771cf8de1f09cef34ac4bb571c1f6386009,study01_run
01,REPRO:01_clustering/outputs/final_rerun_20260718/methods/STAGATE_mclust/151670/variance_1_25/metadata.json,candidate_evidence,2022,e8b9ee83980ec2e96dafeb6d99530e4fbb0f9a6ed6debaf507c08545463ded19,study01_run
01,REPRO:01_clustering/outputs/final_rerun_20260718/methods/STAGATE_mclust/151670/variance_1_25/result.h5ad,candidate_payload,3869474,449c21dfaf374b019fcc3b7571ce421b5b5ba064465261522261b13a34daf6c5,study01_run
01,REPRO:01_clustering/outputs/final_rerun_20260718/methods/STAGATE_mclust/151670/variance_1_25/runner.log,candidate_evidence,22210,f788c5ec090d8e76bd478a8565250b1cebc5df17f1b5a3bc2c14bf453b136390,study01_run
01,REPRO:01_clustering/outputs/final_rerun_20260718/methods/STAGATE_mclust/151670/variance_1_50/clusters.csv,candidate_payload,73111,bd69d7aa6b8fb1e9aa36a866025a4195581d5e0858085733b37503f2106e1204,study01_run
01,REPRO:01_clustering/outputs/final_rerun_20260718/methods/STAGATE_mclust/151670/variance_1_50/metadata.json,candidate_evidence,2022,9ea7108f66221c923d039ebbd2ee0a7db9cebdc7c645e0f06c36921f8e253e3e,study01_run
01,REPRO:01_clustering/outputs/final_rerun_20260718/methods/STAGATE_mclust/151670/variance_1_50/result.h5ad,candidate_payload,3868285,c02f58db7e97a947c4f3ed396c5c80bdb3c325beaca0658aa80b93ba96ad3102,study01_run
01,REPRO:01_clustering/outputs/final_rerun_20260718/methods/STAGATE_mclust/151670/variance_1_50/runner.log,candidate_evidence,22210,e4c04848e9db484248f8f08faa9120494c8b51eeebc6c67ed73444a2aad6d729,study01_run
01,REPRO:01_clustering/outputs/final_rerun_20260718/methods/STAGATE_mclust/151670/variance_2/clusters.csv,candidate_payload,73111,d1bf0c876fe9953d4c4b2fda6eca21667edbe0688c3f6342937c53d59633da19,study01_run
01,REPRO:01_clustering/outputs/final_rerun_20260718/methods/STAGATE_mclust/151670/variance_2/metadata.json,candidate_evidence,2022,9044a1b113caf9ebc26313c93002a9263c35150469a11bb7e6f14b06149f99ec,study01_run
01,REPRO:01_clustering/outputs/final_rerun_20260718/methods/STAGATE_mclust/151670/variance_2/result.h5ad,candidate_payload,3864753,c6a825d559feee95348b4706b9740ac60043b30ad716f76d4ca41e3b179ded74,study01_run
01,REPRO:01_clustering/outputs/final_rerun_20260718/methods/STAGATE_mclust/151670/variance_2/runner.log,candidate_evidence,22210,f6d21da7f6f1bbf19ea749f0146ff68762314f968547bef3446d077214d33484,study01_run
01,REPRO:01_clustering/outputs/final_rerun_20260718/methods/STAGATE_mclust/151676/baseline/clusters.csv,candidate_payload,72082,ba172dc71729752e3f08dddcf54446874ae2b0d60918b011ac2a6b4302da4995,study01_run
01,REPRO:01_clustering/outputs/final_rerun_20260718/methods/STAGATE_mclust/151676/baseline/metadata.json,candidate_evidence,2022,71a38e55eb43ea734384e7054d11a917e3933f73a394c6907924b26dc9c29210,study01_run
01,REPRO:01_clustering/outputs/final_rerun_20260718/methods/STAGATE_mclust/151676/baseline/result.h5ad,candidate_payload,4315497,7ed3245d2e52da94a3eee1563ffde4642c37fff984e1239c9925857cb4e65cf4,study01_run
01,REPRO:01_clustering/outputs/final_rerun_20260718/methods/STAGATE_mclust/151676/baseline/runner.log,candidate_evidence,22210,e2fa5af8081715bcc7677762047a043284dafda49c9013b53cdaf42766462cf2,study01_run
01,REPRO:01_clustering/outputs/final_rerun_20260718/methods/STAGATE_mclust/151676/combined_mild_activation/clusters.csv,candidate_payload,72082,41a0a0afedd916a4eae9c26a8fea05c69e57d9ca00111da685f3b08c5d09e280,study01_run
01,REPRO:01_clustering/outputs/final_rerun_20260718/methods/STAGATE_mclust/151676/combined_mild_activation/metadata.json,candidate_evidence,2022,0d3766daf8327677eb93aafc0ce47a6352b8263c2cd039535cde9356e0b80c3d,study01_run
01,REPRO:01_clustering/outputs/final_rerun_20260718/methods/STAGATE_mclust/151676/combined_mild_activation/result.h5ad,candidate_payload,4494823,7cca71500afa13f66e788d9df91313282de9b034ac618a0e43f1015fd57ab650,study01_run
01,REPRO:01_clustering/outputs/final_rerun_20260718/methods/STAGATE_mclust/151676/combined_mild_activation/runner.log,candidate_evidence,22210,6e6ff28f3fb66598fc3f11eda2b7bda189a2d4f4be7ddc22fe9b7a7213792361,study01_run
01,REPRO:01_clustering/outputs/final_rerun_20260718/methods/STAGATE_mclust/151676/combined_mild_dropout/clusters.csv,candidate_payload,72082,216381502053a8fda7c98a814017d529df341dc99dbe891556fd30d378f2b3dd,study01_run
01,REPRO:01_clustering/outputs/final_rerun_20260718/methods/STAGATE_mclust/151676/combined_mild_dropout/metadata.json,candidate_evidence,2021,91de1536c56bb65c34087d29a3eb71965ca56e03374c453074e921d773bfe90a,study01_run
01,REPRO:01_clustering/outputs/final_rerun_20260718/methods/STAGATE_mclust/151676/combined_mild_dropout/result.h5ad,candidate_payload,3685173,26e912973061b82c4b119803b91b66db176322fe22daa3b45e26f664bcb1af80,study01_run
01,REPRO:01_clustering/outputs/final_rerun_20260718/methods/STAGATE_mclust/151676/combined_mild_dropout/runner.log,candidate_evidence,22210,dc58510d722b5d6520574093fcbd1f75b55d33f0eb87668b85bab75c01d2d68b,study01_run
01,REPRO:01_clustering/outputs/final_rerun_20260718/methods/STAGATE_mclust/151676/combined_noisy_tissue/clusters.csv,candidate_payload,72082,d84e49537afa3a9e93a0355bc0b999b4d290b0ed5b44247d05337cd49d6466f6,study01_run
01,REPRO:01_clustering/outputs/final_rerun_20260718/methods/STAGATE_mclust/151676/combined_noisy_tissue/metadata.json,candidate_evidence,2022,57e01d420ea25cf71120cf9f8d56d90ef1eb7cecd7865d1847056f5ab4729536,study01_run
01,REPRO:01_clustering/outputs/final_rerun_20260718/methods/STAGATE_mclust/151676/combined_noisy_tissue/result.h5ad,candidate_payload,3904747,02e575b6d1b5b4bcb31a619ed5e2c389395b72e24b887de17a195a035758084a,study01_run
01,REPRO:01_clustering/outputs/final_rerun_20260718/methods/STAGATE_mclust/151676/combined_noisy_tissue/runner.log,candidate_evidence,22210,65c91e512bbebbd53b313d22659d3c084ed7c2c888ecad378720498828d6e808,study01_run
01,REPRO:01_clustering/outputs/final_rerun_20260718/methods/STAGATE_mclust/151676/combined_strong_activation/clusters.csv,candidate_payload,72082,2e4eafc23f1b7bea722447bc11760a1f6df7b9ca12d94272489ee29982cfed5a,study01_run
01,REPRO:01_clustering/outputs/final_rerun_20260718/methods/STAGATE_mclust/151676/combined_strong_activation/metadata.json,candidate_evidence,2021,585bcde811d5898f2db7fc481882981a92a358d8d5c38e8bb7e6779240dafa00,study01_run
01,REPRO:01_clustering/outputs/final_rerun_20260718/methods/STAGATE_mclust/151676/combined_strong_activation/result.h5ad,candidate_payload,4765438,0feb3921869de810783d88b0a74762992adfcdc0498259d3400f8d621de29da1,study01_run
01,REPRO:01_clustering/outputs/final_rerun_20260718/methods/STAGATE_mclust/151676/combined_strong_activation/runner.log,candidate_evidence,22210,6e51afbeacc0fc3843b5334e4dfdb04d5cff926cf30a490512d6a649ab58d23d,study01_run
01,REPRO:01_clustering/outputs/final_rerun_20260718/methods/STAGATE_mclust/151676/combined_suppressed/clusters.csv,candidate_payload,72082,e5e01e26858ad7509bd1f69b2b3e29854263c26d3cdccf35aa4a102ef17dd24e,study01_run
01,REPRO:01_clustering/outputs/final_rerun_20260718/methods/STAGATE_mclust/151676/combined_suppressed/metadata.json,candidate_evidence,2022,a9fac11417d645733d89aa376ef0fd1e9ad8f58c57e1a65aaafaa326fdaf5236,study01_run
01,REPRO:01_clustering/outputs/final_rerun_20260718/methods/STAGATE_mclust/151676/combined_suppressed/result.h5ad,candidate_payload,3404245,c3147590a54df38be519ce8ff6737ce41418cbbbe83195bf021c474baea1cd2c,study01_run
01,REPRO:01_clustering/outputs/final_rerun_20260718/methods/STAGATE_mclust/151676/combined_suppressed/runner.log,candidate_evidence,22048,21d19a152ff7ab0df6ed172f1df4f78aa7df1a318536c5df82328cc7f5570f2f,study01_run
01,REPRO:01_clustering/outputs/final_rerun_20260718/methods/STAGATE_mclust/151676/mean_0_50/clusters.csv,candidate_payload,72082,21f75c6e3e740d34f65fff5008df2fea7df89ffdfba90c96201f6551c0e79f4a,study01_run
01,REPRO:01_clustering/outputs/final_rerun_20260718/methods/STAGATE_mclust/151676/mean_0_50/metadata.json,candidate_evidence,2022,5cd87f8d36fde7452dc34639bc8a1e47e65f5edd823d90e91fb8fc9c70c61c89,study01_run
01,REPRO:01_clustering/outputs/final_rerun_20260718/methods/STAGATE_mclust/151676/mean_0_50/result.h5ad,candidate_payload,3938721,24bad73e0ff96d3742bb7904b482077834ff54638ac6faa6f2de87b5c13e7677,study01_run
01,REPRO:01_clustering/outputs/final_rerun_20260718/methods/STAGATE_mclust/151676/mean_0_50/runner.log,candidate_evidence,22210,7e6eb97e287823eaced3a8edc8ad82d700fadc29384edf22d0a4fd55b99de4e8,study01_run
01,REPRO:01_clustering/outputs/final_rerun_20260718/methods/STAGATE_mclust/151676/mean_0_67/clusters.csv,candidate_payload,72082,a9ed81943483a065e08e8942bf9077d1b63fcc446055595e6a000259cc99a6cf,study01_run
01,REPRO:01_clustering/outputs/final_rerun_20260718/methods/STAGATE_mclust/151676/mean_0_67/metadata.json,candidate_evidence,2022,9db7b00585e0aba040d9872d9203813a4f6cd9ce6c02fc55a75928591022c51e,study01_run
01,REPRO:01_clustering/outputs/final_rerun_20260718/methods/STAGATE_mclust/151676/mean_0_67/result.h5ad,candidate_payload,4095924,685287c34ed1e10d26acaebb26f3fd3c126ef6ffcdd160aa12ed530acd3b7150,study01_run
01,REPRO:01_clustering/outputs/final_rerun_20260718/methods/STAGATE_mclust/151676/mean_0_67/runner.log,candidate_evidence,22210,468c75b97730247237ad2dc2c616c221a48ea088566d55d5ef546bb2ac307604,study01_run
01,REPRO:01_clustering/outputs/final_rerun_20260718/methods/STAGATE_mclust/151676/mean_0_80/clusters.csv,candidate_payload,72082,5f34d80c5f7415c563e1ec334d4e81eccbfc3f378bd335b083eff214761b9a8b,study01_run
01,REPRO:01_clustering/outputs/final_rerun_20260718/methods/STAGATE_mclust/151676/mean_0_80/metadata.json,candidate_evidence,2022,2975aa6935a6d5d2673c0ad48f6869fdc04c93ef473dbd87232a00831b44f34a,study01_run
01,REPRO:01_clustering/outputs/final_rerun_20260718/methods/STAGATE_mclust/151676/mean_0_80/result.h5ad,candidate_payload,4201108,dd5d9d7d08a398f5070d62a8c0dbf7a0f2a4cea73fa04ae08fdcd3520508387e,study01_run
01,REPRO:01_clustering/outputs/final_rerun_20260718/methods/STAGATE_mclust/151676/mean_0_80/runner.log,candidate_evidence,22210,9cd6df7cc9f6a0aa73d4244047b53fa72da2539529f903d415977b26ebd48efd,study01_run
01,REPRO:01_clustering/outputs/final_rerun_20260718/methods/STAGATE_mclust/151676/mean_1_25/clusters.csv,candidate_payload,72082,ae1d303292f79505ecad99c5780a867d72ab25bf54dc818cde1158031bb32ddc,study01_run
01,REPRO:01_clustering/outputs/final_rerun_20260718/methods/STAGATE_mclust/151676/mean_1_25/metadata.json,candidate_evidence,2021,1f25e78c789da30b2e2e88ac4fa361046b61dc47599076076d9e2e6be527cbbe,study01_run
01,REPRO:01_clustering/outputs/final_rerun_20260718/methods/STAGATE_mclust/151676/mean_1_25/result.h5ad,candidate_payload,4397989,b953b0a52208261999cf2ba8803c01af898a435a0f2d50344f9c1e80b628961a,study01_run
01,REPRO:01_clustering/outputs/final_rerun_20260718/methods/STAGATE_mclust/151676/mean_1_25/runner.log,candidate_evidence,22210,325f47164f52cff80a47cc28f28991cb2556db6f24e57a001f412cb13bf26012,study01_run
01,REPRO:01_clustering/outputs/final_rerun_20260718/methods/STAGATE_mclust/151676/mean_1_50/clusters.csv,candidate_payload,72082,9d6756675a72f650fdaa146197cdb6d33b6845bfce74fba38f95ccf4448425ce,study01_run
01,REPRO:01_clustering/outputs/final_rerun_20260718/methods/STAGATE_mclust/151676/mean_1_50/metadata.json,candidate_evidence,2022,0bafa34b9604d482d3f7bc158261713699c4bda56dc2d431024b017ef82f855f,study01_run
01,REPRO:01_clustering/outputs/final_rerun_20260718/methods/STAGATE_mclust/151676/mean_1_50/result.h5ad,candidate_payload,4477347,d49d5a69c0bfebd2c5f7ba046396efca385158e54660a095e0307a13aa5e0d1f,study01_run
01,REPRO:01_clustering/outputs/final_rerun_20260718/methods/STAGATE_mclust/151676/mean_1_50/runner.log,candidate_evidence,22210,c87eca652720bc945b98a8656b73c53651d1c60e420bd9a2fbe03fd42dd58eca,study01_run
01,REPRO:01_clustering/outputs/final_rerun_20260718/methods/STAGATE_mclust/151676/mean_2/clusters.csv,candidate_payload,72082,1c6b0d3228a318cfbbd359c412d0b051de5bae346c9cc85e3635e30c6943efe7,study01_run
01,REPRO:01_clustering/outputs/final_rerun_20260718/methods/STAGATE_mclust/151676/mean_2/metadata.json,candidate_evidence,2022,57390db157dda9a03e3e0bb10f95f16ab5df9c342db57391afcf7260d7ef9bb9,study01_run
01,REPRO:01_clustering/outputs/final_rerun_20260718/methods/STAGATE_mclust/151676/mean_2/result.h5ad,candidate_payload,4612533,88a736afd012f960bac985426a65367b0e2c8661949abc055849a25a1fc350f6,study01_run
01,REPRO:01_clustering/outputs/final_rerun_20260718/methods/STAGATE_mclust/151676/mean_2/runner.log,candidate_evidence,22210,c45234f7cdcaf6d0ac301fbd217c45b2c3be451b5e1758af7610c82acf5efb50,study01_run
01,REPRO:01_clustering/outputs/final_rerun_20260718/methods/STAGATE_mclust/151676/real_baseline/clusters.csv,candidate_payload,72082,e44d16519f9d02e7d2e5f02f11fd3a06357a1de2d49e2f966e7b4e7fdaebe318,study01_run
01,REPRO:01_clustering/outputs/final_rerun_20260718/methods/STAGATE_mclust/151676/real_baseline/metadata.json,candidate_evidence,2022,45bea7f85ca3166dd17dfee6e112ae2883cd2b664ffac200a838db6529c22e58,study01_run
01,REPRO:01_clustering/outputs/final_rerun_20260718/methods/STAGATE_mclust/151676/real_baseline/result.h5ad,candidate_payload,7005991,9dd72fd96f8172109e9a60a51d2beba7dfeeac2f544d746cd912e5a79dd655d3,study01_run
01,REPRO:01_clustering/outputs/final_rerun_20260718/methods/STAGATE_mclust/151676/real_baseline/runner.log,candidate_evidence,22210,911244a4cc9dcea5d8b474ebeef787a82ee8506d520ecfd1ec104c4e8dee4f20,study01_run
01,REPRO:01_clustering/outputs/final_rerun_20260718/methods/STAGATE_mclust/151676/sparsity_neg_0_25/clusters.csv,candidate_payload,72082,db840f620f719ec767abe900220b7b135740d6f64f26bba28a67012b221b40aa,study01_run
01,REPRO:01_clustering/outputs/final_rerun_20260718/methods/STAGATE_mclust/151676/sparsity_neg_0_25/metadata.json,candidate_evidence,2022,ab8a932d18856d85dc68803a61e1bbbcf58165a559880514f65ced0487865672,study01_run
01,REPRO:01_clustering/outputs/final_rerun_20260718/methods/STAGATE_mclust/151676/sparsity_neg_0_25/result.h5ad,candidate_payload,4329474,d783fa5cbdefecca73a2aa547cce207b89b91b82b86a89a1ea36a93bc966401d,study01_run
01,REPRO:01_clustering/outputs/final_rerun_20260718/methods/STAGATE_mclust/151676/sparsity_neg_0_25/runner.log,candidate_evidence,22210,b6cada7032b1bc13ccf573be95b2b0e78a79bc4cf087c06d30ac950b187692ee,study01_run
01,REPRO:01_clustering/outputs/final_rerun_20260718/methods/STAGATE_mclust/151676/sparsity_neg_0_50/clusters.csv,candidate_payload,72082,442c9449c7aee581c51a12f33d1d99cd005e9a09a84cb601ce8a58c3ae38a76e,study01_run
01,REPRO:01_clustering/outputs/final_rerun_20260718/methods/STAGATE_mclust/151676/sparsity_neg_0_50/metadata.json,candidate_evidence,2022,82838fa0efc0b8bf2bfd786339f3f14ff584dfe0eacb19c4c5e0b89b56de212a,study01_run
01,REPRO:01_clustering/outputs/final_rerun_20260718/methods/STAGATE_mclust/151676/sparsity_neg_0_50/result.h5ad,candidate_payload,4309644,daf8a77ecf3c312e7856cedb4a70345446ec6805123267015167dec3e8c28145,study01_run
01,REPRO:01_clustering/outputs/final_rerun_20260718/methods/STAGATE_mclust/151676/sparsity_neg_0_50/runner.log,candidate_evidence,22210,ca2ef455567c97fbfa233820994c726c6b747ad53fb33c659f9d62a2d4ba13d2,study01_run
01,REPRO:01_clustering/outputs/final_rerun_20260718/methods/STAGATE_mclust/151676/sparsity_neg_1/clusters.csv,candidate_payload,72082,57ac7d9e6d8ade11c83a79609e338e48d3cc0f309ececdc2cdc3f844559e036c,study01_run
01,REPRO:01_clustering/outputs/final_rerun_20260718/methods/STAGATE_mclust/151676/sparsity_neg_1/metadata.json,candidate_evidence,2022,7f8c4c2caa3c5985377e41792586f1796b24f3aa45f06252950e513c1512c23b,study01_run
01,REPRO:01_clustering/outputs/final_rerun_20260718/methods/STAGATE_mclust/151676/sparsity_neg_1/result.h5ad,candidate_payload,4307352,04790218d20217c9fef52d137b0687d4ea13609eaabe6ddd0ec061eebe7d6074,study01_run
01,REPRO:01_clustering/outputs/final_rerun_20260718/methods/STAGATE_mclust/151676/sparsity_neg_1/runner.log,candidate_evidence,22210,ec8dd691bde03a1bd8bd3a9de119c952ef015567ed81280a038618ab1126b393,study01_run
01,REPRO:01_clustering/outputs/final_rerun_20260718/methods/STAGATE_mclust/151676/sparsity_pos_0_25/clusters.csv,candidate_payload,72082,3004bb662ff68d3f033f6e246936b3a9f1d40d8f315359f19b323ed433213b89,study01_run
01,REPRO:01_clustering/outputs/final_rerun_20260718/methods/STAGATE_mclust/151676/sparsity_pos_0_25/metadata.json,candidate_evidence,2022,ea9c55609d6b933cb47080584665620771b29d0dcffa5d53a909e026e8cbdc4e,study01_run
01,REPRO:01_clustering/outputs/final_rerun_20260718/methods/STAGATE_mclust/151676/sparsity_pos_0_25/result.h5ad,candidate_payload,3901892,f83e2b797bf6766eeb98e657eddf257b9c51774791cf09a5b4839f731e39c97a,study01_run
01,REPRO:01_clustering/outputs/final_rerun_20260718/methods/STAGATE_mclust/151676/sparsity_pos_0_25/runner.log,candidate_evidence,22210,86c71fd2be82df77e368ea3681c6a40021be0f0b86f0def0d94b6b89e3269dea,study01_run
01,REPRO:01_clustering/outputs/final_rerun_20260718/methods/STAGATE_mclust/151676/sparsity_pos_0_50/clusters.csv,candidate_payload,72082,9118df39d16852db6173663021cb1ad246a687a44e3aa34fd45cda7dc3f00ffd,study01_run
01,REPRO:01_clustering/outputs/final_rerun_20260718/methods/STAGATE_mclust/151676/sparsity_pos_0_50/metadata.json,candidate_evidence,2022,f9f69ea6bafaacb612038529989f83566f9ff430d9fd03e9ffeaebccfc999388,study01_run
01,REPRO:01_clustering/outputs/final_rerun_20260718/methods/STAGATE_mclust/151676/sparsity_pos_0_50/result.h5ad,candidate_payload,3683301,83dd6e38685bf38e7c4e5cea96f1a33c628cf660bcced2270d3c8bd289e2bd1a,study01_run
01,REPRO:01_clustering/outputs/final_rerun_20260718/methods/STAGATE_mclust/151676/sparsity_pos_0_50/runner.log,candidate_evidence,22210,821cde3632ccfdc7a2f4be9f3f8fa1a0e4c72e1ea2580d4ac70034ddfedfca7c,study01_run
01,REPRO:01_clustering/outputs/final_rerun_20260718/methods/STAGATE_mclust/151676/sparsity_pos_1/clusters.csv,candidate_payload,72082,c2f52a12fa7aac0bfa99a3f648d0b524d2be6b9f99897532cf54316b5fe9b75a,study01_run
01,REPRO:01_clustering/outputs/final_rerun_20260718/methods/STAGATE_mclust/151676/sparsity_pos_1/metadata.json,candidate_evidence,2022,d68720466905bdb3bab425069b49bab48f92aa5295b45d42312cebd67d8d93f2,study01_run
01,REPRO:01_clustering/outputs/final_rerun_20260718/methods/STAGATE_mclust/151676/sparsity_pos_1/result.h5ad,candidate_payload,3321822,65035c251e833b1c40fbd4131156297420d553ce7ef2898f49a5f9cb270bd040,study01_run
01,REPRO:01_clustering/outputs/final_rerun_20260718/methods/STAGATE_mclust/151676/sparsity_pos_1/runner.log,candidate_evidence,22210,51df9d3db33bbb7891daa8188e76c23d1f7ef765e1d6ad177e455be01d052452,study01_run
01,REPRO:01_clustering/outputs/final_rerun_20260718/methods/STAGATE_mclust/151676/var_hetero_0_75/clusters.csv,candidate_payload,72082,a780022dd85e8b28c14946ae66cbe030b37116af9ddc934e3691192e97ab9517,study01_run
01,REPRO:01_clustering/outputs/final_rerun_20260718/methods/STAGATE_mclust/151676/var_hetero_0_75/metadata.json,candidate_evidence,2022,87f51e41312204eff771d92e35010ba44f2b7961f23287b99235d77cee24c86b,study01_run
01,REPRO:01_clustering/outputs/final_rerun_20260718/methods/STAGATE_mclust/151676/var_hetero_0_75/result.h5ad,candidate_payload,4332924,64faf1c2f3302d6ba57a2f97449a7f03fef24c121dfda6b53dd4cd95b81b57c3,study01_run
01,REPRO:01_clustering/outputs/final_rerun_20260718/methods/STAGATE_mclust/151676/var_hetero_0_75/runner.log,candidate_evidence,22210,d2835068260b43916a97daba084c1e934c7161297bc2165599d777c5554289c0,study01_run
01,REPRO:01_clustering/outputs/final_rerun_20260718/methods/STAGATE_mclust/151676/var_hetero_1_25/clusters.csv,candidate_payload,72082,e7d546bd6d93fe277cc10d43ad93642e49fdb51fa4a64fdf8f8a905cf10761d3,study01_run
01,REPRO:01_clustering/outputs/final_rerun_20260718/methods/STAGATE_mclust/151676/var_hetero_1_25/metadata.json,candidate_evidence,2022,3ffb9d514b5e289b23da8677cb9ca1f2fe4c227e101575b6be8d737b359aa161,study01_run
01,REPRO:01_clustering/outputs/final_rerun_20260718/methods/STAGATE_mclust/151676/var_hetero_1_25/result.h5ad,candidate_payload,4324019,b20965230c36ac3b785a60039d08931097ccbe2ebeada62668fda2ba2d1b5d0b,study01_run
01,REPRO:01_clustering/outputs/final_rerun_20260718/methods/STAGATE_mclust/151676/var_hetero_1_25/runner.log,candidate_evidence,22210,ef2c8f32760c2879aa8c0fac9ba77af3d01dcc0c7871a7f8b166a1234c9dabb7,study01_run
01,REPRO:01_clustering/outputs/final_rerun_20260718/methods/STAGATE_mclust/151676/var_hetero_1_50/clusters.csv,candidate_payload,72082,635f70ba7720d552abd6dabe64147e8e99711af9343f048987d92b3e427c8b6c,study01_run
01,REPRO:01_clustering/outputs/final_rerun_20260718/methods/STAGATE_mclust/151676/var_hetero_1_50/metadata.json,candidate_evidence,2022,7c8ceea8c09acaf9c20c27d125ab1877e98805b71dfb1b2e30c19d61685a62e0,study01_run
01,REPRO:01_clustering/outputs/final_rerun_20260718/methods/STAGATE_mclust/151676/var_hetero_1_50/result.h5ad,candidate_payload,4319722,dbec0697346f9841ae338012b1265099c1cde95b32c83041b40a0091cf1a9d72,study01_run
01,REPRO:01_clustering/outputs/final_rerun_20260718/methods/STAGATE_mclust/151676/var_hetero_1_50/runner.log,candidate_evidence,22140,7faf1ad530722c1c4d3307c6a9bb72daa7e8f384d0b4472faae63e9d75cdfae0,study01_run
01,REPRO:01_clustering/outputs/final_rerun_20260718/methods/STAGATE_mclust/151676/variance_0_50/clusters.csv,candidate_payload,72082,719ad1182ed1dcc8e5d52c99230e35e8708a51f30442922d44b216e499c92004,study01_run
01,REPRO:01_clustering/outputs/final_rerun_20260718/methods/STAGATE_mclust/151676/variance_0_50/metadata.json,candidate_evidence,2022,ce8351d82ed0ddd8780c48ca2cb82aae7746c5c49bd357a3cafeaa19dc333aea,study01_run
01,REPRO:01_clustering/outputs/final_rerun_20260718/methods/STAGATE_mclust/151676/variance_0_50/result.h5ad,candidate_payload,4339593,3793ea87fb3320c8c1a97952f171b89f2e3a5c4bb0ce82c9c8ef5c9df0485cce,study01_run
01,REPRO:01_clustering/outputs/final_rerun_20260718/methods/STAGATE_mclust/151676/variance_0_50/runner.log,candidate_evidence,22210,b787d58a8e1a0049489f01e5df17120739f88a9786d6a413de75b32a41e2cd4e,study01_run
01,REPRO:01_clustering/outputs/final_rerun_20260718/methods/STAGATE_mclust/151676/variance_0_67/clusters.csv,candidate_payload,72082,01aa74ddc0270f46ff0b87708c2ed06eca497d6cc52e1fa3039fe8354744ed01,study01_run
01,REPRO:01_clustering/outputs/final_rerun_20260718/methods/STAGATE_mclust/151676/variance_0_67/metadata.json,candidate_evidence,2022,a4e930f9d261ff468994177561e745501d1653490bb284a3b10e1449c5b831fd,study01_run
01,REPRO:01_clustering/outputs/final_rerun_20260718/methods/STAGATE_mclust/151676/variance_0_67/result.h5ad,candidate_payload,4336607,78ade4481f55f5136610494935fc457a6a9728357b780d9819221289d2e25d47,study01_run
01,REPRO:01_clustering/outputs/final_rerun_20260718/methods/STAGATE_mclust/151676/variance_0_67/runner.log,candidate_evidence,22210,4fca9a0b42c4504a6c52bc0870d3d1cd25a1d7699034d0211c2afbeac9837df3,study01_run
01,REPRO:01_clustering/outputs/final_rerun_20260718/methods/STAGATE_mclust/151676/variance_0_80/clusters.csv,candidate_payload,72082,cf1dcf81129f9da0164f4a9a17209c114c417165eb358c2d6508d4acf07f890e,study01_run
01,REPRO:01_clustering/outputs/final_rerun_20260718/methods/STAGATE_mclust/151676/variance_0_80/metadata.json,candidate_evidence,2021,34437edf825c44fdb9b1cb753eeded5cc9305eac5b15cb6335fee638fcf5c48b,study01_run
01,REPRO:01_clustering/outputs/final_rerun_20260718/methods/STAGATE_mclust/151676/variance_0_80/result.h5ad,candidate_payload,4334003,d80a429613e487bd7c359c1975ced243d9e708b37080dc87a402d6d129c24030,study01_run
01,REPRO:01_clustering/outputs/final_rerun_20260718/methods/STAGATE_mclust/151676/variance_0_80/runner.log,candidate_evidence,22210,0e5cc1e939207be9ca9a79fab2e06d07789bf593ccdf4a6dd1935017c0402bc2,study01_run
01,REPRO:01_clustering/outputs/final_rerun_20260718/methods/STAGATE_mclust/151676/variance_1_25/clusters.csv,candidate_payload,72082,6e70b97ea777ee3cc4e8ffaf3ed42b00d219763e00a3abc66668ab2883fcb0e8,study01_run
01,REPRO:01_clustering/outputs/final_rerun_20260718/methods/STAGATE_mclust/151676/variance_1_25/metadata.json,candidate_evidence,2022,b461c302136df3f0a1092ba408c0c3c88548526ae7e1301c9e60fae7cc7de537,study01_run
01,REPRO:01_clustering/outputs/final_rerun_20260718/methods/STAGATE_mclust/151676/variance_1_25/result.h5ad,candidate_payload,4328712,766502df14bad25193bdf80b6c5cb3d6ec298f4c513c49ef15c765ecd0225843,study01_run
01,REPRO:01_clustering/outputs/final_rerun_20260718/methods/STAGATE_mclust/151676/variance_1_25/runner.log,candidate_evidence,22210,cd0fb66120470df6a494364ddc3fc44a2b33722235b551ce0cfdf5bb0c8b09fc,study01_run
01,REPRO:01_clustering/outputs/final_rerun_20260718/methods/STAGATE_mclust/151676/variance_1_50/clusters.csv,candidate_payload,72082,822b28f7fd68a1238dcb8e0674d1171e261b8db2cd3047e7f7833d6f9a957464,study01_run
01,REPRO:01_clustering/outputs/final_rerun_20260718/methods/STAGATE_mclust/151676/variance_1_50/metadata.json,candidate_evidence,2022,52e1209c8e10dbdfc25ce179c41afb594bee31ac41f5bbdf85a8124023ff772d,study01_run
01,REPRO:01_clustering/outputs/final_rerun_20260718/methods/STAGATE_mclust/151676/variance_1_50/result.h5ad,candidate_payload,4326520,6af50a4234b37722d6412c9a326b2d2f13a18419a57fd0c08f48e9c61f5fe590,study01_run
01,REPRO:01_clustering/outputs/final_rerun_20260718/methods/STAGATE_mclust/151676/variance_1_50/runner.log,candidate_evidence,22210,ac62aa56d4d8c46c536a1b9e5563c6f55bd7752a95373385292c86ebc8669bc6,study01_run
01,REPRO:01_clustering/outputs/final_rerun_20260718/methods/STAGATE_mclust/151676/variance_2/clusters.csv,candidate_payload,72082,fb90f8edf76116639a65dc6a96abc65af37f62d740fd58dfd5720ddbcc149d97,study01_run
01,REPRO:01_clustering/outputs/final_rerun_20260718/methods/STAGATE_mclust/151676/variance_2/metadata.json,candidate_evidence,2022,924432da638d3c069051545881dfef78aef73caabd063cd7d644130bba5cdb9f,study01_run
01,REPRO:01_clustering/outputs/final_rerun_20260718/methods/STAGATE_mclust/151676/variance_2/result.h5ad,candidate_payload,4321512,040a24e44e989733bb5259dd5ff45bc1758d4bdae599ad79f368969822a6b692,study01_run
01,REPRO:01_clustering/outputs/final_rerun_20260718/methods/STAGATE_mclust/151676/variance_2/runner.log,candidate_evidence,22210,45cdc94092a0057b0bc07ed7c791d140e7c1d02e6715d68df3bfc6f1a6559c60,study01_run
01,REPRO:01_clustering/outputs/final_rerun_20260718/methods/STAGATE_mclust/provenance.json,candidate_evidence,2240,fd8da4029ee9c14dd4b3e47c64b25b0aa9f9a50c705eed819d93b3a44655c01b,study01_run
01,REPRO:01_clustering/outputs/final_rerun_20260718/methods/STAGATE_mclust/run_manifest.csv,candidate_evidence,155843,8b21309cf956d0d75adb6689026c63687d0470446af32b3fddd807cc0a297ae6,study01_run
01,REPRO:01_clustering/outputs/final_rerun_20260718/methods/failures/GraphST/151508/mean_0_50__20260719_050623_250644/runner.log,failure_evidence,456,0459fecf75aa40f9073be9982f33d398394d95d7d82448062dd92843131bc163,study01_run
01,REPRO:01_clustering/outputs/final_rerun_20260718/methods/failures/GraphST/151508/mean_0_67__20260719_050654_874595/runner.log,failure_evidence,456,0459fecf75aa40f9073be9982f33d398394d95d7d82448062dd92843131bc163,study01_run
01,REPRO:01_clustering/outputs/final_rerun_20260718/methods/failures/GraphST/151508/mean_0_80__20260719_050726_305304/runner.log,failure_evidence,456,0459fecf75aa40f9073be9982f33d398394d95d7d82448062dd92843131bc163,study01_run
01,REPRO:01_clustering/outputs/final_rerun_20260718/methods/failures/GraphST/151508/mean_1_25__20260719_050758_292129/runner.log,failure_evidence,456,0459fecf75aa40f9073be9982f33d398394d95d7d82448062dd92843131bc163,study01_run
01,REPRO:01_clustering/outputs/final_rerun_20260718/methods/failures/GraphST/151508/mean_1_50__20260719_050831_690778/runner.log,failure_evidence,456,0459fecf75aa40f9073be9982f33d398394d95d7d82448062dd92843131bc163,study01_run
01,REPRO:01_clustering/outputs/final_rerun_20260718/methods/failures/GraphST/151508/mean_2__20260719_050903_838998/runner.log,failure_evidence,456,0459fecf75aa40f9073be9982f33d398394d95d7d82448062dd92843131bc163,study01_run
01,REPRO:01_clustering/outputs/final_rerun_20260718/methods/failures/GraphST/151508/var_hetero_0_75__20260719_051248_270511/runner.log,failure_evidence,456,0459fecf75aa40f9073be9982f33d398394d95d7d82448062dd92843131bc163,study01_run
01,REPRO:01_clustering/outputs/final_rerun_20260718/methods/failures/GraphST/151508/var_hetero_1_25__20260719_051320_091062/runner.log,failure_evidence,456,0459fecf75aa40f9073be9982f33d398394d95d7d82448062dd92843131bc163,study01_run
01,REPRO:01_clustering/outputs/final_rerun_20260718/methods/failures/GraphST/151508/variance_0_50__20260719_050935_632647/runner.log,failure_evidence,456,0459fecf75aa40f9073be9982f33d398394d95d7d82448062dd92843131bc163,study01_run
01,REPRO:01_clustering/outputs/final_rerun_20260718/methods/failures/GraphST/151508/variance_0_67__20260719_051008_399414/runner.log,failure_evidence,456,0459fecf75aa40f9073be9982f33d398394d95d7d82448062dd92843131bc163,study01_run
01,REPRO:01_clustering/outputs/final_rerun_20260718/methods/failures/GraphST/151508/variance_0_80__20260719_051039_984546/runner.log,failure_evidence,456,0459fecf75aa40f9073be9982f33d398394d95d7d82448062dd92843131bc163,study01_run
01,REPRO:01_clustering/outputs/final_rerun_20260718/methods/failures/GraphST/151508/variance_1_25__20260719_051113_529050/runner.log,failure_evidence,456,0459fecf75aa40f9073be9982f33d398394d95d7d82448062dd92843131bc163,study01_run
01,REPRO:01_clustering/outputs/final_rerun_20260718/methods/failures/GraphST/151508/variance_1_50__20260719_051145_146345/runner.log,failure_evidence,456,0459fecf75aa40f9073be9982f33d398394d95d7d82448062dd92843131bc163,study01_run
01,REPRO:01_clustering/outputs/final_rerun_20260718/methods/failures/GraphST/151508/variance_2__20260719_051216_423512/runner.log,failure_evidence,456,0459fecf75aa40f9073be9982f33d398394d95d7d82448062dd92843131bc163,study01_run
01,REPRO:01_clustering/outputs/final_rerun_20260718/simulations/provenance.json,candidate_evidence,664,66daa5a7bd40a4b7d57a59703e138d40641222ca1d8e80993515bd847eeb575a,study01_run
01,REPRO:01_clustering/outputs/final_rerun_20260718/simulations/simulation_manifest.csv,candidate_evidence,38723,2fa032367383f7369c33f14e9adeed315ceadb02a1443a4349a1864c8807f254,study01_run
01,REPRO:01_clustering/outputs/final_rerun_20260718/simulations/simulations/151508/baseline.h5ad,candidate_payload,15730677,9874f7779d715a3b50e084b745568e57f947f0732810b8fcff264c79f9fdee3e,study01_run
01,REPRO:01_clustering/outputs/final_rerun_20260718/simulations/simulations/151508/combined_mild_activation.h5ad,candidate_payload,16260044,f60ac21040b133e6ba183e9bc2e2d8c413427686e7407a7454deac4edc354c8d,study01_run
01,REPRO:01_clustering/outputs/final_rerun_20260718/simulations/simulations/151508/combined_mild_dropout.h5ad,candidate_payload,13262103,5646c491eee2d8cd02de31e6771ca964ae249c0917bc7bf2aa264f42e3d90713,study01_run
01,REPRO:01_clustering/outputs/final_rerun_20260718/simulations/simulations/151508/combined_noisy_tissue.h5ad,candidate_payload,14466767,461ea6ee991d1406b5e48db3d5eb7ff9e3ad36c5a3c814a0450b99c0c1c10902,study01_run
01,REPRO:01_clustering/outputs/final_rerun_20260718/simulations/simulations/151508/combined_strong_activation.h5ad,candidate_payload,16954992,05c4b1be3d4a731885eb57becf8992a4eafdc809bc38a2ed483d1374676d9df4,study01_run
01,REPRO:01_clustering/outputs/final_rerun_20260718/simulations/simulations/151508/combined_suppressed.h5ad,candidate_payload,12652507,392b705c185d353fee3a03639049c703dbf736416920d116d1dec590a9ea6cf9,study01_run
01,REPRO:01_clustering/outputs/final_rerun_20260718/simulations/simulations/151508/mean_0_50.h5ad,candidate_payload,14452023,86dc05f9ff01d45c71834f9db10f1b996c6c560be33e922d6d0600f1e75ccf6c,study01_run
01,REPRO:01_clustering/outputs/final_rerun_20260718/simulations/simulations/151508/mean_0_67.h5ad,candidate_payload,14829230,ae02907d9cefa8d72990e10eda5890d878d87e550f257e6bdf2dcc1a97e1bd27,study01_run
01,REPRO:01_clustering/outputs/final_rerun_20260718/simulations/simulations/151508/mean_0_80.h5ad,candidate_payload,15152200,a49d9049d3b366a60d3242df1254d19cabfc96b70b2491fbc62f3f504f0d4772,study01_run
01,REPRO:01_clustering/outputs/final_rerun_20260718/simulations/simulations/151508/mean_1_25.h5ad,candidate_payload,15676463,befcf385e90b799d24c5776e700ad2d35d3c95a42591af1724d5e6c2c0480943,study01_run
01,REPRO:01_clustering/outputs/final_rerun_20260718/simulations/simulations/151508/mean_1_50.h5ad,candidate_payload,15735645,f0b3f9529cdbbecb528e30a3d631317d97ade73266147800ce0d07e379e7380e,study01_run
01,REPRO:01_clustering/outputs/final_rerun_20260718/simulations/simulations/151508/mean_2.h5ad,candidate_payload,16262084,c565e96585a9f2d41dffb062bda4098a2793c0b575a14bd120201bb85bd156e0,study01_run
01,REPRO:01_clustering/outputs/final_rerun_20260718/simulations/simulations/151508/sparsity_neg_0_25.h5ad,candidate_payload,15653946,320f36d573be5f9a196197a0482b45c8db951b8b51125118b1c6367ffa309876,study01_run
01,REPRO:01_clustering/outputs/final_rerun_20260718/simulations/simulations/151508/sparsity_neg_0_50.h5ad,candidate_payload,15698774,58da5def8478900f694eae20646afc30916ace8d2067e43a79fd5a32db83e6f6,study01_run
01,REPRO:01_clustering/outputs/final_rerun_20260718/simulations/simulations/151508/sparsity_neg_1.h5ad,candidate_payload,15963501,6eaa87569c41f55731915ac59508af4d5bb763c038f6d5f4763937f6fa053a34,study01_run
01,REPRO:01_clustering/outputs/final_rerun_20260718/simulations/simulations/151508/sparsity_pos_0_25.h5ad,candidate_payload,14483254,672ec5a7f1d7423318c8e2e0ecb182dd98da55fdc598820da6445a13a63501ba,study01_run
01,REPRO:01_clustering/outputs/final_rerun_20260718/simulations/simulations/151508/sparsity_pos_0_50.h5ad,candidate_payload,13327919,26d70652d01c739e0eaf5155a7f5948c02803f509f675933c4fa0e54c974c913,study01_run
01,REPRO:01_clustering/outputs/final_rerun_20260718/simulations/simulations/151508/sparsity_pos_1.h5ad,candidate_payload,11463254,2e277593152ac52e1798d1b16e332a0e410b5c3f1ba2009caba4da97ab40b5b3,study01_run
01,REPRO:01_clustering/outputs/final_rerun_20260718/simulations/simulations/151508/var_hetero_0_75.h5ad,candidate_payload,15735475,595dd7847dcd0c6cc8cf4dc4681f1b1f34eb82648fe282d7b945593579b7a97e,study01_run
01,REPRO:01_clustering/outputs/final_rerun_20260718/simulations/simulations/151508/var_hetero_1_25.h5ad,candidate_payload,15721456,32660be6cc88ee7ac1159b8ba75bfcdcb3626fcc4b5727ae0b37dd4712702d2e,study01_run
01,REPRO:01_clustering/outputs/final_rerun_20260718/simulations/simulations/151508/var_hetero_1_50.h5ad,candidate_payload,15706986,02fcd7a80f4bca6e802942a2c21440c0c36fa4c3be831fb73ffb55c532c7005f,study01_run
01,REPRO:01_clustering/outputs/final_rerun_20260718/simulations/simulations/151508/variance_0_50.h5ad,candidate_payload,15716853,2d8e493bb32bc0eb6eb93a8750b670e3eaef55b2c533aebaf549ad7dae8e29b6,study01_run
01,REPRO:01_clustering/outputs/final_rerun_20260718/simulations/simulations/151508/variance_0_67.h5ad,candidate_payload,15727059,c107c69fa7aed00e5a9d5270193205ede726ac1db21a9b40d2983beeb656c522,study01_run
01,REPRO:01_clustering/outputs/final_rerun_20260718/simulations/simulations/151508/variance_0_80.h5ad,candidate_payload,15731254,dd2a52a4b06ae78232699347a3b18a45e3fe02750b9bbac81e6c4d28eb253621,study01_run
01,REPRO:01_clustering/outputs/final_rerun_20260718/simulations/simulations/151508/variance_1_25.h5ad,candidate_payload,15730698,5d37ff752125fdb1fe38ccfcd4ec7ea9fd981faf0e51705255b60b2f44622e44,study01_run
01,REPRO:01_clustering/outputs/final_rerun_20260718/simulations/simulations/151508/variance_1_50.h5ad,candidate_payload,15727807,76219fdbda4468792849f693b5bfe48d49b1ac6d308727e985baa0c6dcde45dd,study01_run
01,REPRO:01_clustering/outputs/final_rerun_20260718/simulations/simulations/151508/variance_2.h5ad,candidate_payload,15716222,ce9327361bfc81cbc0889d4830edff7d59a9aa54bb30ffa22ff125ede69f5e53,study01_run
01,REPRO:01_clustering/outputs/final_rerun_20260718/simulations/simulations/151670/baseline.h5ad,candidate_payload,15959950,7aaca88e700f2b04db27fe93d4f0412ef76feb710971662f8b0130f270c57b59,study01_run
01,REPRO:01_clustering/outputs/final_rerun_20260718/simulations/simulations/151670/combined_mild_activation.h5ad,candidate_payload,16493031,57447643c1ba592f9c60b886fbb7b641f6b43c3c96e3bfbf183dc99172baa68e,study01_run
01,REPRO:01_clustering/outputs/final_rerun_20260718/simulations/simulations/151670/combined_mild_dropout.h5ad,candidate_payload,13855599,80f9c3198c8fff6ea9a377af0ebcfb598a4bc0d6637e17fb8654bd5baac3a9c0,study01_run
01,REPRO:01_clustering/outputs/final_rerun_20260718/simulations/simulations/151670/combined_noisy_tissue.h5ad,candidate_payload,14822891,43b7b6b58f5a08ec40ed550043ec26e2a7084a7346f8d7a965e2d7b92b2bb1c8,study01_run
01,REPRO:01_clustering/outputs/final_rerun_20260718/simulations/simulations/151670/combined_strong_activation.h5ad,candidate_payload,17367064,3a3698ee3c21053dfb6eea8bf47b4b4e0d5a730891b8565bf4dd48a8cace2272,study01_run
01,REPRO:01_clustering/outputs/final_rerun_20260718/simulations/simulations/151670/combined_suppressed.h5ad,candidate_payload,12980884,530a6226566a19fe4cba5d9d24a4ee810b6232a8ce87354cde4d0c76ee592a0c,study01_run
01,REPRO:01_clustering/outputs/final_rerun_20260718/simulations/simulations/151670/mean_0_50.h5ad,candidate_payload,14411203,a0b4f7ecf6439b96701f1dc8bc9208d5c7b57726b827560cb1da526d502c40ab,study01_run
01,REPRO:01_clustering/outputs/final_rerun_20260718/simulations/simulations/151670/mean_0_67.h5ad,candidate_payload,14884737,6c081129f7cd5c6071ffdff5c0088e10d9b81a42f0a90a0c86410a93208bfd6f,study01_run
01,REPRO:01_clustering/outputs/final_rerun_20260718/simulations/simulations/151670/mean_0_80.h5ad,candidate_payload,15298651,5bb0d099f3d6c08f2dc41efbfb2dbe32353af8c7dcc3e5998582dc6906224ebc,study01_run
01,REPRO:01_clustering/outputs/final_rerun_20260718/simulations/simulations/151670/mean_1_25.h5ad,candidate_payload,15997905,09004d4c6a95c93ea3e70bf1098105d8f60c43a4528ebc261338c50c32175e56,study01_run
01,REPRO:01_clustering/outputs/final_rerun_20260718/simulations/simulations/151670/mean_1_50.h5ad,candidate_payload,16169965,4d5c3b51a4f74d0a945dadc664daecfe42bf18eb3856b6fb903a033868c11a9d,study01_run
01,REPRO:01_clustering/outputs/final_rerun_20260718/simulations/simulations/151670/mean_2.h5ad,candidate_payload,16730786,48f8da4fd0df0f2948f577eb9d3645b4db3a34051068f4d48b79533709fec06c,study01_run
01,REPRO:01_clustering/outputs/final_rerun_20260718/simulations/simulations/151670/sparsity_neg_0_25.h5ad,candidate_payload,15798938,3267e0a9548af07a9b809710516918154b113b820609d00aa33d37214fe21478,study01_run
01,REPRO:01_clustering/outputs/final_rerun_20260718/simulations/simulations/151670/sparsity_neg_0_50.h5ad,candidate_payload,15722275,25edb37c8e1c75ffe108595a7c35bae4ec2fc81dabb7e0f8b93cf79db7e44a58,study01_run
01,REPRO:01_clustering/outputs/final_rerun_20260718/simulations/simulations/151670/sparsity_neg_1.h5ad,candidate_payload,15702113,8e16418886c7d7f255683aad6d1a99da6a4b3c127f6c418a80495781b0867c31,study01_run
01,REPRO:01_clustering/outputs/final_rerun_20260718/simulations/simulations/151670/sparsity_pos_0_25.h5ad,candidate_payload,14829829,641fa8cba04f36108004dbffe052547ecce3e4b71068557491f2c8d6968a5b19,study01_run
01,REPRO:01_clustering/outputs/final_rerun_20260718/simulations/simulations/151670/sparsity_pos_0_50.h5ad,candidate_payload,13918920,9c4189913459202fa193ca5350786a15f38c125fe7acdeb5120ae65f17f42746,study01_run
01,REPRO:01_clustering/outputs/final_rerun_20260718/simulations/simulations/151670/sparsity_pos_1.h5ad,candidate_payload,12291289,3991523dd6cb6d73feeda062b05ea94e8d30efe5f7346ef8033311b4353d5e3f,study01_run
01,REPRO:01_clustering/outputs/final_rerun_20260718/simulations/simulations/151670/var_hetero_0_75.h5ad,candidate_payload,15978847,05e1e03f46b26ddc7a58d57948dc61b104a45f15bd71d77385c476b599f20fdf,study01_run
01,REPRO:01_clustering/outputs/final_rerun_20260718/simulations/simulations/151670/var_hetero_1_25.h5ad,candidate_payload,15965769,6cc4a7e5427189367bf62f468792c8143b270f818e8de8d148889326ced6b771,study01_run
01,REPRO:01_clustering/outputs/final_rerun_20260718/simulations/simulations/151670/var_hetero_1_50.h5ad,candidate_payload,15957178,8906c11e37f586ba797e6f31a691107431df9ea0b78ba02955cb1604112561a6,study01_run
01,REPRO:01_clustering/outputs/final_rerun_20260718/simulations/simulations/151670/variance_0_50.h5ad,candidate_payload,15968431,1163546cbc6f7690890583ee235b4f812dec3b71c32367a53d5d64b511d27a50,study01_run
01,REPRO:01_clustering/outputs/final_rerun_20260718/simulations/simulations/151670/variance_0_67.h5ad,candidate_payload,15977803,f441e1a06791a2d536c0fe95071aa70df7d82e57ef25ccb7795b418d2936b27c,study01_run
01,REPRO:01_clustering/outputs/final_rerun_20260718/simulations/simulations/151670/variance_0_80.h5ad,candidate_payload,15978746,ea24b3c1d79d24ae77383f1af667d1eb9863856eb8a918e5c3902b22d397e721,study01_run
01,REPRO:01_clustering/outputs/final_rerun_20260718/simulations/simulations/151670/variance_1_25.h5ad,candidate_payload,15967574,88e563ee08951a6e6bd54159bd821e8660c16521bccdeb5d5423972f73330eda,study01_run
01,REPRO:01_clustering/outputs/final_rerun_20260718/simulations/simulations/151670/variance_1_50.h5ad,candidate_payload,15964273,5b602d3d8cdc18bb7bd3e8a8f5f600819e15bd4139957f2b2c0572407cdc5f94,study01_run
01,REPRO:01_clustering/outputs/final_rerun_20260718/simulations/simulations/151670/variance_2.h5ad,candidate_payload,15949888,b1544a9925f1ef88bf31baa210015766c2a35c0d0e4bdfba93aa2997778ccd9f,study01_run
01,REPRO:01_clustering/outputs/final_rerun_20260718/simulations/simulations/151676/baseline.h5ad,candidate_payload,17320034,d77850b9b17e33cb2c0e248ee513bd6e9abdbcacfbd02204e209ddfb292316e0,study01_run
01,REPRO:01_clustering/outputs/final_rerun_20260718/simulations/simulations/151676/combined_mild_activation.h5ad,candidate_payload,17947306,48202ef1efcba30f89601a968d9def0f6bfec023a224bbb12d0fd19e6a47f8c0,study01_run
01,REPRO:01_clustering/outputs/final_rerun_20260718/simulations/simulations/151676/combined_mild_dropout.h5ad,candidate_payload,14963680,18f356c93dcd92b89226de546c8f95d963b95cdf6c5f372a3bad1fb9c1856499,study01_run
01,REPRO:01_clustering/outputs/final_rerun_20260718/simulations/simulations/151676/combined_noisy_tissue.h5ad,candidate_payload,16032421,f74e532537a5d95f9e93d4a0bf3053b67622126480fd4ff4ff7a2ac5ea8b8c04,study01_run
01,REPRO:01_clustering/outputs/final_rerun_20260718/simulations/simulations/151676/combined_strong_activation.h5ad,candidate_payload,19007362,d748e6157bf9512d4e792ea378e03454b3bc468377242d2e1087252a9306ab5a,study01_run
01,REPRO:01_clustering/outputs/final_rerun_20260718/simulations/simulations/151676/combined_suppressed.h5ad,candidate_payload,13929615,6a8879806c08a6dacea636ef923c7865c0179c25956174f4e32e064ebeadd5da,study01_run
01,REPRO:01_clustering/outputs/final_rerun_20260718/simulations/simulations/151676/mean_0_50.h5ad,candidate_payload,15490528,2954ce3f76fb602aeb87563e35cc66ff050539a63c09f6aecfb51aaaeab3bb9c,study01_run
01,REPRO:01_clustering/outputs/final_rerun_20260718/simulations/simulations/151676/mean_0_67.h5ad,candidate_payload,16054698,cabd2117ed6279da83b917849acb5328c97cf6c58447763648f23c26c4383053,study01_run
01,REPRO:01_clustering/outputs/final_rerun_20260718/simulations/simulations/151676/mean_0_80.h5ad,candidate_payload,16551738,fcbf2141529bbf31bda1499d411d1027dd8867c52319fe0eb7e909066f00447c,study01_run
01,REPRO:01_clustering/outputs/final_rerun_20260718/simulations/simulations/151676/mean_1_25.h5ad,candidate_payload,17382684,d67d76882f67241dd7ded45c61cdf4bdc541d7cfe5ad93e8a1fcdb575764a4c7,study01_run
01,REPRO:01_clustering/outputs/final_rerun_20260718/simulations/simulations/151676/mean_1_50.h5ad,candidate_payload,17624281,87d1f480e723ad7f77a2b8be725e2e0fea00b0881be2370c39929043279c915a,study01_run
01,REPRO:01_clustering/outputs/final_rerun_20260718/simulations/simulations/151676/mean_2.h5ad,candidate_payload,18235662,3065d64efa395bcb443159f2dcf46328c062e8a8d34596089068c89dbf98b940,study01_run
01,REPRO:01_clustering/outputs/final_rerun_20260718/simulations/simulations/151676/sparsity_neg_0_25.h5ad,candidate_payload,17132272,cbb8faa33c88ad956b890d47f2d622820fa5c4225cf3ba4e3b9db66651280711,study01_run
01,REPRO:01_clustering/outputs/final_rerun_20260718/simulations/simulations/151676/sparsity_neg_0_50.h5ad,candidate_payload,17021495,8a96eefbaa475348ac1f2f97a25b690719b184fed886d236452a49ecc68f8711,study01_run
01,REPRO:01_clustering/outputs/final_rerun_20260718/simulations/simulations/151676/sparsity_neg_1.h5ad,candidate_payload,16869154,7ae9cd3d10c4d939a4ab400b5b14f3ea5fd5e4a7ba48dca754b5768edca2d0fa,study01_run
01,REPRO:01_clustering/outputs/final_rerun_20260718/simulations/simulations/151676/sparsity_pos_0_25.h5ad,candidate_payload,16050837,3ca341392a898d1001b7ee564a2f486ee0b0733ff269d8c3f4e2e222c4bb4cfa,study01_run
01,REPRO:01_clustering/outputs/final_rerun_20260718/simulations/simulations/151676/sparsity_pos_0_50.h5ad,candidate_payload,15048425,78afbbbf097b7588c283b26415184961342f592b8ca204b672f328d0acce40e0,study01_run
01,REPRO:01_clustering/outputs/final_rerun_20260718/simulations/simulations/151676/sparsity_pos_1.h5ad,candidate_payload,13148519,3f9cf4218f94e0d64808ba09a0cc2d66db52182bcd55943e63c2e86fdc9871d0,study01_run
01,REPRO:01_clustering/outputs/final_rerun_20260718/simulations/simulations/151676/var_hetero_0_75.h5ad,candidate_payload,17345602,51f65b8d1ddfa4b916cda428c02768b9f081942c373f154b74aadaaaf91cc123,study01_run
01,REPRO:01_clustering/outputs/final_rerun_20260718/simulations/simulations/151676/var_hetero_1_25.h5ad,candidate_payload,17318720,57e44a77541e11f26ae12a5922a93f37851cdefa9dafb5ed671548b0072ac9c3,study01_run
01,REPRO:01_clustering/outputs/final_rerun_20260718/simulations/simulations/151676/var_hetero_1_50.h5ad,candidate_payload,17305721,da1cfbddcf6d8f6626beb2c175b23dec80978512d87543c35730620c8605353d,study01_run
01,REPRO:01_clustering/outputs/final_rerun_20260718/simulations/simulations/151676/variance_0_50.h5ad,candidate_payload,17346653,5902ccb73e6ec9649a0a79c024ff8a7f4e0ee37795522630b334e1dd6d47a4ad,study01_run
01,REPRO:01_clustering/outputs/final_rerun_20260718/simulations/simulations/151676/variance_0_67.h5ad,candidate_payload,17348759,d1722d96590a0327d852be0c7de0567ee11cc09ca160ba80e8e550c5b4c3e163,study01_run
01,REPRO:01_clustering/outputs/final_rerun_20260718/simulations/simulations/151676/variance_0_80.h5ad,candidate_payload,17344531,cadb5a1ac88ba1b147056ef42344d030b09a62c3bd466710e3c4b8c378dadbac,study01_run
01,REPRO:01_clustering/outputs/final_rerun_20260718/simulations/simulations/151676/variance_1_25.h5ad,candidate_payload,17324844,55178b32f10dcb0c0e6f19eb7229f38d8ce40dbab206c6bf73676a82ef83b58e,study01_run
01,REPRO:01_clustering/outputs/final_rerun_20260718/simulations/simulations/151676/variance_1_50.h5ad,candidate_payload,17316044,4ddf0e2580bb943c9c9a755d455b3d67cf6faab9bee9d6ac03564ff121632ed8,study01_run
01,REPRO:01_clustering/outputs/final_rerun_20260718/simulations/simulations/151676/variance_2.h5ad,candidate_payload,17295917,4258337e637ea6d8664bcb316c19cc91273ff9585c0a8ccd838966f426edd12c,study01_run
01,REPRO:01_clustering/outputs/final_rerun_20260718_comparison_v2/baseline_gap_by_slice.csv,candidate_evidence,846,8b7e933ae43aeeeb62af0639d762b5c43a57f9e2f281c98e3e0666a948b45543,study01_comparison
01,REPRO:01_clustering/outputs/final_rerun_20260718_comparison_v2/baseline_gap_comparison.csv,candidate_evidence,627,245ebba2e1186b0d22fbcc9c3b7c1ec97b0092fed271f5327dc90a19f94773c2,study01_comparison
01,REPRO:01_clustering/outputs/final_rerun_20260718_comparison_v2/old_vs_new_metrics.csv,candidate_evidence,317027,0255857f393955f0ba2bc41a72da47fd700f8dbc099d7e73236ab67cc1e38588,study01_comparison
01,REPRO:01_clustering/outputs/final_rerun_20260718_comparison_v2/old_vs_new_summary.csv,candidate_evidence,7246,df9dd4018ee03abc78b185cb588610a27b846b6e592c430705d2149de1940151,study01_comparison
01,REPRO:01_clustering/outputs/final_rerun_20260718_comparison_v2/provenance.json,candidate_evidence,1548,117701a9c4cd3da5ea6da7f0c2801a10a48c16e8e0bf71c50e9fbe8c1b346534,study01_comparison
01,REPRO:01_clustering/outputs/final_rerun_20260718_comparison_v2/publication_decision.json,candidate_evidence,1293,aa7dac0ad2cb41b9fd2c11c89336da14e87e48ab240ab2d7543bad92d74493e9,study01_comparison
01,REPRO:01_clustering/outputs/final_rerun_20260718_report/baseline_differences.csv,candidate_evidence,307,8b33f3f65fef21f547022062103b85eef41e37cff80664c92e3364ee79627ae1,study01_report
01,REPRO:01_clustering/outputs/final_rerun_20260718_report/benchmark_summary.csv,candidate_evidence,2340,e9e125ac77633b0de79e43d79922049bea33f55aaefc5112cecb76fa42f44bde,study01_report
01,REPRO:01_clustering/outputs/final_rerun_20260718_report/fixed_panel_benchmark_metrics.csv,candidate_evidence,53370,10abbadbcf8c26d2b85e92a3357a8380fe4f4bc46882e6d42d2388a3d1882fab,study01_report
01,REPRO:01_clustering/outputs/final_rerun_20260718_report/provenance.json,candidate_evidence,1299,904c481845137c5f863ec849bbfeb878470cb8f65129f5b5f623e3fcf6e21493,study01_report
02,REPRO:02_alignment/outputs/final_rerun_20260718_v2/comparison/NONCANONICAL_DISPOSITION.md,noncanonical_evidence,606,0e086af3fc1b8b09e2f456afc2d00774046d63fc802c9754550278f5ef2b1a44,study02
02,REPRO:02_alignment/outputs/final_rerun_20260718_v2/comparison/headline_direction_assessment.csv,noncanonical_evidence,797,b52ac72c73cde93122112f83d2d9447a7dccda8d0b596a18020ff0f152277568,study02
02,REPRO:02_alignment/outputs/final_rerun_20260718_v2/comparison/historical_design_vs_fresh_summary.csv,noncanonical_evidence,2717,ce1b38839287c44c6bc04183b3f3b49c9c9b5b22779769bd74bc4530529d3037,study02
02,REPRO:02_alignment/outputs/final_rerun_20260718_v2/comparison/old_vs_new_metrics.csv,noncanonical_evidence,32147,b30a18d6df9403cd63abdff6f93e95e312f0fca0be3bc8d9cd1b1ac5518ad18b,study02
02,REPRO:02_alignment/outputs/final_rerun_20260718_v2/comparison/old_vs_new_summary.csv,noncanonical_evidence,12471,2b38b0e748c2334a1acd71dca5d1b332e1446b8c8ac3e69ec5e17a359c7304a2,study02
02,REPRO:02_alignment/outputs/final_rerun_20260718_v2/comparison/provenance.json,noncanonical_evidence,1787,ff0f3a7e3fb725635195ff4bad72778fd9cf086f790b68dd79ccfaebc91564bf,study02
02,REPRO:02_alignment/outputs/final_rerun_20260718_v2/comparison/publication_decision.json,noncanonical_evidence,1043,e0fe8ec499d9aaee4e7a9d89262e32c9287d5db7d9e5da549864ac30295d7e0c,study02
02,REPRO:02_alignment/outputs/final_rerun_20260718_v2/comparison_v2/headline_direction_assessment.csv,candidate_evidence,797,b52ac72c73cde93122112f83d2d9447a7dccda8d0b596a18020ff0f152277568,study02
02,REPRO:02_alignment/outputs/final_rerun_20260718_v2/comparison_v2/historical_design_vs_fresh_summary.csv,candidate_evidence,2717,ce1b38839287c44c6bc04183b3f3b49c9c9b5b22779769bd74bc4530529d3037,study02
02,REPRO:02_alignment/outputs/final_rerun_20260718_v2/comparison_v2/old_vs_new_metrics.csv,candidate_evidence,32147,b30a18d6df9403cd63abdff6f93e95e312f0fca0be3bc8d9cd1b1ac5518ad18b,study02
02,REPRO:02_alignment/outputs/final_rerun_20260718_v2/comparison_v2/old_vs_new_summary.csv,candidate_evidence,12471,2b38b0e748c2334a1acd71dca5d1b332e1446b8c8ac3e69ec5e17a359c7304a2,study02
02,REPRO:02_alignment/outputs/final_rerun_20260718_v2/comparison_v2/provenance.json,candidate_evidence,1787,548a6b5fb4efbce960617bdc8b968bc5711ddf46a2b362749eaac637bd8de781,study02
02,REPRO:02_alignment/outputs/final_rerun_20260718_v2/comparison_v2/publication_decision.json,candidate_evidence,2010,bc5d5b48933dc8aee4fecb125a11da3bf7ed053c33c84b432e38d2ea1b418601,study02
02,REPRO:02_alignment/outputs/final_rerun_20260718_v2/methods/baseline/paste/angle_1/aligned.h5ad,candidate_payload,15121195,6f1066fc47b787c795d013e2d705709f553963ba486ce7092a8f5fe4a148ca6f,study02
02,REPRO:02_alignment/outputs/final_rerun_20260718_v2/methods/baseline/paste/angle_1/aligned_coordinates.csv,candidate_payload,324124,bd5b7b381a6f89dea71821ce96ae8cbe511ac5f62e9c6f494fc29b92ccf1875f,study02
02,REPRO:02_alignment/outputs/final_rerun_20260718_v2/methods/baseline/paste/angle_1/coupling_matrix.npy,candidate_payload,101673928,df7a37d6df6a6e0dc206d56f4c861217e25b6fa3a726b3aa2fb2b7276c58bb01,study02
02,REPRO:02_alignment/outputs/final_rerun_20260718_v2/methods/baseline/paste/angle_1/diagnostics.json,candidate_evidence,969,a14c5a3f1fca6eafbd15ac7672bed55de8ec2b4ab85b711447c0db6d9c257440,study02
02,REPRO:02_alignment/outputs/final_rerun_20260718_v2/methods/baseline/paste/angle_1/inner_emd_diagnostics.csv,candidate_evidence,178,b6222d7235561d6095102fc6c20cf992928cccdae49fc338498af461dd20c5ad,study02
02,REPRO:02_alignment/outputs/final_rerun_20260718_v2/methods/baseline/paste/angle_1/runner.log,candidate_evidence,216,f050b5edeadbc6c75c341455833b401efd7e6844ce5dc4c0ec1d667c731da834,study02
02,REPRO:02_alignment/outputs/final_rerun_20260718_v2/methods/baseline/paste/angle_1/transform.json,candidate_evidence,3031,79e9103fcbb63e349c45cf31545a9aa327a2cfa7325329bc45fc58934812836f,study02
02,REPRO:02_alignment/outputs/final_rerun_20260718_v2/methods/baseline/paste/angle_10/aligned.h5ad,candidate_payload,15121247,4b0cd0768ee24ca9c0036432e3d996eb0995e073636d4678e32fb19420e2d0e1,study02
02,REPRO:02_alignment/outputs/final_rerun_20260718_v2/methods/baseline/paste/angle_10/aligned_coordinates.csv,candidate_payload,326785,c9d4fa437b09a0035fd02ee4cb5a01bcd08378bb68b5fb90d94e036ca3d13b65,study02
02,REPRO:02_alignment/outputs/final_rerun_20260718_v2/methods/baseline/paste/angle_10/coupling_matrix.npy,candidate_payload,101673928,df7a37d6df6a6e0dc206d56f4c861217e25b6fa3a726b3aa2fb2b7276c58bb01,study02
02,REPRO:02_alignment/outputs/final_rerun_20260718_v2/methods/baseline/paste/angle_10/diagnostics.json,candidate_evidence,969,03228c267569bc114c8a8dd584f70e2ee769f43283fbbcaf905a63495ae467b0,study02
02,REPRO:02_alignment/outputs/final_rerun_20260718_v2/methods/baseline/paste/angle_10/inner_emd_diagnostics.csv,candidate_evidence,179,e10a27ee4b7cec4a4ac9e26f45737369b4520e0e8e293d3b9386c0df25d58f34,study02
02,REPRO:02_alignment/outputs/final_rerun_20260718_v2/methods/baseline/paste/angle_10/runner.log,candidate_evidence,216,f050b5edeadbc6c75c341455833b401efd7e6844ce5dc4c0ec1d667c731da834,study02
02,REPRO:02_alignment/outputs/final_rerun_20260718_v2/methods/baseline/paste/angle_10/transform.json,candidate_evidence,3030,fe861bdb27f16fb167225bedd22e0d32acab4f533e54c860a4a903522f66b7ec,study02
02,REPRO:02_alignment/outputs/final_rerun_20260718_v2/methods/baseline/paste/angle_30/aligned.h5ad,candidate_payload,15123054,e1f836fa990ec200a541c851c992f05a10248e13f66cce575dd1f405a37f04f9,study02
02,REPRO:02_alignment/outputs/final_rerun_20260718_v2/methods/baseline/paste/angle_30/aligned_coordinates.csv,candidate_payload,321768,39676a1e566fbe3ed315fe766b3ba0b8c65b6d7d282e50c625c28fdbd04ff83f,study02
02,REPRO:02_alignment/outputs/final_rerun_20260718_v2/methods/baseline/paste/angle_30/coupling_matrix.npy,candidate_payload,101673928,df7a37d6df6a6e0dc206d56f4c861217e25b6fa3a726b3aa2fb2b7276c58bb01,study02
02,REPRO:02_alignment/outputs/final_rerun_20260718_v2/methods/baseline/paste/angle_30/diagnostics.json,candidate_evidence,969,d671588cebc1205b5368000d5c5d783d2f3246118c1b533de365b81cfca7ce9a,study02
02,REPRO:02_alignment/outputs/final_rerun_20260718_v2/methods/baseline/paste/angle_30/inner_emd_diagnostics.csv,candidate_evidence,180,62e1207a9a5c84875c09dbf6a5d89d5f0dd97248093380c813a8840b2b94bb20,study02
02,REPRO:02_alignment/outputs/final_rerun_20260718_v2/methods/baseline/paste/angle_30/runner.log,candidate_evidence,216,f050b5edeadbc6c75c341455833b401efd7e6844ce5dc4c0ec1d667c731da834,study02
02,REPRO:02_alignment/outputs/final_rerun_20260718_v2/methods/baseline/paste/angle_30/transform.json,candidate_evidence,3029,0527f3741f48d2ddbeede46c1817b5d73d5a7f7ad41a26112d667f8978025d1d,study02
02,REPRO:02_alignment/outputs/final_rerun_20260718_v2/methods/baseline/paste/angle_45/aligned.h5ad,candidate_payload,15122026,406c7b823bc42702d3dab9dc78e4f22819556e7175aed144bf45dd32e6caadee,study02
02,REPRO:02_alignment/outputs/final_rerun_20260718_v2/methods/baseline/paste/angle_45/aligned_coordinates.csv,candidate_payload,325879,067d99e353a7c78041b31634c36d979d62759426e6c94f44295443094bc55771,study02
02,REPRO:02_alignment/outputs/final_rerun_20260718_v2/methods/baseline/paste/angle_45/coupling_matrix.npy,candidate_payload,101673928,df7a37d6df6a6e0dc206d56f4c861217e25b6fa3a726b3aa2fb2b7276c58bb01,study02
02,REPRO:02_alignment/outputs/final_rerun_20260718_v2/methods/baseline/paste/angle_45/diagnostics.json,candidate_evidence,969,a14c5a3f1fca6eafbd15ac7672bed55de8ec2b4ab85b711447c0db6d9c257440,study02
02,REPRO:02_alignment/outputs/final_rerun_20260718_v2/methods/baseline/paste/angle_45/inner_emd_diagnostics.csv,candidate_evidence,178,f616d8ed122435bb4479d2257663c166bde6a25d2c22a0cadb5e62a26f89c668,study02
02,REPRO:02_alignment/outputs/final_rerun_20260718_v2/methods/baseline/paste/angle_45/runner.log,candidate_evidence,216,f050b5edeadbc6c75c341455833b401efd7e6844ce5dc4c0ec1d667c731da834,study02
02,REPRO:02_alignment/outputs/final_rerun_20260718_v2/methods/baseline/paste/angle_45/transform.json,candidate_evidence,3029,76d42c46833c07a19d295e4876a14dc35b8fd4f0c20cfb2f7f7f8a396d3ca48e,study02
02,REPRO:02_alignment/outputs/final_rerun_20260718_v2/methods/baseline/paste/angle_5/aligned.h5ad,candidate_payload,15121733,5bfc423d62c52cf37cd7782f24ab33942280e559467d4eb63b3763381215ab05,study02
02,REPRO:02_alignment/outputs/final_rerun_20260718_v2/methods/baseline/paste/angle_5/aligned_coordinates.csv,candidate_payload,325314,2952aabd5e91fda0c1292c356147913c1d86ea249b8bdeb71c9936b05ad30692,study02
02,REPRO:02_alignment/outputs/final_rerun_20260718_v2/methods/baseline/paste/angle_5/coupling_matrix.npy,candidate_payload,101673928,df7a37d6df6a6e0dc206d56f4c861217e25b6fa3a726b3aa2fb2b7276c58bb01,study02
02,REPRO:02_alignment/outputs/final_rerun_20260718_v2/methods/baseline/paste/angle_5/diagnostics.json,candidate_evidence,969,03228c267569bc114c8a8dd584f70e2ee769f43283fbbcaf905a63495ae467b0,study02
02,REPRO:02_alignment/outputs/final_rerun_20260718_v2/methods/baseline/paste/angle_5/inner_emd_diagnostics.csv,candidate_evidence,180,86631e0c98211c8b89779f46ad8aebddf97902f3298c68d7a58e14db1eb7c05b,study02
02,REPRO:02_alignment/outputs/final_rerun_20260718_v2/methods/baseline/paste/angle_5/runner.log,candidate_evidence,216,f050b5edeadbc6c75c341455833b401efd7e6844ce5dc4c0ec1d667c731da834,study02
02,REPRO:02_alignment/outputs/final_rerun_20260718_v2/methods/baseline/paste/angle_5/transform.json,candidate_evidence,3029,86068b595fbd866dda0e45e360286023393f49f424d7667d463a09a2b7b06dd6,study02
02,REPRO:02_alignment/outputs/final_rerun_20260718_v2/methods/baseline/spateo/angle_1/aligned.h5ad,candidate_payload,15125836,ff0c03751b9b7425f4d81194a3802ffb51a02e263b93ee6bf0a33ab9426fb925,study02
02,REPRO:02_alignment/outputs/final_rerun_20260718_v2/methods/baseline/spateo/angle_1/aligned_coordinates.csv,candidate_payload,306956,45be3d44a3a84e51c4325da8f8acafdc78151e24e15a3de464146c5b4b203ccf,study02
02,REPRO:02_alignment/outputs/final_rerun_20260718_v2/methods/baseline/spateo/angle_1/diagnostics.json,candidate_evidence,1294,d48e4e1cd484fdf83f451d807f180a3070c6fbbdbb37c53857d25141ed00342c,study02
02,REPRO:02_alignment/outputs/final_rerun_20260718_v2/methods/baseline/spateo/angle_1/mapping_matrix.npy,candidate_payload,101673928,9b7652709d04f7454121d05c2e886ed022b816f18a9dccf12d8922cea63cc149,study02
02,REPRO:02_alignment/outputs/final_rerun_20260718_v2/methods/baseline/spateo/angle_1/runner.log,candidate_evidence,2517,67fcbb1355562988a49022dab319acf8c87dcf0b9b9cc12637b8585b242b02c7,study02
02,REPRO:02_alignment/outputs/final_rerun_20260718_v2/methods/baseline/spateo/angle_1/transform.json,candidate_evidence,2560,65e881af7dd3406eb87026d59ef4d561225a7c4df0b5a4660e531bd67ac67496,study02
02,REPRO:02_alignment/outputs/final_rerun_20260718_v2/methods/baseline/spateo/angle_10/aligned.h5ad,candidate_payload,15125876,5dba3cf3f5fee8f092bf0c70fd4763023db778d3d7bfa17d043425cbe2e9a233,study02
02,REPRO:02_alignment/outputs/final_rerun_20260718_v2/methods/baseline/spateo/angle_10/aligned_coordinates.csv,candidate_payload,306878,e1f0ced1538d6718de9ffb8a32dd4132fdc028864a5b7a2c38ee89f9bd6d84a3,study02
02,REPRO:02_alignment/outputs/final_rerun_20260718_v2/methods/baseline/spateo/angle_10/diagnostics.json,candidate_evidence,1294,06919682222b07d8914d454e460262a54150daf5981ca971721070947cf31e93,study02
02,REPRO:02_alignment/outputs/final_rerun_20260718_v2/methods/baseline/spateo/angle_10/mapping_matrix.npy,candidate_payload,101673928,9785ad9e06c64dd3c0df0ac74cef52ad401d4f3c7cffd2879fb88dcb7df6c290,study02
02,REPRO:02_alignment/outputs/final_rerun_20260718_v2/methods/baseline/spateo/angle_10/runner.log,candidate_evidence,2517,4c534f5204c896f76227a06f503a46f0ad48ac7cf258336b13ff7634aea6b688,study02
02,REPRO:02_alignment/outputs/final_rerun_20260718_v2/methods/baseline/spateo/angle_10/transform.json,candidate_evidence,2561,3235ef075eb4d2e0af52066c687f15f708466b1db0b5c6cb6e5539bbd2082116,study02
02,REPRO:02_alignment/outputs/final_rerun_20260718_v2/methods/baseline/spateo/angle_30/aligned.h5ad,candidate_payload,15125829,2a4bc17f7c80f3723ec695c02e3bee7610ddd818f024bcbc33cfee4ea9d17ac7,study02
02,REPRO:02_alignment/outputs/final_rerun_20260718_v2/methods/baseline/spateo/angle_30/aligned_coordinates.csv,candidate_payload,306987,05d90c6a333b9f8b085c9e70d8be763480027ccd91f3a553e126beb28d728a0d,study02
02,REPRO:02_alignment/outputs/final_rerun_20260718_v2/methods/baseline/spateo/angle_30/diagnostics.json,candidate_evidence,1294,9ed0d72e965d672123718165eaaf717b792b7d887e1770decaf36b69925a4af5,study02
02,REPRO:02_alignment/outputs/final_rerun_20260718_v2/methods/baseline/spateo/angle_30/mapping_matrix.npy,candidate_payload,101673928,f288a40554c54fd3980053a2d3cc4ffb8197b298fa2f32019fb6b1cafbd8fec7,study02
02,REPRO:02_alignment/outputs/final_rerun_20260718_v2/methods/baseline/spateo/angle_30/runner.log,candidate_evidence,2517,786f59e3543839044ed3ca434803e7a27a181244808dc69c8c344929d4022b1b,study02
02,REPRO:02_alignment/outputs/final_rerun_20260718_v2/methods/baseline/spateo/angle_30/transform.json,candidate_evidence,2561,f6bee3e81674c24f7ea08ffd88d039465e66d9e4e5d6dcda25b7966dc1d0507b,study02
02,REPRO:02_alignment/outputs/final_rerun_20260718_v2/methods/baseline/spateo/angle_45/aligned.h5ad,candidate_payload,15124160,e49fd0a4afd724e048b2ec5e5c9473cce75e6760ffb0262a7515a1563eb98beb,study02
02,REPRO:02_alignment/outputs/final_rerun_20260718_v2/methods/baseline/spateo/angle_45/aligned_coordinates.csv,candidate_payload,307238,e5acffaea637684d73c405c3471058d02ae9c062ba0b45e288d1a5c11b60f7e1,study02
02,REPRO:02_alignment/outputs/final_rerun_20260718_v2/methods/baseline/spateo/angle_45/diagnostics.json,candidate_evidence,1294,75c2789118b04c2e2910ea22a243b4efe91cf6c00c613d7bc166b91d4d2a794a,study02
02,REPRO:02_alignment/outputs/final_rerun_20260718_v2/methods/baseline/spateo/angle_45/mapping_matrix.npy,candidate_payload,101673928,7073aee07ff7a2b441085abbea277f2c7571f539205b01d45614c77e5b373a28,study02
02,REPRO:02_alignment/outputs/final_rerun_20260718_v2/methods/baseline/spateo/angle_45/runner.log,candidate_evidence,2517,6b616e1b9afa80e524e84655e87ea472a93243dada2c768f2330587068e39034,study02
02,REPRO:02_alignment/outputs/final_rerun_20260718_v2/methods/baseline/spateo/angle_45/transform.json,candidate_evidence,2561,bf432d8d5eef5593fcec5f1328dde212df55aaa16d807b0771d46451d3eede62,study02
02,REPRO:02_alignment/outputs/final_rerun_20260718_v2/methods/baseline/spateo/angle_5/aligned.h5ad,candidate_payload,15125871,df8fb262f2604d56873724571667ee5f00b7b673e9af47335d2601ed943a85aa,study02
02,REPRO:02_alignment/outputs/final_rerun_20260718_v2/methods/baseline/spateo/angle_5/aligned_coordinates.csv,candidate_payload,307030,7f4f15c3a8fa156d820df219c60bccd58b0cca2090e0a53bfeb99fc4d089b37b,study02
02,REPRO:02_alignment/outputs/final_rerun_20260718_v2/methods/baseline/spateo/angle_5/diagnostics.json,candidate_evidence,1293,92ef910024ba66c2d3449ad10ed8deada950e48599dcee66a216123c2694ad5b,study02
02,REPRO:02_alignment/outputs/final_rerun_20260718_v2/methods/baseline/spateo/angle_5/mapping_matrix.npy,candidate_payload,101673928,e7e22977fbcc9e93e0ac0502e5f045a598165527b6eb039970c30fe3715fb183,study02
02,REPRO:02_alignment/outputs/final_rerun_20260718_v2/methods/baseline/spateo/angle_5/runner.log,candidate_evidence,2517,0edbc5b8fce6e5f386f641927bf1914a646208f626c8ecd535f640bbe8abab06,study02
02,REPRO:02_alignment/outputs/final_rerun_20260718_v2/methods/baseline/spateo/angle_5/transform.json,candidate_evidence,2559,360feb60274ba3ad272872f4e2ef2aa74e8417d6746c98f6ddb8bcf460b3b428,study02
02,REPRO:02_alignment/outputs/final_rerun_20260718_v2/methods/mean_0.5/paste/angle_1/aligned.h5ad,candidate_payload,13964482,2d1f44a581becf0278f54c71244b951f543672143e823c8e85bc513bfe943041,study02
02,REPRO:02_alignment/outputs/final_rerun_20260718_v2/methods/mean_0.5/paste/angle_1/aligned_coordinates.csv,candidate_payload,324124,bd5b7b381a6f89dea71821ce96ae8cbe511ac5f62e9c6f494fc29b92ccf1875f,study02
02,REPRO:02_alignment/outputs/final_rerun_20260718_v2/methods/mean_0.5/paste/angle_1/coupling_matrix.npy,candidate_payload,101673928,df7a37d6df6a6e0dc206d56f4c861217e25b6fa3a726b3aa2fb2b7276c58bb01,study02
02,REPRO:02_alignment/outputs/final_rerun_20260718_v2/methods/mean_0.5/paste/angle_1/diagnostics.json,candidate_evidence,969,33867d5b54d1016b691e639fabdda69cb5bd5a03c46a03e2fa394cfccaad919d,study02
02,REPRO:02_alignment/outputs/final_rerun_20260718_v2/methods/mean_0.5/paste/angle_1/inner_emd_diagnostics.csv,candidate_evidence,177,e52485e01ad4e809b15241183536b5403a2c9efc7c7680f28a6ad2e42b6bf957,study02
02,REPRO:02_alignment/outputs/final_rerun_20260718_v2/methods/mean_0.5/paste/angle_1/runner.log,candidate_evidence,216,f050b5edeadbc6c75c341455833b401efd7e6844ce5dc4c0ec1d667c731da834,study02
02,REPRO:02_alignment/outputs/final_rerun_20260718_v2/methods/mean_0.5/paste/angle_1/transform.json,candidate_evidence,3031,35a93a7831b5368b9e1981cdaead7aa5f8df0c6ce05c2f7da233d9e9c2a1f555,study02
02,REPRO:02_alignment/outputs/final_rerun_20260718_v2/methods/mean_0.5/paste/angle_10/aligned.h5ad,candidate_payload,13964534,9514ea33ccef2a3eeb33a843a6082329a6c64aad2bbfe2fdb63cabaf73a71261,study02
02,REPRO:02_alignment/outputs/final_rerun_20260718_v2/methods/mean_0.5/paste/angle_10/aligned_coordinates.csv,candidate_payload,326785,c9d4fa437b09a0035fd02ee4cb5a01bcd08378bb68b5fb90d94e036ca3d13b65,study02
02,REPRO:02_alignment/outputs/final_rerun_20260718_v2/methods/mean_0.5/paste/angle_10/coupling_matrix.npy,candidate_payload,101673928,df7a37d6df6a6e0dc206d56f4c861217e25b6fa3a726b3aa2fb2b7276c58bb01,study02
02,REPRO:02_alignment/outputs/final_rerun_20260718_v2/methods/mean_0.5/paste/angle_10/diagnostics.json,candidate_evidence,967,a8e46624601e1e418786e09d90846a733ea10068cb55c63b55c1dbfab83fd97c,study02
02,REPRO:02_alignment/outputs/final_rerun_20260718_v2/methods/mean_0.5/paste/angle_10/inner_emd_diagnostics.csv,candidate_evidence,179,4ebd75225d7cfc2bba0e8ea4e7c4c9cfb7e4edc63d41489af0d030a803717c1a,study02
02,REPRO:02_alignment/outputs/final_rerun_20260718_v2/methods/mean_0.5/paste/angle_10/runner.log,candidate_evidence,216,f050b5edeadbc6c75c341455833b401efd7e6844ce5dc4c0ec1d667c731da834,study02
02,REPRO:02_alignment/outputs/final_rerun_20260718_v2/methods/mean_0.5/paste/angle_10/transform.json,candidate_evidence,3028,2669753283159a87e00677864232a3d0c4e66edc5c4161bb3535bd4e15cc0149,study02
02,REPRO:02_alignment/outputs/final_rerun_20260718_v2/methods/mean_0.5/paste/angle_30/aligned.h5ad,candidate_payload,13966341,c83f0cc2cbf58284257bcc3dc5805084f4cfdab946966f3c8ef760e190467a58,study02
02,REPRO:02_alignment/outputs/final_rerun_20260718_v2/methods/mean_0.5/paste/angle_30/aligned_coordinates.csv,candidate_payload,321768,39676a1e566fbe3ed315fe766b3ba0b8c65b6d7d282e50c625c28fdbd04ff83f,study02
02,REPRO:02_alignment/outputs/final_rerun_20260718_v2/methods/mean_0.5/paste/angle_30/coupling_matrix.npy,candidate_payload,101673928,df7a37d6df6a6e0dc206d56f4c861217e25b6fa3a726b3aa2fb2b7276c58bb01,study02
02,REPRO:02_alignment/outputs/final_rerun_20260718_v2/methods/mean_0.5/paste/angle_30/diagnostics.json,candidate_evidence,969,4bf05d1212807be6d1fcc483c9d1610649c08d3250e8c400a579d7a629fa0f89,study02
02,REPRO:02_alignment/outputs/final_rerun_20260718_v2/methods/mean_0.5/paste/angle_30/inner_emd_diagnostics.csv,candidate_evidence,178,22939c7a6dc1a8ca844319d967869ca47e9dd2cfb03c1deb0f11ecab771efdc4,study02
02,REPRO:02_alignment/outputs/final_rerun_20260718_v2/methods/mean_0.5/paste/angle_30/runner.log,candidate_evidence,216,f050b5edeadbc6c75c341455833b401efd7e6844ce5dc4c0ec1d667c731da834,study02
02,REPRO:02_alignment/outputs/final_rerun_20260718_v2/methods/mean_0.5/paste/angle_30/transform.json,candidate_evidence,3029,caf6d4ac435381e9aa4776e4ed16a9536bd7102c46e2932e62b504ccb91b6377,study02
02,REPRO:02_alignment/outputs/final_rerun_20260718_v2/methods/mean_0.5/paste/angle_45/aligned.h5ad,candidate_payload,13965313,a9b1f11f8de54f76fe7ebd9a3403f5e857b42755a053f671d964e1cdda02797a,study02
02,REPRO:02_alignment/outputs/final_rerun_20260718_v2/methods/mean_0.5/paste/angle_45/aligned_coordinates.csv,candidate_payload,325879,067d99e353a7c78041b31634c36d979d62759426e6c94f44295443094bc55771,study02
02,REPRO:02_alignment/outputs/final_rerun_20260718_v2/methods/mean_0.5/paste/angle_45/coupling_matrix.npy,candidate_payload,101673928,df7a37d6df6a6e0dc206d56f4c861217e25b6fa3a726b3aa2fb2b7276c58bb01,study02
02,REPRO:02_alignment/outputs/final_rerun_20260718_v2/methods/mean_0.5/paste/angle_45/diagnostics.json,candidate_evidence,969,33867d5b54d1016b691e639fabdda69cb5bd5a03c46a03e2fa394cfccaad919d,study02
02,REPRO:02_alignment/outputs/final_rerun_20260718_v2/methods/mean_0.5/paste/angle_45/inner_emd_diagnostics.csv,candidate_evidence,179,286f5af7890efea6271ec74fc2273ab278bfe8ded001d76f2509ab7c5dc6695f,study02
02,REPRO:02_alignment/outputs/final_rerun_20260718_v2/methods/mean_0.5/paste/angle_45/runner.log,candidate_evidence,216,f050b5edeadbc6c75c341455833b401efd7e6844ce5dc4c0ec1d667c731da834,study02
02,REPRO:02_alignment/outputs/final_rerun_20260718_v2/methods/mean_0.5/paste/angle_45/transform.json,candidate_evidence,3029,e0ee6ef848b17db3a6a509a6007c18e1df891c323c9b1417a58e683bdcd5cf61,study02
02,REPRO:02_alignment/outputs/final_rerun_20260718_v2/methods/mean_0.5/paste/angle_5/aligned.h5ad,candidate_payload,13965020,b37a9ffef4f0ce1c2b52577471aba8bed3cc26fa4decda27474fbc3a9bbfe463,study02
02,REPRO:02_alignment/outputs/final_rerun_20260718_v2/methods/mean_0.5/paste/angle_5/aligned_coordinates.csv,candidate_payload,325314,2952aabd5e91fda0c1292c356147913c1d86ea249b8bdeb71c9936b05ad30692,study02
02,REPRO:02_alignment/outputs/final_rerun_20260718_v2/methods/mean_0.5/paste/angle_5/coupling_matrix.npy,candidate_payload,101673928,df7a37d6df6a6e0dc206d56f4c861217e25b6fa3a726b3aa2fb2b7276c58bb01,study02
02,REPRO:02_alignment/outputs/final_rerun_20260718_v2/methods/mean_0.5/paste/angle_5/diagnostics.json,candidate_evidence,967,a8e46624601e1e418786e09d90846a733ea10068cb55c63b55c1dbfab83fd97c,study02
02,REPRO:02_alignment/outputs/final_rerun_20260718_v2/methods/mean_0.5/paste/angle_5/inner_emd_diagnostics.csv,candidate_evidence,179,6a8fa971d0354d6534b3bfe5d0aa082dfe604fa71706f7beab5c2a02956b96a4,study02
02,REPRO:02_alignment/outputs/final_rerun_20260718_v2/methods/mean_0.5/paste/angle_5/runner.log,candidate_evidence,216,f050b5edeadbc6c75c341455833b401efd7e6844ce5dc4c0ec1d667c731da834,study02
02,REPRO:02_alignment/outputs/final_rerun_20260718_v2/methods/mean_0.5/paste/angle_5/transform.json,candidate_evidence,3027,376ca65afea1059d049c4db6e8a21b5696ec400f27baaa9cf1bb66edabac5f60,study02
02,REPRO:02_alignment/outputs/final_rerun_20260718_v2/methods/mean_0.5/spateo/angle_1/aligned.h5ad,candidate_payload,13970391,3d6206c1f1765ecf720f63169b9c43071b093eefa67f10de75d5720f89945ad3,study02
02,REPRO:02_alignment/outputs/final_rerun_20260718_v2/methods/mean_0.5/spateo/angle_1/aligned_coordinates.csv,candidate_payload,308356,eda61c8ea7f4f48c3d8c5b9d39ea9f2282ed41461f25685a878adfbf5141a3ec,study02
02,REPRO:02_alignment/outputs/final_rerun_20260718_v2/methods/mean_0.5/spateo/angle_1/diagnostics.json,candidate_evidence,1295,31e203aa1438ce90de4b962d51718b6ef9edf8b91c7fae2773647268f33a7d4d,study02
02,REPRO:02_alignment/outputs/final_rerun_20260718_v2/methods/mean_0.5/spateo/angle_1/mapping_matrix.npy,candidate_payload,101673928,fecdd9ed6483d99690071d5befbadae622bf6b242cbeab7a0ba5f92acf3318c6,study02
02,REPRO:02_alignment/outputs/final_rerun_20260718_v2/methods/mean_0.5/spateo/angle_1/runner.log,candidate_evidence,2517,af629f304f5d3521126f5c03d485965b5e7d3705957387e4a6147669a545f556,study02
02,REPRO:02_alignment/outputs/final_rerun_20260718_v2/methods/mean_0.5/spateo/angle_1/transform.json,candidate_evidence,2561,2bfb69a9ad135519b745dfa648bad73680fc5551a52cbd2bb572abc23829b570,study02
02,REPRO:02_alignment/outputs/final_rerun_20260718_v2/methods/mean_0.5/spateo/angle_10/aligned.h5ad,candidate_payload,13970333,25bfcce0a4e6e7a23c129f1d27fc33718e11c69f4991b4f1d76ae52217742621,study02
02,REPRO:02_alignment/outputs/final_rerun_20260718_v2/methods/mean_0.5/spateo/angle_10/aligned_coordinates.csv,candidate_payload,307981,49fa95cea75bbd8386f3a0a9a6f3f3956a57ce53f226c9ff8bff481f016b3ecd,study02
02,REPRO:02_alignment/outputs/final_rerun_20260718_v2/methods/mean_0.5/spateo/angle_10/diagnostics.json,candidate_evidence,1294,63845b72d7f55e896a470ab847f8d302d0342579c375fd921c3b5b4d6e69c532,study02
02,REPRO:02_alignment/outputs/final_rerun_20260718_v2/methods/mean_0.5/spateo/angle_10/mapping_matrix.npy,candidate_payload,101673928,74c9762761424bf15584943b194ee9811c4c8900a45dc1640716a375089f0b29,study02
02,REPRO:02_alignment/outputs/final_rerun_20260718_v2/methods/mean_0.5/spateo/angle_10/runner.log,candidate_evidence,2517,58506c6dd3991aa3a4a8c0116e91175b9af44e14498a4d32eb38ccff04c735a2,study02
02,REPRO:02_alignment/outputs/final_rerun_20260718_v2/methods/mean_0.5/spateo/angle_10/transform.json,candidate_evidence,2561,ad7a72f95d7bff96815a98372cc22c24f4094b8c19cd5f54befc872563c92028,study02
02,REPRO:02_alignment/outputs/final_rerun_20260718_v2/methods/mean_0.5/spateo/angle_30/aligned.h5ad,candidate_payload,13970271,510c1133fc9c92e5244f5f981f9a9fc364fc360463f7c16567c6dd96181d5a1e,study02
02,REPRO:02_alignment/outputs/final_rerun_20260718_v2/methods/mean_0.5/spateo/angle_30/aligned_coordinates.csv,candidate_payload,307912,33e6ac728f9106346de939758a2a40d33503916c4657ca85699f8e0305e44d19,study02
02,REPRO:02_alignment/outputs/final_rerun_20260718_v2/methods/mean_0.5/spateo/angle_30/diagnostics.json,candidate_evidence,1294,6359eaf0bb88860e04cff61e1ac4d0b0f7d081b27a6ddf20edae5884a9de0886,study02
02,REPRO:02_alignment/outputs/final_rerun_20260718_v2/methods/mean_0.5/spateo/angle_30/mapping_matrix.npy,candidate_payload,101673928,deafe790402046d7bdf99dd977485d3484a57c3b151facc863a3eb76360e180a,study02
02,REPRO:02_alignment/outputs/final_rerun_20260718_v2/methods/mean_0.5/spateo/angle_30/runner.log,candidate_evidence,2517,04b7c72cbad262ecfb17385029750a4896be43b4fb8788833adb1bdce62b57ac,study02
02,REPRO:02_alignment/outputs/final_rerun_20260718_v2/methods/mean_0.5/spateo/angle_30/transform.json,candidate_evidence,2561,7c3d2566fa174c5d0c7be001ce91d9d3ac8cee08d8939f1e9f34682f2bfad506,study02
02,REPRO:02_alignment/outputs/final_rerun_20260718_v2/methods/mean_0.5/spateo/angle_45/aligned.h5ad,candidate_payload,13968497,bcfe139b13791c939a656bb3b2acda1a6db6104929e477f928f73d003d46f839,study02
02,REPRO:02_alignment/outputs/final_rerun_20260718_v2/methods/mean_0.5/spateo/angle_45/aligned_coordinates.csv,candidate_payload,308068,77c9f0e4a0f5543e42cc68f6aad5759f69300ca24ac60a11cf2bccc415c8b440,study02
02,REPRO:02_alignment/outputs/final_rerun_20260718_v2/methods/mean_0.5/spateo/angle_45/diagnostics.json,candidate_evidence,1295,b4ee501aadd1019100419241c9fc718aaebad6d7c776c3c06401719234aa9a4b,study02
02,REPRO:02_alignment/outputs/final_rerun_20260718_v2/methods/mean_0.5/spateo/angle_45/mapping_matrix.npy,candidate_payload,101673928,c427b36a21c7772e546ec67a913ed905ed7441020f9c484bc32b8a5de5cd6826,study02
02,REPRO:02_alignment/outputs/final_rerun_20260718_v2/methods/mean_0.5/spateo/angle_45/runner.log,candidate_evidence,2517,1ff455d1bf1e334fd1d182402b84d36e58e2c0689c2315985962f3823e5d821a,study02
02,REPRO:02_alignment/outputs/final_rerun_20260718_v2/methods/mean_0.5/spateo/angle_45/transform.json,candidate_evidence,2562,790f5814b75467cf603db806c6fbf7fcff0cb4df896b818c4f9e61f3c5c2859a,study02
02,REPRO:02_alignment/outputs/final_rerun_20260718_v2/methods/mean_0.5/spateo/angle_5/aligned.h5ad,candidate_payload,13970309,3b7a98ad3824d8aafd88a1ec335e23db3e313e2cc6702b4b189c6add42fb8770,study02
02,REPRO:02_alignment/outputs/final_rerun_20260718_v2/methods/mean_0.5/spateo/angle_5/aligned_coordinates.csv,candidate_payload,307901,22d70b97e3576af574086d9291459fefe93a237d5a7797c941949ab745eb244a,study02
02,REPRO:02_alignment/outputs/final_rerun_20260718_v2/methods/mean_0.5/spateo/angle_5/diagnostics.json,candidate_evidence,1293,80bf5332f2eb0a7f02bc6087e734cbaf6124d9094238736a8db77927742524c5,study02
02,REPRO:02_alignment/outputs/final_rerun_20260718_v2/methods/mean_0.5/spateo/angle_5/mapping_matrix.npy,candidate_payload,101673928,0714e4286087e68fdb828fa7d05681d07216ed8db924b8c38260455032e6cac8,study02
02,REPRO:02_alignment/outputs/final_rerun_20260718_v2/methods/mean_0.5/spateo/angle_5/runner.log,candidate_evidence,2517,4934208f93208511cce9d83fe0782da6c8e889bdd9dead14b40b7625904b95f6,study02
02,REPRO:02_alignment/outputs/final_rerun_20260718_v2/methods/mean_0.5/spateo/angle_5/transform.json,candidate_evidence,2559,69d31a8614b1403b9aabc36c86b110812712b221a881184258877c262781ecd8,study02
02,REPRO:02_alignment/outputs/final_rerun_20260718_v2/methods/method_manifest.csv,candidate_evidence,83264,881a221125e804529650e83d96d6e918f97aa069fb80c233fe6029c1215fb220,study02
02,REPRO:02_alignment/outputs/final_rerun_20260718_v2/methods/sparsity_0.5/paste/angle_1/aligned.h5ad,candidate_payload,14384342,38950e77c872559d6362860967935e319d343545cf25f37f17555e824f3271d8,study02
02,REPRO:02_alignment/outputs/final_rerun_20260718_v2/methods/sparsity_0.5/paste/angle_1/aligned_coordinates.csv,candidate_payload,325901,091d38f3059ba98c9961bf34786d1ee3c79161a78575ae68165458719efaaebe,study02
02,REPRO:02_alignment/outputs/final_rerun_20260718_v2/methods/sparsity_0.5/paste/angle_1/coupling_matrix.npy,candidate_payload,101673928,139c19dbd9ce5568d91b00ff288d34f3ba4cfc5f5abea1175c9c36e0c499fd03,study02
02,REPRO:02_alignment/outputs/final_rerun_20260718_v2/methods/sparsity_0.5/paste/angle_1/diagnostics.json,candidate_evidence,969,c54ffefb955dca8f49e3e1fb7c221c7667c09a06480ae33c36d32f98dd54d714,study02
02,REPRO:02_alignment/outputs/final_rerun_20260718_v2/methods/sparsity_0.5/paste/angle_1/inner_emd_diagnostics.csv,candidate_evidence,261,cae4cc72c6a4e9190e4ff7b4f5ddc37252919439e2748b9a067a8d761fbe53a4,study02
02,REPRO:02_alignment/outputs/final_rerun_20260718_v2/methods/sparsity_0.5/paste/angle_1/runner.log,candidate_evidence,216,f050b5edeadbc6c75c341455833b401efd7e6844ce5dc4c0ec1d667c731da834,study02
02,REPRO:02_alignment/outputs/final_rerun_20260718_v2/methods/sparsity_0.5/paste/angle_1/transform.json,candidate_evidence,3035,e8a31b30a84a98a7e6be4f1997f9563b7f3b1dc3ac48825874cdd0e9f8b46a21,study02
02,REPRO:02_alignment/outputs/final_rerun_20260718_v2/methods/sparsity_0.5/paste/angle_10/aligned.h5ad,candidate_payload,14384303,4f014411a86857c0315c2399e113fc4db0bab4a355218dcef244f4de6658c91c,study02
02,REPRO:02_alignment/outputs/final_rerun_20260718_v2/methods/sparsity_0.5/paste/angle_10/aligned_coordinates.csv,candidate_payload,325898,410ef826b03f598da6cfbf4a71f472d4c6991ddff03669f1363adfec44673631,study02
02,REPRO:02_alignment/outputs/final_rerun_20260718_v2/methods/sparsity_0.5/paste/angle_10/coupling_matrix.npy,candidate_payload,101673928,139c19dbd9ce5568d91b00ff288d34f3ba4cfc5f5abea1175c9c36e0c499fd03,study02
02,REPRO:02_alignment/outputs/final_rerun_20260718_v2/methods/sparsity_0.5/paste/angle_10/diagnostics.json,candidate_evidence,971,b9c99a1d0ec92599a4a9d56b507a5270958bad911a592b4fa7a7750db7ff2550,study02
02,REPRO:02_alignment/outputs/final_rerun_20260718_v2/methods/sparsity_0.5/paste/angle_10/inner_emd_diagnostics.csv,candidate_evidence,261,ba89e57cbb121df3338e70fa4427f051eeae4d9c97b0ab0c85c834370384457b,study02
02,REPRO:02_alignment/outputs/final_rerun_20260718_v2/methods/sparsity_0.5/paste/angle_10/runner.log,candidate_evidence,216,f050b5edeadbc6c75c341455833b401efd7e6844ce5dc4c0ec1d667c731da834,study02
02,REPRO:02_alignment/outputs/final_rerun_20260718_v2/methods/sparsity_0.5/paste/angle_10/transform.json,candidate_evidence,3037,81a8a4d3ae17d900b1f91c0c88e62b5e533516ad736bc812bb4a936b9ba2862c,study02
02,REPRO:02_alignment/outputs/final_rerun_20260718_v2/methods/sparsity_0.5/paste/angle_30/aligned.h5ad,candidate_payload,14384314,338e05a93e2ba4bb37ebe72dcaf986f9361b75074c7c51f576e171bd4ba76b0c,study02
02,REPRO:02_alignment/outputs/final_rerun_20260718_v2/methods/sparsity_0.5/paste/angle_30/aligned_coordinates.csv,candidate_payload,325786,be82cb89425a4bc99ea91f64fd469498cb333cee1c719ea64a1fb96cc14f9ba7,study02
02,REPRO:02_alignment/outputs/final_rerun_20260718_v2/methods/sparsity_0.5/paste/angle_30/coupling_matrix.npy,candidate_payload,101673928,139c19dbd9ce5568d91b00ff288d34f3ba4cfc5f5abea1175c9c36e0c499fd03,study02
02,REPRO:02_alignment/outputs/final_rerun_20260718_v2/methods/sparsity_0.5/paste/angle_30/diagnostics.json,candidate_evidence,969,c54ffefb955dca8f49e3e1fb7c221c7667c09a06480ae33c36d32f98dd54d714,study02
02,REPRO:02_alignment/outputs/final_rerun_20260718_v2/methods/sparsity_0.5/paste/angle_30/inner_emd_diagnostics.csv,candidate_evidence,259,1f533946634a813615a4624bcd94f80bbd3e8cac3940172c20ee0ae0bbabf202,study02
02,REPRO:02_alignment/outputs/final_rerun_20260718_v2/methods/sparsity_0.5/paste/angle_30/runner.log,candidate_evidence,216,f050b5edeadbc6c75c341455833b401efd7e6844ce5dc4c0ec1d667c731da834,study02
02,REPRO:02_alignment/outputs/final_rerun_20260718_v2/methods/sparsity_0.5/paste/angle_30/transform.json,candidate_evidence,3032,7627573b346b7c87f111dce194311fb96a6a40c9b5c0522ecb0ab39d7c91dbf0,study02
02,REPRO:02_alignment/outputs/final_rerun_20260718_v2/methods/sparsity_0.5/paste/angle_45/aligned.h5ad,candidate_payload,14382502,4619ab36f1e830f5f1a9299ba3badd0750443820b8da55074137ebe19999e33d,study02
02,REPRO:02_alignment/outputs/final_rerun_20260718_v2/methods/sparsity_0.5/paste/angle_45/aligned_coordinates.csv,candidate_payload,325757,35aaeedf2dbf14f6f0a7d8f77d5cac77f310b090428dbdf42781e67b952b4362,study02
02,REPRO:02_alignment/outputs/final_rerun_20260718_v2/methods/sparsity_0.5/paste/angle_45/coupling_matrix.npy,candidate_payload,101673928,139c19dbd9ce5568d91b00ff288d34f3ba4cfc5f5abea1175c9c36e0c499fd03,study02
02,REPRO:02_alignment/outputs/final_rerun_20260718_v2/methods/sparsity_0.5/paste/angle_45/diagnostics.json,candidate_evidence,971,5f818193aae977653b544b488d9557b2ba439dc7dc9168bc2b9afb6b11e5d605,study02
02,REPRO:02_alignment/outputs/final_rerun_20260718_v2/methods/sparsity_0.5/paste/angle_45/inner_emd_diagnostics.csv,candidate_evidence,261,ed5e58e69f0352513c982ad7e9529b9ea3c420297883f233557346062e1bf9d1,study02
02,REPRO:02_alignment/outputs/final_rerun_20260718_v2/methods/sparsity_0.5/paste/angle_45/runner.log,candidate_evidence,216,f050b5edeadbc6c75c341455833b401efd7e6844ce5dc4c0ec1d667c731da834,study02
02,REPRO:02_alignment/outputs/final_rerun_20260718_v2/methods/sparsity_0.5/paste/angle_45/transform.json,candidate_evidence,3033,2c63753210db5ec196175096efb74c10305e5139aabbf52b18e87c67381eb8ae,study02
02,REPRO:02_alignment/outputs/final_rerun_20260718_v2/methods/sparsity_0.5/paste/angle_5/aligned.h5ad,candidate_payload,14384345,74c3726ec17b8e78ffaaddc1db71ca4498cf03d61fc1ac159b59e9358e9ce57f,study02
02,REPRO:02_alignment/outputs/final_rerun_20260718_v2/methods/sparsity_0.5/paste/angle_5/aligned_coordinates.csv,candidate_payload,325919,b78892246a4faa8a2d2f2a0cc64f57e06dd081aac912389197dd0ac6a9b1af57,study02
02,REPRO:02_alignment/outputs/final_rerun_20260718_v2/methods/sparsity_0.5/paste/angle_5/coupling_matrix.npy,candidate_payload,101673928,139c19dbd9ce5568d91b00ff288d34f3ba4cfc5f5abea1175c9c36e0c499fd03,study02
02,REPRO:02_alignment/outputs/final_rerun_20260718_v2/methods/sparsity_0.5/paste/angle_5/diagnostics.json,candidate_evidence,971,a21d453b70f42076c0c14160b410f1eb7a6a68790719c4eaf4fa052056fa0a8d,study02
02,REPRO:02_alignment/outputs/final_rerun_20260718_v2/methods/sparsity_0.5/paste/angle_5/inner_emd_diagnostics.csv,candidate_evidence,261,a2d95dc13d4525ee3df206aec418bc47ebcbffef95cd4ea7a2f4306310b3870b,study02
02,REPRO:02_alignment/outputs/final_rerun_20260718_v2/methods/sparsity_0.5/paste/angle_5/runner.log,candidate_evidence,216,f050b5edeadbc6c75c341455833b401efd7e6844ce5dc4c0ec1d667c731da834,study02
02,REPRO:02_alignment/outputs/final_rerun_20260718_v2/methods/sparsity_0.5/paste/angle_5/transform.json,candidate_evidence,3035,15631c9459d0e2d737f191c4754ae95319b980042c1d1c880a902d9bd8e83a94,study02
02,REPRO:02_alignment/outputs/final_rerun_20260718_v2/methods/sparsity_0.5/spateo/angle_1/aligned.h5ad,candidate_payload,14360975,2618986eef71d2d6d57c7018dc13cd719d04679864538db5e3d81fc22a896a29,study02
02,REPRO:02_alignment/outputs/final_rerun_20260718_v2/methods/sparsity_0.5/spateo/angle_1/aligned_coordinates.csv,candidate_payload,308604,c3e7f6a477d97a9eb0362806f5fe407ac0e468b3a82cc15bb28940b10f4577a8,study02
02,REPRO:02_alignment/outputs/final_rerun_20260718_v2/methods/sparsity_0.5/spateo/angle_1/diagnostics.json,candidate_evidence,1294,2825e75cdd3945998c24e7c8668e5b1f42bc8d62a9fd927bcdbec6193bd12475,study02
02,REPRO:02_alignment/outputs/final_rerun_20260718_v2/methods/sparsity_0.5/spateo/angle_1/mapping_matrix.npy,candidate_payload,101673928,0475c52ca77357990f735dc8112c44d37d1ff7bf349b001218d9b770dbd24eba,study02
02,REPRO:02_alignment/outputs/final_rerun_20260718_v2/methods/sparsity_0.5/spateo/angle_1/runner.log,candidate_evidence,2517,cc4329df9cb8da226cd589ffc9e482de94a3bb7e810d0a8244bb6d8eefcf73ea,study02
02,REPRO:02_alignment/outputs/final_rerun_20260718_v2/methods/sparsity_0.5/spateo/angle_1/transform.json,candidate_evidence,2564,ccccc04309b39dacafc049b64a11a3dbf5b570c04076ce6aca51fad81c86a10b,study02
02,REPRO:02_alignment/outputs/final_rerun_20260718_v2/methods/sparsity_0.5/spateo/angle_10/aligned.h5ad,candidate_payload,14360910,6709e9f9a867db7e60e8cf80482f5533851331ed296058f17710e6c6bce96a62,study02
02,REPRO:02_alignment/outputs/final_rerun_20260718_v2/methods/sparsity_0.5/spateo/angle_10/aligned_coordinates.csv,candidate_payload,308551,8dc6d399f55c6c1b4216789417f89a7592fa9d46ea7d2c8737856a9aef7feb08,study02
02,REPRO:02_alignment/outputs/final_rerun_20260718_v2/methods/sparsity_0.5/spateo/angle_10/diagnostics.json,candidate_evidence,1294,c14b823f18fe1ce2ce27cd8e5e3aedbd9eaa915abdb9778338eeea9b4ea0e193,study02
02,REPRO:02_alignment/outputs/final_rerun_20260718_v2/methods/sparsity_0.5/spateo/angle_10/mapping_matrix.npy,candidate_payload,101673928,6a560074a5abe95a10b48b873351d5bfe500a86f266c47fd96cf55abba2ded5a,study02
02,REPRO:02_alignment/outputs/final_rerun_20260718_v2/methods/sparsity_0.5/spateo/angle_10/runner.log,candidate_evidence,2517,ff51e83c5870bf2cd8da25bf6a358996c88d4868cc84f683c1dcea4f8188bc9e,study02
02,REPRO:02_alignment/outputs/final_rerun_20260718_v2/methods/sparsity_0.5/spateo/angle_10/transform.json,candidate_evidence,2565,07dc1309e99b4a531ddfc639ab74e1d12ed0236f6e01845717cf042ca2616df0,study02
02,REPRO:02_alignment/outputs/final_rerun_20260718_v2/methods/sparsity_0.5/spateo/angle_30/aligned.h5ad,candidate_payload,14360929,abd514c6c63fd2c8693779de55efe281774ff31ca3043d2afcf28cf8a321beb2,study02
02,REPRO:02_alignment/outputs/final_rerun_20260718_v2/methods/sparsity_0.5/spateo/angle_30/aligned_coordinates.csv,candidate_payload,308429,0512877150288df3de36f707128ac9251c2f195e8d56c5fb8b2def2e819259db,study02
02,REPRO:02_alignment/outputs/final_rerun_20260718_v2/methods/sparsity_0.5/spateo/angle_30/diagnostics.json,candidate_evidence,1293,03308974fa83e6076371198bdcf15b2ccff85ab689389dea0e851071eb5aabd3,study02
02,REPRO:02_alignment/outputs/final_rerun_20260718_v2/methods/sparsity_0.5/spateo/angle_30/mapping_matrix.npy,candidate_payload,101673928,b33c7fcca94607483c563bc694ec40a7d4f79778bdd98ab3d91304d31dbc51d9,study02
02,REPRO:02_alignment/outputs/final_rerun_20260718_v2/methods/sparsity_0.5/spateo/angle_30/runner.log,candidate_evidence,2517,2a53c12adffa2bfb87fce966188944cc0a8bff32ff8dd5d617b69e77458546bc,study02
02,REPRO:02_alignment/outputs/final_rerun_20260718_v2/methods/sparsity_0.5/spateo/angle_30/transform.json,candidate_evidence,2564,a23fd280d71d5bc9eeb460b6b31af1424eb199e8f902cdbd32a54dcc542063b8,study02
02,REPRO:02_alignment/outputs/final_rerun_20260718_v2/methods/sparsity_0.5/spateo/angle_45/aligned.h5ad,candidate_payload,14359087,bdb000d7b48be67c02668e1a41a5b9f3a39a2ea14d1a1cba823444f5e92e3c12,study02
02,REPRO:02_alignment/outputs/final_rerun_20260718_v2/methods/sparsity_0.5/spateo/angle_45/aligned_coordinates.csv,candidate_payload,308260,fa54f99131ff449b15fb438a17ca3b837102b4e366c4af749d902891a013577b,study02
02,REPRO:02_alignment/outputs/final_rerun_20260718_v2/methods/sparsity_0.5/spateo/angle_45/diagnostics.json,candidate_evidence,1294,cef3938a86f4650da7027c74a61a49d119d399814789def8578c438ac3c866f7,study02
02,REPRO:02_alignment/outputs/final_rerun_20260718_v2/methods/sparsity_0.5/spateo/angle_45/mapping_matrix.npy,candidate_payload,101673928,ba38f0bac919c21b789a1abf21d4065f5f1997db7bd4cf5f07e6ff47ae163657,study02
02,REPRO:02_alignment/outputs/final_rerun_20260718_v2/methods/sparsity_0.5/spateo/angle_45/runner.log,candidate_evidence,2517,828a3ac7d812fb58f5b0a08c72b17aed0ab629ba7a1c694496be933742596931,study02
02,REPRO:02_alignment/outputs/final_rerun_20260718_v2/methods/sparsity_0.5/spateo/angle_45/transform.json,candidate_evidence,2565,2f10e3bbf15f55150e1dc0069f92958bda8c68a0f955d6218797c163844ff746,study02
02,REPRO:02_alignment/outputs/final_rerun_20260718_v2/methods/sparsity_0.5/spateo/angle_5/aligned.h5ad,candidate_payload,14360899,926977cc857dbd8f215e02138c5945357db24569496f65951e02eedf669e8333,study02
02,REPRO:02_alignment/outputs/final_rerun_20260718_v2/methods/sparsity_0.5/spateo/angle_5/aligned_coordinates.csv,candidate_payload,308225,812ed7155217a190b6a6c025973f0d753d859924917408bfc106148cf3179644,study02
02,REPRO:02_alignment/outputs/final_rerun_20260718_v2/methods/sparsity_0.5/spateo/angle_5/diagnostics.json,candidate_evidence,1294,96cba828443c66aca3efd64dab468c5574bc0d6f40e6516b166e655b10e38f92,study02
02,REPRO:02_alignment/outputs/final_rerun_20260718_v2/methods/sparsity_0.5/spateo/angle_5/mapping_matrix.npy,candidate_payload,101673928,2960a110a11071e06311ff44f6afc199f883cde23a380e726033c234ddcf652a,study02
02,REPRO:02_alignment/outputs/final_rerun_20260718_v2/methods/sparsity_0.5/spateo/angle_5/runner.log,candidate_evidence,2517,204ec2d69fef140cd6c8384c60bb1dcfb1f6ab3dad1eb5c6442569d9db78f3ee,study02
02,REPRO:02_alignment/outputs/final_rerun_20260718_v2/methods/sparsity_0.5/spateo/angle_5/transform.json,candidate_evidence,2564,e9c0ea650b3a2a26ba5cec0e97d93378fcea8fcd0c8b4583b4e1c27077fac9f9,study02
02,REPRO:02_alignment/outputs/final_rerun_20260718_v2/methods/variance_2.0/paste/angle_1/aligned.h5ad,candidate_payload,15049829,a91b4af577298d709c82bafc8a9fbe9f8a8785ddb9cc667a8a72962a8a8b4760,study02
02,REPRO:02_alignment/outputs/final_rerun_20260718_v2/methods/variance_2.0/paste/angle_1/aligned_coordinates.csv,candidate_payload,324124,bd5b7b381a6f89dea71821ce96ae8cbe511ac5f62e9c6f494fc29b92ccf1875f,study02
02,REPRO:02_alignment/outputs/final_rerun_20260718_v2/methods/variance_2.0/paste/angle_1/coupling_matrix.npy,candidate_payload,101673928,df7a37d6df6a6e0dc206d56f4c861217e25b6fa3a726b3aa2fb2b7276c58bb01,study02
02,REPRO:02_alignment/outputs/final_rerun_20260718_v2/methods/variance_2.0/paste/angle_1/diagnostics.json,candidate_evidence,969,2664067bf61661df01711f8fd6b67ba6c7dddd86c462073a5c87eea60593ecd3,study02
02,REPRO:02_alignment/outputs/final_rerun_20260718_v2/methods/variance_2.0/paste/angle_1/inner_emd_diagnostics.csv,candidate_evidence,179,b6d95c65697bb8a8aaa111500cd4a4062189cc2a85bb2205944bc66dfd931acf,study02
02,REPRO:02_alignment/outputs/final_rerun_20260718_v2/methods/variance_2.0/paste/angle_1/runner.log,candidate_evidence,216,f050b5edeadbc6c75c341455833b401efd7e6844ce5dc4c0ec1d667c731da834,study02
02,REPRO:02_alignment/outputs/final_rerun_20260718_v2/methods/variance_2.0/paste/angle_1/transform.json,candidate_evidence,3035,ae0db82ff466cab3a1af29b237a1518de8aedbf3fb3ec2315c6795d91a60eae6,study02
02,REPRO:02_alignment/outputs/final_rerun_20260718_v2/methods/variance_2.0/paste/angle_10/aligned.h5ad,candidate_payload,15049881,af43985ac4abc5514972cffd4d09d3ec3d0b6609afc9eee58ec040f019c858ce,study02
02,REPRO:02_alignment/outputs/final_rerun_20260718_v2/methods/variance_2.0/paste/angle_10/aligned_coordinates.csv,candidate_payload,326785,c9d4fa437b09a0035fd02ee4cb5a01bcd08378bb68b5fb90d94e036ca3d13b65,study02
02,REPRO:02_alignment/outputs/final_rerun_20260718_v2/methods/variance_2.0/paste/angle_10/coupling_matrix.npy,candidate_payload,101673928,df7a37d6df6a6e0dc206d56f4c861217e25b6fa3a726b3aa2fb2b7276c58bb01,study02
02,REPRO:02_alignment/outputs/final_rerun_20260718_v2/methods/variance_2.0/paste/angle_10/diagnostics.json,candidate_evidence,971,2ab62790c960c4a8fb7b0248071a25a37f968713f8d87cd1b57c5473fcc5be91,study02
02,REPRO:02_alignment/outputs/final_rerun_20260718_v2/methods/variance_2.0/paste/angle_10/inner_emd_diagnostics.csv,candidate_evidence,179,5236b23c982341cc4aea05d3f6c1fe3e06466a37d868238911b39915695a0d83,study02
02,REPRO:02_alignment/outputs/final_rerun_20260718_v2/methods/variance_2.0/paste/angle_10/runner.log,candidate_evidence,216,f050b5edeadbc6c75c341455833b401efd7e6844ce5dc4c0ec1d667c731da834,study02
02,REPRO:02_alignment/outputs/final_rerun_20260718_v2/methods/variance_2.0/paste/angle_10/transform.json,candidate_evidence,3036,f0beb42d54eef7b2fc77c62a9519f1f40867f0ebea755b4ef2a5b2177e1e15d4,study02
02,REPRO:02_alignment/outputs/final_rerun_20260718_v2/methods/variance_2.0/paste/angle_30/aligned.h5ad,candidate_payload,15051688,a13d34316334d9383fca6d6e1fdd7b1ecfd211383ad2cffe3db3a0da5186af58,study02
02,REPRO:02_alignment/outputs/final_rerun_20260718_v2/methods/variance_2.0/paste/angle_30/aligned_coordinates.csv,candidate_payload,321768,39676a1e566fbe3ed315fe766b3ba0b8c65b6d7d282e50c625c28fdbd04ff83f,study02
02,REPRO:02_alignment/outputs/final_rerun_20260718_v2/methods/variance_2.0/paste/angle_30/coupling_matrix.npy,candidate_payload,101673928,df7a37d6df6a6e0dc206d56f4c861217e25b6fa3a726b3aa2fb2b7276c58bb01,study02
02,REPRO:02_alignment/outputs/final_rerun_20260718_v2/methods/variance_2.0/paste/angle_30/diagnostics.json,candidate_evidence,969,4e64f2de70002bb3d17f571e25326cc0a183d6dc7fbd27788480dd432ed36551,study02
02,REPRO:02_alignment/outputs/final_rerun_20260718_v2/methods/variance_2.0/paste/angle_30/inner_emd_diagnostics.csv,candidate_evidence,179,aab2f294a4fd108b97f7219958da773566a33699379fb45ad9d02fe9c88e0e1c,study02
02,REPRO:02_alignment/outputs/final_rerun_20260718_v2/methods/variance_2.0/paste/angle_30/runner.log,candidate_evidence,216,f050b5edeadbc6c75c341455833b401efd7e6844ce5dc4c0ec1d667c731da834,study02
02,REPRO:02_alignment/outputs/final_rerun_20260718_v2/methods/variance_2.0/paste/angle_30/transform.json,candidate_evidence,3033,b36eac531f09e0d24226f02db2ca2f6b38436f5a5e98be918464e289383b344f,study02
02,REPRO:02_alignment/outputs/final_rerun_20260718_v2/methods/variance_2.0/paste/angle_45/aligned.h5ad,candidate_payload,15050660,999d49fbdfa68735bc241cf9aba96c6e505d00b10ad0d71a339a306ae25747d1,study02
02,REPRO:02_alignment/outputs/final_rerun_20260718_v2/methods/variance_2.0/paste/angle_45/aligned_coordinates.csv,candidate_payload,325879,067d99e353a7c78041b31634c36d979d62759426e6c94f44295443094bc55771,study02
02,REPRO:02_alignment/outputs/final_rerun_20260718_v2/methods/variance_2.0/paste/angle_45/coupling_matrix.npy,candidate_payload,101673928,df7a37d6df6a6e0dc206d56f4c861217e25b6fa3a726b3aa2fb2b7276c58bb01,study02
02,REPRO:02_alignment/outputs/final_rerun_20260718_v2/methods/variance_2.0/paste/angle_45/diagnostics.json,candidate_evidence,969,2664067bf61661df01711f8fd6b67ba6c7dddd86c462073a5c87eea60593ecd3,study02
02,REPRO:02_alignment/outputs/final_rerun_20260718_v2/methods/variance_2.0/paste/angle_45/inner_emd_diagnostics.csv,candidate_evidence,179,b017e90d2f21743b37ccc2564a1a18e247aa2eaadc278a1d7737f90467998503,study02
02,REPRO:02_alignment/outputs/final_rerun_20260718_v2/methods/variance_2.0/paste/angle_45/runner.log,candidate_evidence,216,f050b5edeadbc6c75c341455833b401efd7e6844ce5dc4c0ec1d667c731da834,study02
02,REPRO:02_alignment/outputs/final_rerun_20260718_v2/methods/variance_2.0/paste/angle_45/transform.json,candidate_evidence,3033,5cb33403aa7d5e6f40499b8bd581b8e8a8acb1144bcc2000d3d71ab512129b41,study02
02,REPRO:02_alignment/outputs/final_rerun_20260718_v2/methods/variance_2.0/paste/angle_5/aligned.h5ad,candidate_payload,15050367,12a967e975b12b7e202ceabb95db5494e0e4ac0802cacf76ea66963bb47bcd83,study02
02,REPRO:02_alignment/outputs/final_rerun_20260718_v2/methods/variance_2.0/paste/angle_5/aligned_coordinates.csv,candidate_payload,325314,2952aabd5e91fda0c1292c356147913c1d86ea249b8bdeb71c9936b05ad30692,study02
02,REPRO:02_alignment/outputs/final_rerun_20260718_v2/methods/variance_2.0/paste/angle_5/coupling_matrix.npy,candidate_payload,101673928,df7a37d6df6a6e0dc206d56f4c861217e25b6fa3a726b3aa2fb2b7276c58bb01,study02
02,REPRO:02_alignment/outputs/final_rerun_20260718_v2/methods/variance_2.0/paste/angle_5/diagnostics.json,candidate_evidence,971,2ab62790c960c4a8fb7b0248071a25a37f968713f8d87cd1b57c5473fcc5be91,study02
02,REPRO:02_alignment/outputs/final_rerun_20260718_v2/methods/variance_2.0/paste/angle_5/inner_emd_diagnostics.csv,candidate_evidence,178,5054da4f485892e7d447d899f78a914a28e4663851a0047e0948a9b4bd66fc08,study02
02,REPRO:02_alignment/outputs/final_rerun_20260718_v2/methods/variance_2.0/paste/angle_5/runner.log,candidate_evidence,216,f050b5edeadbc6c75c341455833b401efd7e6844ce5dc4c0ec1d667c731da834,study02
02,REPRO:02_alignment/outputs/final_rerun_20260718_v2/methods/variance_2.0/paste/angle_5/transform.json,candidate_evidence,3035,1fe89796174cc8fcd9189bedef8c027aa889213e7938d90ed9400c6707241a17,study02
02,REPRO:02_alignment/outputs/final_rerun_20260718_v2/methods/variance_2.0/spateo/angle_1/aligned.h5ad,candidate_payload,15054508,396cd02d2023a2d77bba70328dad21a59488f79539b6edd647095bf9972d59ab,study02
02,REPRO:02_alignment/outputs/final_rerun_20260718_v2/methods/variance_2.0/spateo/angle_1/aligned_coordinates.csv,candidate_payload,307263,2c516792a785cadcb70bd1b21c99c4fc1d964cc98645a2d62bebf11efedd99d4,study02
02,REPRO:02_alignment/outputs/final_rerun_20260718_v2/methods/variance_2.0/spateo/angle_1/diagnostics.json,candidate_evidence,1294,12d43c0e3eb0d1c0d762d428d5c69f1cb7ba61ea2821b4474533043de72f7a74,study02
02,REPRO:02_alignment/outputs/final_rerun_20260718_v2/methods/variance_2.0/spateo/angle_1/mapping_matrix.npy,candidate_payload,101673928,784bc418bf0c029accdb88a12098eca5c1ab91d9fd435f917e167da94af47b4e,study02
02,REPRO:02_alignment/outputs/final_rerun_20260718_v2/methods/variance_2.0/spateo/angle_1/runner.log,candidate_evidence,2517,9be4130143bc7938ad9aff1eb150f5b7cf256b0c6246913630e4c1affb03c7e2,study02
02,REPRO:02_alignment/outputs/final_rerun_20260718_v2/methods/variance_2.0/spateo/angle_1/transform.json,candidate_evidence,2564,4b753c2e8929c84131972bb35fbc59fcc87b83eccd1938de3e007b7ec6252fc9,study02
02,REPRO:02_alignment/outputs/final_rerun_20260718_v2/methods/variance_2.0/spateo/angle_10/aligned.h5ad,candidate_payload,15054529,17019e1692f4ab752946c1c6d024ec3b654a6b967c197f0c754df8664f7c74e7,study02
02,REPRO:02_alignment/outputs/final_rerun_20260718_v2/methods/variance_2.0/spateo/angle_10/aligned_coordinates.csv,candidate_payload,307209,02a79451192baf2916f2de7dace6a5373638ad3a2c27a4d526b53e8c5b540a07,study02
02,REPRO:02_alignment/outputs/final_rerun_20260718_v2/methods/variance_2.0/spateo/angle_10/diagnostics.json,candidate_evidence,1294,c9b21f25004e59e8b403e0d1b9c638cfd3ffebac63077850eace7dcde4688f21,study02
02,REPRO:02_alignment/outputs/final_rerun_20260718_v2/methods/variance_2.0/spateo/angle_10/mapping_matrix.npy,candidate_payload,101673928,aea6f3d1d6ccd076693b2679b957e9ad64d7b6b48dae3ace35ccea109b1b1a12,study02
02,REPRO:02_alignment/outputs/final_rerun_20260718_v2/methods/variance_2.0/spateo/angle_10/runner.log,candidate_evidence,2517,99605a45bc4a7434fe588cc8e65c9890ab489153ea38beb6b2ec4bea5d6cab3c,study02
02,REPRO:02_alignment/outputs/final_rerun_20260718_v2/methods/variance_2.0/spateo/angle_10/transform.json,candidate_evidence,2565,7fb53f4eb601d24c205629ece43f9f396149b1ed0f4a91e587032e62070d12f9,study02
02,REPRO:02_alignment/outputs/final_rerun_20260718_v2/methods/variance_2.0/spateo/angle_30/aligned.h5ad,candidate_payload,15054562,a4b41e439d2b236fad1c035a58ab0236e271e22da36f5401490bcff88a2918cf,study02
02,REPRO:02_alignment/outputs/final_rerun_20260718_v2/methods/variance_2.0/spateo/angle_30/aligned_coordinates.csv,candidate_payload,306887,8ba59f03afad6083deb0437562d6de8cc332ecb10bf13b0a7b191ebdeb646e79,study02
02,REPRO:02_alignment/outputs/final_rerun_20260718_v2/methods/variance_2.0/spateo/angle_30/diagnostics.json,candidate_evidence,1294,2555c86e8e98b7113a1c79689bd29e48be80dd099a6bdd3c79ba19bceb4b703b,study02
02,REPRO:02_alignment/outputs/final_rerun_20260718_v2/methods/variance_2.0/spateo/angle_30/mapping_matrix.npy,candidate_payload,101673928,45ffe0c786f7c1baae1b330d1c72799bb4b34dcd1af345f208f4811e17b43ef9,study02
02,REPRO:02_alignment/outputs/final_rerun_20260718_v2/methods/variance_2.0/spateo/angle_30/runner.log,candidate_evidence,2517,c2e991d02443b99f332294174522404313a3f44fd532ed364e4625f62a8d80a0,study02
02,REPRO:02_alignment/outputs/final_rerun_20260718_v2/methods/variance_2.0/spateo/angle_30/transform.json,candidate_evidence,2565,e3fda532aabd64038782e6fb2ba6049d6b2f7cb96417a97c4aec4d69ce2ee4aa,study02
02,REPRO:02_alignment/outputs/final_rerun_20260718_v2/methods/variance_2.0/spateo/angle_45/aligned.h5ad,candidate_payload,15052822,9f003a39c5e0cb3bafeb2c52030a18eada7d46fb49971e06bef941d1384ddc7e,study02
02,REPRO:02_alignment/outputs/final_rerun_20260718_v2/methods/variance_2.0/spateo/angle_45/aligned_coordinates.csv,candidate_payload,307204,6c7532c3732fae5d061cae960e36d503c894f0d3a86d2eb7e6474d6dd9e6a051,study02
02,REPRO:02_alignment/outputs/final_rerun_20260718_v2/methods/variance_2.0/spateo/angle_45/diagnostics.json,candidate_evidence,1295,a585085e4a1942fc2ab577cd6ae11d0eb9e1e4dda4bb65f7beada248c1c72dd7,study02
02,REPRO:02_alignment/outputs/final_rerun_20260718_v2/methods/variance_2.0/spateo/angle_45/mapping_matrix.npy,candidate_payload,101673928,98f833fd19f04fd42bceb76e1bf7b83d7c144e561dd2e39924a244d3d9982078,study02
02,REPRO:02_alignment/outputs/final_rerun_20260718_v2/methods/variance_2.0/spateo/angle_45/runner.log,candidate_evidence,2517,e17eb893c1c9119abb43e75f5f6fb33d4800275b79875b6a5308b41ace6257f3,study02
02,REPRO:02_alignment/outputs/final_rerun_20260718_v2/methods/variance_2.0/spateo/angle_45/transform.json,candidate_evidence,2566,6f62c16127dc4a291d2ccc7cf628814939ee5e69fdd52fc5006aa8833cf6b34f,study02
02,REPRO:02_alignment/outputs/final_rerun_20260718_v2/methods/variance_2.0/spateo/angle_5/aligned.h5ad,candidate_payload,15054532,1389df08aaa6ef57d4facb811472f37f96b38829bf6c8190f1fd666528c1dd49,study02
02,REPRO:02_alignment/outputs/final_rerun_20260718_v2/methods/variance_2.0/spateo/angle_5/aligned_coordinates.csv,candidate_payload,307020,8c4ade152505ce838d6aa9d54781fd4a21c5172c7e8ebc61a83be90d2d93ba66,study02
02,REPRO:02_alignment/outputs/final_rerun_20260718_v2/methods/variance_2.0/spateo/angle_5/diagnostics.json,candidate_evidence,1294,ecd0c35905a62c336164a124d172f01989d76ec276567ac377346d3d71225040,study02
02,REPRO:02_alignment/outputs/final_rerun_20260718_v2/methods/variance_2.0/spateo/angle_5/mapping_matrix.npy,candidate_payload,101673928,ae3eefe1eac0850bafee5c7e2f581e1e6e7d50b68df5f24a61636fbd7a06788c,study02
02,REPRO:02_alignment/outputs/final_rerun_20260718_v2/methods/variance_2.0/spateo/angle_5/runner.log,candidate_evidence,2517,a9849d4e9a7d3b90aada4cc4added9d804f92309669b1355253855fe1e32f977,study02
02,REPRO:02_alignment/outputs/final_rerun_20260718_v2/methods/variance_2.0/spateo/angle_5/transform.json,candidate_evidence,2564,a49eff6aba121f36fb22abd306e00a7b84a796bb7ec3a569da3997064276a04c,study02
02,REPRO:02_alignment/outputs/final_rerun_20260718_v2/rotations/base_simulations/baseline.h5ad,candidate_payload,15034560,e33eb3bda32012350a01c4591d619f8ec352593d20df49045044253509f5d2c7,study02
02,REPRO:02_alignment/outputs/final_rerun_20260718_v2/rotations/base_simulations/mean_0.5.h5ad,candidate_payload,13877511,40ec6af5722727e6aad7cc56600d2a66bb7ebe77cf0f883d59e26991641e4ccd,study02
02,REPRO:02_alignment/outputs/final_rerun_20260718_v2/rotations/base_simulations/sparsity_0.5.h5ad,candidate_payload,14266766,3e586cb45aafe434f9260973ae7bff948b9e582c5259fb6d436d0f313ede0d07,study02
02,REPRO:02_alignment/outputs/final_rerun_20260718_v2/rotations/base_simulations/variance_2.0.h5ad,candidate_payload,14962858,73581517d15b7c560841b579ccf0a612e975823351972a803aa0c7855ff055a9,study02
02,REPRO:02_alignment/outputs/final_rerun_20260718_v2/rotations/baseline_rotated_1.h5ad,candidate_payload,15095975,9945978ce2f08504208c47d127c6490be327a9255b4794ac0d4c604ec70f6ca9,study02
02,REPRO:02_alignment/outputs/final_rerun_20260718_v2/rotations/baseline_rotated_10.h5ad,candidate_payload,15095941,fbe26651c1e43810d2f27c0229e41e99cf4664a6e4042c148c6e776521a0123e,study02
02,REPRO:02_alignment/outputs/final_rerun_20260718_v2/rotations/baseline_rotated_30.h5ad,candidate_payload,15095949,693691a9ab1b2edf77ff816e1664dace5ecc33348bd6650e34fdf41b7878b7cf,study02
02,REPRO:02_alignment/outputs/final_rerun_20260718_v2/rotations/baseline_rotated_45.h5ad,candidate_payload,15094133,500c8a76596390dbba726e87cb8ba0818171c150ba1650ac894db57fbdc508af,study02
02,REPRO:02_alignment/outputs/final_rerun_20260718_v2/rotations/baseline_rotated_5.h5ad,candidate_payload,15095963,40d900a087c973667558fc2df42bf3f842ca6838ae5b2cc75d439e32fd6a8734,study02
02,REPRO:02_alignment/outputs/final_rerun_20260718_v2/rotations/mean_0.5_rotated_1.h5ad,candidate_payload,13939182,b238cffffe2e5928b3d6adf3fc2fe80e75ed3b706068ace877516111c84e6813,study02
02,REPRO:02_alignment/outputs/final_rerun_20260718_v2/rotations/mean_0.5_rotated_10.h5ad,candidate_payload,13939148,b11e405e1d64dc1868ff257b3494b6f9b9a8072cea01869f9b0325dc5755489b,study02
02,REPRO:02_alignment/outputs/final_rerun_20260718_v2/rotations/mean_0.5_rotated_30.h5ad,candidate_payload,13939156,b27583f56e6df4289e110fcb3d15a9e8c833ac66b6f2eda9b180f9daecd09932,study02
02,REPRO:02_alignment/outputs/final_rerun_20260718_v2/rotations/mean_0.5_rotated_45.h5ad,candidate_payload,13937340,bedf6917af491adb0a81fe29cadc612498f6771d21ae3624f66ff97bcb7a8c92,study02
02,REPRO:02_alignment/outputs/final_rerun_20260718_v2/rotations/mean_0.5_rotated_5.h5ad,candidate_payload,13939170,7ba0e969cc94076077dec4b61358dd4d5efc1ea43153e2ee4c2c13a4cae8cf02,study02
02,REPRO:02_alignment/outputs/final_rerun_20260718_v2/rotations/provenance.json,candidate_evidence,654,46eea394a1fd488c5a48d1d7981b4ec4728e5e2ac2a9922842b6d13eb3510c37,study02
02,REPRO:02_alignment/outputs/final_rerun_20260718_v2/rotations/rotation_manifest.csv,candidate_evidence,10750,fdf3bedff79f4d5f7849e074aec44fbf9295acbdadb49ff46ecc94a6fdb013f0,study02
02,REPRO:02_alignment/outputs/final_rerun_20260718_v2/rotations/sparsity_0.5_rotated_1.h5ad,candidate_payload,14328181,a6d1eccad4177438b343522490f9f3552e381dc146000945a3f86e2d9baf83f3,study02
02,REPRO:02_alignment/outputs/final_rerun_20260718_v2/rotations/sparsity_0.5_rotated_10.h5ad,candidate_payload,14328147,8c972fd03be0e1ace1812f999ce408e8ee760c446c395a2cefe23131941ba2b0,study02
02,REPRO:02_alignment/outputs/final_rerun_20260718_v2/rotations/sparsity_0.5_rotated_30.h5ad,candidate_payload,14328155,3beb9ebe91c5ad43ec4128d85f270822da1987de70911dad9709bd8b47d86902,study02
02,REPRO:02_alignment/outputs/final_rerun_20260718_v2/rotations/sparsity_0.5_rotated_45.h5ad,candidate_payload,14326339,9dcfe19dbb4c0e86384c49ad77d39f83a838cc462730bd46a318abbd3382c84e,study02
02,REPRO:02_alignment/outputs/final_rerun_20260718_v2/rotations/sparsity_0.5_rotated_5.h5ad,candidate_payload,14328169,1496029fa8ff15495f362031936741c86a713d0eb76856462e194aa0171d24fd,study02
02,REPRO:02_alignment/outputs/final_rerun_20260718_v2/rotations/variance_2.0_rotated_1.h5ad,candidate_payload,15024529,271b46fe4fff5fc5d06266fc9cbab35c7a7c3bfbe86300bdcc8519ca679fcdaa,study02
02,REPRO:02_alignment/outputs/final_rerun_20260718_v2/rotations/variance_2.0_rotated_10.h5ad,candidate_payload,15024495,a41321330a8650529accbe6860452361dbc70888d2e42fa8526d848b0c69a521,study02
02,REPRO:02_alignment/outputs/final_rerun_20260718_v2/rotations/variance_2.0_rotated_30.h5ad,candidate_payload,15024503,67494ad0c937d90523a15374c2b0dbe56d3a5d15b2b10ad9d20c595aef785545,study02
02,REPRO:02_alignment/outputs/final_rerun_20260718_v2/rotations/variance_2.0_rotated_45.h5ad,candidate_payload,15022687,3c66bb18ec78df02aea03129a26c8378ffef1f1d527018ff02c54f2de64f5c15,study02
02,REPRO:02_alignment/outputs/final_rerun_20260718_v2/rotations/variance_2.0_rotated_5.h5ad,candidate_payload,15024517,d263d797065f7e386777bd7dbc1e134ed05202a133f48a06a8fdeca157c2f8b0,study02
02,REPRO:02_alignment/outputs/final_rerun_20260718_v2/scores/alignment_metrics.csv,candidate_evidence,15258,d405d2b8bea4d834cee729013803d2cb9c3ba2193f25d5c9df08dc1446723e92,study02
02,REPRO:02_alignment/outputs/final_rerun_20260718_v2/scores/alignment_summary.csv,candidate_evidence,847,02d39731e4ff3d64b02a0a61453fa7d9ab7f3b52c1c40d49a4a6a371dc9470eb,study02
02,REPRO:02_alignment/outputs/final_rerun_20260718_v2/scores/provenance.json,candidate_evidence,574,78432bdcfd1502471b8d8d800e5570501d0118d86f87bae06aff898542c8179d,study02
02,REPRO:02_alignment/outputs/final_rerun_20260718_v2/validation.csv,candidate_evidence,2229,65266a8c2752e21bd0c3ac74d4e6d5f1c26499095042dad3137c2da97cc67901,study02
03,REPRO:03_deconvolution/outputs/final_rerun_20260718_v2/failures/method__007__resolution_0.1__cell2location__20260719_071428_380611/007__resolution_0.1__cell2location.log,failure_evidence,6708937,d111b2a9dedc8bfdf55e4ab6e367bbdb6c5105879748442c77576d4acb1804d4,study03
03,REPRO:03_deconvolution/outputs/final_rerun_20260718_v2/failures/method__007__resolution_0.1__cell2location__20260719_071428_380611/archive_manifest.json,failure_evidence,2073,538700b2a88f2d8230a6471d8d97c755e2df5e3e3654df555f1eea1db864b2d6,study03
03,REPRO:03_deconvolution/outputs/final_rerun_20260718_v2/failures/method__007__resolution_0.1__cell2location__20260719_071428_380611/resolution_0.1_proportions_metadata.json,failure_evidence,647,f711ddd831c7d6f5db7f5f6f671d9a3970c07af04fca58e5b1e886448ca294d8,study03
03,REPRO:03_deconvolution/outputs/final_rerun_20260718_v2/logs/007__resolution_0.1__cell2location.log,candidate_evidence,6617487,d3fd6413aaf7436229794983ec94631d5448f1b054149748abf4a62a9090702f,study03
03,REPRO:03_deconvolution/outputs/final_rerun_20260718_v2/logs/007__resolution_0.1__rctd.log,candidate_evidence,50,b88f9fb6909c92ea93d5e71146be7c1cf45afa34ad661c709a6e243d7677adcc,study03
03,REPRO:03_deconvolution/outputs/final_rerun_20260718_v2/logs/007__resolution_0.25__cell2location.log,candidate_evidence,6608600,d35a373f893b625a1750963f730374adf5fd7f2327656fff1bc42269665032ee,study03
03,REPRO:03_deconvolution/outputs/final_rerun_20260718_v2/logs/007__resolution_0.25__rctd.log,candidate_evidence,50,10f6ff1b16c24add2d9bc209c926dd4d9fd22bda4a1785fc18d58ab31b153b64,study03
03,REPRO:03_deconvolution/outputs/final_rerun_20260718_v2/logs/050__resolution_0.1__cell2location.log,candidate_evidence,7109505,2e1ae1995f9255c9360774f767201597d61dc02a2ec614c5ae1bd4270beece2e,study03
03,REPRO:03_deconvolution/outputs/final_rerun_20260718_v2/logs/050__resolution_0.1__rctd.log,candidate_evidence,50,23fdcc02b477a5a2feb44142062a5ca739b94a4b44dea37df3ca0ad9c61afe4a,study03
03,REPRO:03_deconvolution/outputs/final_rerun_20260718_v2/logs/050__resolution_0.25__cell2location.log,candidate_evidence,6626076,39196731b9605df0680d9686358bafda7943fbc14479d8bd2259bca8434ec681,study03
03,REPRO:03_deconvolution/outputs/final_rerun_20260718_v2/logs/050__resolution_0.25__rctd.log,candidate_evidence,50,2d6b7fc52c2c99431917bc8cf00e1b5afea2a85615326d5a4c475c42419fe127,study03
03,REPRO:03_deconvolution/outputs/final_rerun_20260718_v2/logs/100__resolution_0.1__cell2location.log,candidate_evidence,6616225,5014853a46b6edb1d3af4de98b8064422c60eac6b55a757f30f1c6a94c605520,study03
03,REPRO:03_deconvolution/outputs/final_rerun_20260718_v2/logs/100__resolution_0.1__rctd.log,candidate_evidence,50,21f71ce4b80245fa746de951e4c4ec3e648a2356d4a6672ebf1e9bca588eb4a5,study03
03,REPRO:03_deconvolution/outputs/final_rerun_20260718_v2/logs/100__resolution_0.25__cell2location.log,candidate_evidence,6619296,c0d88f8fa7d248a76c09b0d0291a47d25344994dcfa12af8ac2f2a5cafb83b96,study03
03,REPRO:03_deconvolution/outputs/final_rerun_20260718_v2/logs/100__resolution_0.25__rctd.log,candidate_evidence,50,d2312a7e792d2be48104285cac43cd0ec7c768c32d2ed92d14fcf4692d9780e7,study03
03,REPRO:03_deconvolution/outputs/final_rerun_20260718_v2/method_manifest.csv,candidate_evidence,18417,2c64cf60591a49aa6cdee05e766a88a803813ed6f25662b7e3cf1f1293d933ae,study03
03,REPRO:03_deconvolution/outputs/final_rerun_20260718_v2/methods/cell2location/007/resolution_0.1_proportions.csv,candidate_payload,2830996,c98a07fc52c0456da45fbb7994826ee82234cacaf076b73703d763d8f0dd9eb0,study03
03,REPRO:03_deconvolution/outputs/final_rerun_20260718_v2/methods/cell2location/007/resolution_0.1_proportions_metadata.json,candidate_evidence,5178,16c6ea4a0168ba525316c3d7787b2ad3b68ef570b5a2c4acb8088d9b78862af1,study03
03,REPRO:03_deconvolution/outputs/final_rerun_20260718_v2/methods/cell2location/007/resolution_0.25_proportions.csv,candidate_payload,6999681,ebefdc0c12c550fa382e436f22f2e36313a4ef3540ae54baf180b4a2f2cd6f66,study03
03,REPRO:03_deconvolution/outputs/final_rerun_20260718_v2/methods/cell2location/007/resolution_0.25_proportions_metadata.json,candidate_evidence,5183,498b0d290f0edfee3c67743446c5f9667d7dd2247c682a21a47c79b04be27e16,study03
03,REPRO:03_deconvolution/outputs/final_rerun_20260718_v2/methods/cell2location/050/resolution_0.1_proportions.csv,candidate_payload,26351382,75e0d7c4abc2595d18ea7a3c736a1ba01df4d77b4e7c5f0420c4635588ef70cd,study03
03,REPRO:03_deconvolution/outputs/final_rerun_20260718_v2/methods/cell2location/050/resolution_0.1_proportions_metadata.json,candidate_evidence,4759,02a3d0d2679b92184f543da0c5f9af185973156f7ece450ac4f419b1a909e0b3,study03
03,REPRO:03_deconvolution/outputs/final_rerun_20260718_v2/methods/cell2location/050/resolution_0.25_proportions.csv,candidate_payload,64144423,5688448fd1fc0c9faa02f263f9c6fc6c8932a0d624a42df9fa69d83ce86d53cd,study03
03,REPRO:03_deconvolution/outputs/final_rerun_20260718_v2/methods/cell2location/050/resolution_0.25_proportions_metadata.json,candidate_evidence,4760,9d515d2d8b6ee16b56e4707a65e7279561eaa29eb62cbdded43e09e2097bbce0,study03
03,REPRO:03_deconvolution/outputs/final_rerun_20260718_v2/methods/cell2location/100/resolution_0.1_proportions.csv,candidate_payload,49992151,1f9b75a248875719600c7459d8b02b3bc950e4107e9b0e0e1b35541c6cbc5f53,study03
03,REPRO:03_deconvolution/outputs/final_rerun_20260718_v2/methods/cell2location/100/resolution_0.1_proportions_metadata.json,candidate_evidence,4758,98c9783ca555850c19d23e0a1d5ddf2e5f7c69f92b7ecab9ba17a4a1f3e57b6d,study03
03,REPRO:03_deconvolution/outputs/final_rerun_20260718_v2/methods/cell2location/100/resolution_0.25_proportions.csv,candidate_payload,125567627,1ebfe63aa8a42231d142977202dd5dbed0dfac2f62bbc0e08c7879dd5c6754b8,study03
03,REPRO:03_deconvolution/outputs/final_rerun_20260718_v2/methods/cell2location/100/resolution_0.25_proportions_metadata.json,candidate_evidence,4761,13b8104cef71899b052fd7c607324d9f9cbaa725b12e35efd5630d442282ffa3,study03
03,REPRO:03_deconvolution/outputs/final_rerun_20260718_v2/methods/rctd/007/resolution_0.1_proportions.csv,candidate_payload,855489,222ee2ae4998b6bf0c01f0af66e03d205a8edf9926ea620e4be1ae41c5ff9568,study03
03,REPRO:03_deconvolution/outputs/final_rerun_20260718_v2/methods/rctd/007/resolution_0.1_proportions_metadata.json,candidate_evidence,2010,ab2264a75cae631eb140566ee1de016b9744bcff2edc87b06fa57ae4f2a09ba0,study03
03,REPRO:03_deconvolution/outputs/final_rerun_20260718_v2/methods/rctd/007/resolution_0.1_proportions_stderr.log,candidate_evidence,4949,410cc85afba9884529d740d9fe1d8c34c845e0cfc0dd8864e64905404b979e3f,study03
03,REPRO:03_deconvolution/outputs/final_rerun_20260718_v2/methods/rctd/007/resolution_0.1_proportions_stdout.log,candidate_evidence,187,c7d2461db8d046862f14ab58c4f186d9cca6469f0c82e1c3d59669e6afece2ea,study03
03,REPRO:03_deconvolution/outputs/final_rerun_20260718_v2/methods/rctd/007/resolution_0.25_proportions.csv,candidate_payload,2023775,32a6ca9feedc452b19b9851e0cfc644ff997b12bcee086f3df42390875ce7f11,study03
03,REPRO:03_deconvolution/outputs/final_rerun_20260718_v2/methods/rctd/007/resolution_0.25_proportions_metadata.json,candidate_evidence,2017,e406483ae914cc8046c431de289240a98a040c3a2aea6bc8190cc84ecd0f577c,study03
03,REPRO:03_deconvolution/outputs/final_rerun_20260718_v2/methods/rctd/007/resolution_0.25_proportions_stderr.log,candidate_evidence,4952,a44129479bff2ce6f7f380004632a27bacad4487abec7098aa94f9abf4e7027b,study03
03,REPRO:03_deconvolution/outputs/final_rerun_20260718_v2/methods/rctd/007/resolution_0.25_proportions_stdout.log,candidate_evidence,187,c7d2461db8d046862f14ab58c4f186d9cca6469f0c82e1c3d59669e6afece2ea,study03
03,REPRO:03_deconvolution/outputs/final_rerun_20260718_v2/methods/rctd/050/resolution_0.1_proportions.csv,candidate_payload,2755762,e15ecccfd6d55cb9705552d5dde9127e622202f35afeb084e377edcf257bbbc0,study03
03,REPRO:03_deconvolution/outputs/final_rerun_20260718_v2/methods/rctd/050/resolution_0.1_proportions_metadata.json,candidate_evidence,2012,01a70bfcd7b4bf50c03813e700f9876d1cc5c73773ba95de1605e4fa94b2df1b,study03
03,REPRO:03_deconvolution/outputs/final_rerun_20260718_v2/methods/rctd/050/resolution_0.1_proportions_stderr.log,candidate_evidence,5613,96c513f09491b2342093eb068f1c74d37f89ee23e55b964111b62e6222015a8c,study03
03,REPRO:03_deconvolution/outputs/final_rerun_20260718_v2/methods/rctd/050/resolution_0.1_proportions_stdout.log,candidate_evidence,187,c7d2461db8d046862f14ab58c4f186d9cca6469f0c82e1c3d59669e6afece2ea,study03
03,REPRO:03_deconvolution/outputs/final_rerun_20260718_v2/methods/rctd/050/resolution_0.25_proportions.csv,candidate_payload,6627482,21436b250978ad1599bc704877d1d6e654df38d5ada99578fc59ab24f4cdf3b3,study03
03,REPRO:03_deconvolution/outputs/final_rerun_20260718_v2/methods/rctd/050/resolution_0.25_proportions_metadata.json,candidate_evidence,2017,84288f6d7df52bfcd02d61552e44588d93b71024545aeb5a3fd143b42d325116,study03
03,REPRO:03_deconvolution/outputs/final_rerun_20260718_v2/methods/rctd/050/resolution_0.25_proportions_stderr.log,candidate_evidence,5615,5c46c8ebe1aca0a782746114443683c7fb4880e52a5097360afeb065327a01b4,study03
03,REPRO:03_deconvolution/outputs/final_rerun_20260718_v2/methods/rctd/050/resolution_0.25_proportions_stdout.log,candidate_evidence,187,c7d2461db8d046862f14ab58c4f186d9cca6469f0c82e1c3d59669e6afece2ea,study03
03,REPRO:03_deconvolution/outputs/final_rerun_20260718_v2/methods/rctd/100/resolution_0.1_proportions.csv,candidate_payload,3065063,f54ff68cdfc011160caf8f48c56bc7d3aec0425e6f640620e50bf066923fc939,study03
03,REPRO:03_deconvolution/outputs/final_rerun_20260718_v2/methods/rctd/100/resolution_0.1_proportions_metadata.json,candidate_evidence,2012,e37841cbd06eef1ffa25aef8e35c2663e6260f12131141b4e17a81e5bbb4b401,study03
03,REPRO:03_deconvolution/outputs/final_rerun_20260718_v2/methods/rctd/100/resolution_0.1_proportions_stderr.log,candidate_evidence,5280,615151629c3e9db437866904304a048b4f1938beaafe83d4e8c17bdcae54be06,study03
03,REPRO:03_deconvolution/outputs/final_rerun_20260718_v2/methods/rctd/100/resolution_0.1_proportions_stdout.log,candidate_evidence,187,c7d2461db8d046862f14ab58c4f186d9cca6469f0c82e1c3d59669e6afece2ea,study03
03,REPRO:03_deconvolution/outputs/final_rerun_20260718_v2/methods/rctd/100/resolution_0.25_proportions.csv,candidate_payload,7475317,c08cfc2b8e302361278c9049d78ef5c44d0520401f50814dee3d7a8cdfaaa353,study03
03,REPRO:03_deconvolution/outputs/final_rerun_20260718_v2/methods/rctd/100/resolution_0.25_proportions_metadata.json,candidate_evidence,2017,f7f979879584bdaad11f3abfdfade3dede2530b717445745effd4b2298dda73f,study03
03,REPRO:03_deconvolution/outputs/final_rerun_20260718_v2/methods/rctd/100/resolution_0.25_proportions_stderr.log,candidate_evidence,5278,dfba50cf2e1a703caeab9feb1c7399fe6617d2af35d8f2b6ed8697d497ff4b0a,study03
03,REPRO:03_deconvolution/outputs/final_rerun_20260718_v2/methods/rctd/100/resolution_0.25_proportions_stdout.log,candidate_evidence,187,c7d2461db8d046862f14ab58c4f186d9cca6469f0c82e1c3d59669e6afece2ea,study03
03,REPRO:03_deconvolution/outputs/final_rerun_20260718_v2/provenance.json,candidate_evidence,2209,fa2cfb82033623922560928322b3c3a9a821b33b0478d197ac639324721501e6,study03
03,REPRO:03_deconvolution/outputs/final_rerun_20260718_v2/scores_common_support_20260719_v1/deconvolution_scores.csv,candidate_evidence,2817,13442992ca4b4b5a199b9841bc89f383863d06bca7166e29fe879792a90922ce,study03
03,REPRO:03_deconvolution/outputs/final_rerun_20260718_v2/scores_common_support_20260719_v1/deconvolution_summary.csv,candidate_evidence,189,c2eec9d0bac622b38c596e0e5290f507497b5130d004c5f5b800b95d121eb622,study03
03,REPRO:03_deconvolution/outputs/final_rerun_20260718_v2/scores_common_support_20260719_v1/old_vs_new_deconvolution_scores.csv,candidate_evidence,8269,506ce9ef328ee30fd46982168da8b54e92752a1c1f69b9f4ea1a0fdf0c2e2915,study03
03,REPRO:03_deconvolution/outputs/final_rerun_20260718_v2/scores_common_support_20260719_v1/provenance.json,candidate_evidence,21552,9a54093ac5ba53f92554403c13108f5821791609140675d035ed0a5f9e240a7f,study03
03,REPRO:03_deconvolution/outputs/final_rerun_20260718_v2/scores_common_support_20260719_v1/publication_decision.json,candidate_evidence,1329,1aae6caed6b9901af2c320f63b945f0b0f3050c8c4c5ecfa35c31687cc357cdb,study03
03,REPRO:03_deconvolution/outputs/final_rerun_20260718_v2/scores_common_support_20260719_v1/support_audit.csv,candidate_evidence,106499,a8317a61c84020178f9bb913885b7cd2dd8f0c0595e29ce80d1a697be5632b37,study03
03,REPRO:03_deconvolution/outputs/final_rerun_20260718_v2/simulation_manifest.csv,candidate_evidence,5843,2814086f6b7c5a7deb3b85a14aae7782e731a3e9aa6b1c0e7bb3145c757660c2,study03
03,REPRO:03_deconvolution/outputs/final_rerun_20260718_v2/simulations/007/resolution_0.1.h5ad,candidate_payload,900830,d3853a80d7c104a25cf4a6042a3ded3b563a8022de985f0ad3a37a35505235d1,study03
03,REPRO:03_deconvolution/outputs/final_rerun_20260718_v2/simulations/007/resolution_0.25.h5ad,candidate_payload,1384415,057b0ca3470f3fba9864810036ee2f3e8b6f21187fb0bb59dd11a9275c8fb8e8,study03
03,REPRO:03_deconvolution/outputs/final_rerun_20260718_v2/simulations/050/resolution_0.1.h5ad,candidate_payload,2392397,ddf350cd7bef16eade73ff14f8bda246eb29b04d8db60f998e05c1ceffcc948c,study03
03,REPRO:03_deconvolution/outputs/final_rerun_20260718_v2/simulations/050/resolution_0.25.h5ad,candidate_payload,4044223,edee1de1ade2d072d50f3181fc4f3cdda6da816674da79d04cb2436089e92c20,study03
03,REPRO:03_deconvolution/outputs/final_rerun_20260718_v2/simulations/100/resolution_0.1.h5ad,candidate_payload,2574127,07304305f4d703f5b8a7e23ed9bb511dfc45972fdc9a82d995ff192bae18dca6,study03
03,REPRO:03_deconvolution/outputs/final_rerun_20260718_v2/simulations/100/resolution_0.25.h5ad,candidate_payload,4356744,5ddbe4b3ab6f602c9f93a82b5930da6ab7e92510f50ffaf90bb1c1b9dfb0e093,study03
03,REPRO:03_deconvolution/outputs/final_rerun_20260718_v2/truth/007/resolution_0.1_proportions.csv,candidate_payload,612654,a6271278265020a0680bc0fdafaec2a0f99460e6e0296603e67e4c276abe08ca,study03
03,REPRO:03_deconvolution/outputs/final_rerun_20260718_v2/truth/007/resolution_0.25_proportions.csv,candidate_payload,1389038,913410b90919543b34a6af21b4eb313b9b9f0104d934982d3690970135ae355b,study03
03,REPRO:03_deconvolution/outputs/final_rerun_20260718_v2/truth/050/resolution_0.1_proportions.csv,candidate_payload,4965627,4c054055aadeea5d481a4bcd217e90accf56f243c15f2a1c463168e2736fd137,study03
03,REPRO:03_deconvolution/outputs/final_rerun_20260718_v2/truth/050/resolution_0.25_proportions.csv,candidate_payload,11968683,afa4a14f65f93d6bd7b6858edf1e1903131d64178651742e5ef88a375e9d2dfd,study03
03,REPRO:03_deconvolution/outputs/final_rerun_20260718_v2/truth/100/resolution_0.1_proportions.csv,candidate_payload,9393438,b16c8dcc3cc116d6dead769ccc80c001411225b311d2072e6e168472e40cdc08,study03
03,REPRO:03_deconvolution/outputs/final_rerun_20260718_v2/truth/100/resolution_0.25_proportions.csv,candidate_payload,23277868,474f25a87b1f262453191c195d39be25191f093382cc4dbbb3fda47e51085519,study03
03,REPRO:03_deconvolution/outputs/final_rerun_20260718_v2/validation_common_support_20260719_v1/validation.csv,candidate_evidence,1059,5a10758d54c1186a59aefa77fc9f7e30f7da7ca53009805930d150d64b8b68c5,study03
04,REPRO:04_batch_effect_removal/outputs/final_rerun_20260718_v2/failures/STAMP__diagonal_affine__alpha_0.25__20260718_153034_625127/DISPOSITION.txt,failure_evidence,30,d7c15821952060fb95064cdc036c56fdab4e98e58afa1c140c09966e230ffec3,study04
04,REPRO:04_batch_effect_removal/outputs/final_rerun_20260718_v2/failures/STAMP__diagonal_affine__alpha_0.25__20260718_153034_625127/FAILED.txt,failure_evidence,638,0e63eb8582a3babe30553a77391f8d57fd7a35cfd13be1e9817ecf8aac8fd82d,study04
04,REPRO:04_batch_effect_removal/outputs/final_rerun_20260718_v2/failures/STAMP__diagonal_affine__alpha_0.50__20260718_153038_585394/DISPOSITION.txt,failure_evidence,30,d7c15821952060fb95064cdc036c56fdab4e98e58afa1c140c09966e230ffec3,study04
04,REPRO:04_batch_effect_removal/outputs/final_rerun_20260718_v2/failures/STAMP__diagonal_affine__alpha_0.50__20260718_153038_585394/FAILED.txt,failure_evidence,638,0e63eb8582a3babe30553a77391f8d57fd7a35cfd13be1e9817ecf8aac8fd82d,study04
04,REPRO:04_batch_effect_removal/outputs/final_rerun_20260718_v2/failures/STAMP__shift_only__alpha_0.25__20260718_152732_732942/DISPOSITION.txt,failure_evidence,55,158c0f54bb24fe861b94f29f7b7518ea791a59a29fc6a7bf0ee51c739f2255b2,study04
04,REPRO:04_batch_effect_removal/outputs/final_rerun_20260718_v2/failures/STAMP__shift_only__alpha_0.25__20260718_152732_732942/cell_by_topic.csv,failure_evidence,1001851,320b8e0279f11b8f9277f805015647572ebc28680bbe580d0c1ff1405e3d8dd9,study04
04,REPRO:04_batch_effect_removal/outputs/final_rerun_20260718_v2/failures/STAMP__shift_only__alpha_0.25__20260718_152732_732942/embeddings.npz,failure_evidence,304039,cceb5eaf251541c100beab8cb1cacc05e58ecdd455907f2e297e1610e9167c66,study04
04,REPRO:04_batch_effect_removal/outputs/final_rerun_20260718_v2/failures/STAMP__shift_only__alpha_0.25__20260718_152732_732942/metadata.json,failure_evidence,15288,72df821cabfcbf53719a338382178f56e8ac452258ecd9d976b55ba180777869,study04
04,REPRO:04_batch_effect_removal/outputs/final_rerun_20260718_v2/failures/STAMP__shift_only__alpha_0.25__20260718_152732_732942/result.h5ad,failure_evidence,6515927,8138658c33774aa355214205660c964b26615ae35953f412aacace10ed87a90a,study04
04,REPRO:04_batch_effect_removal/outputs/final_rerun_20260718_v2/failures/STAMP__shift_only__alpha_0.25__20260718_152732_732942/stamp_params.pt,failure_evidence,1447798,7024ec0e1c202c1c0edc254b3f40ea021bb646c3d349a0b2d61d002f1aebef0c,study04
04,REPRO:04_batch_effect_removal/outputs/final_rerun_20260718_v2/failures/STAMP__shift_only__alpha_0.25__20260718_153010_730627/DISPOSITION.txt,failure_evidence,30,d7c15821952060fb95064cdc036c56fdab4e98e58afa1c140c09966e230ffec3,study04
04,REPRO:04_batch_effect_removal/outputs/final_rerun_20260718_v2/failures/STAMP__shift_only__alpha_0.25__20260718_153010_730627/FAILED.txt,failure_evidence,638,0e63eb8582a3babe30553a77391f8d57fd7a35cfd13be1e9817ecf8aac8fd82d,study04
04,REPRO:04_batch_effect_removal/outputs/final_rerun_20260718_v2/failures/STAMP__shift_only__alpha_0.50__20260718_153014_682536/DISPOSITION.txt,failure_evidence,30,d7c15821952060fb95064cdc036c56fdab4e98e58afa1c140c09966e230ffec3,study04
04,REPRO:04_batch_effect_removal/outputs/final_rerun_20260718_v2/failures/STAMP__shift_only__alpha_0.50__20260718_153014_682536/FAILED.txt,failure_evidence,638,0e63eb8582a3babe30553a77391f8d57fd7a35cfd13be1e9817ecf8aac8fd82d,study04
04,REPRO:04_batch_effect_removal/outputs/final_rerun_20260718_v2/failures/STAMP__shift_only__alpha_0.75__20260718_153018_685382/DISPOSITION.txt,failure_evidence,30,d7c15821952060fb95064cdc036c56fdab4e98e58afa1c140c09966e230ffec3,study04
04,REPRO:04_batch_effect_removal/outputs/final_rerun_20260718_v2/failures/STAMP__shift_only__alpha_0.75__20260718_153018_685382/FAILED.txt,failure_evidence,638,0e63eb8582a3babe30553a77391f8d57fd7a35cfd13be1e9817ecf8aac8fd82d,study04
04,REPRO:04_batch_effect_removal/outputs/final_rerun_20260718_v2/failures/STAMP__shift_only__alpha_1.00__20260718_153022_636641/DISPOSITION.txt,failure_evidence,30,d7c15821952060fb95064cdc036c56fdab4e98e58afa1c140c09966e230ffec3,study04
04,REPRO:04_batch_effect_removal/outputs/final_rerun_20260718_v2/failures/STAMP__shift_only__alpha_1.00__20260718_153022_636641/FAILED.txt,failure_evidence,638,0e63eb8582a3babe30553a77391f8d57fd7a35cfd13be1e9817ecf8aac8fd82d,study04
04,REPRO:04_batch_effect_removal/outputs/final_rerun_20260718_v2/failures/STAMP__shift_only__alpha_1.25__20260718_153026_592494/DISPOSITION.txt,failure_evidence,30,d7c15821952060fb95064cdc036c56fdab4e98e58afa1c140c09966e230ffec3,study04
04,REPRO:04_batch_effect_removal/outputs/final_rerun_20260718_v2/failures/STAMP__shift_only__alpha_1.25__20260718_153026_592494/FAILED.txt,failure_evidence,638,0e63eb8582a3babe30553a77391f8d57fd7a35cfd13be1e9817ecf8aac8fd82d,study04
04,REPRO:04_batch_effect_removal/outputs/final_rerun_20260718_v2/failures/STAMP__shift_only__alpha_1.50__20260718_153030_555021/DISPOSITION.txt,failure_evidence,30,d7c15821952060fb95064cdc036c56fdab4e98e58afa1c140c09966e230ffec3,study04
04,REPRO:04_batch_effect_removal/outputs/final_rerun_20260718_v2/failures/STAMP__shift_only__alpha_1.50__20260718_153030_555021/FAILED.txt,failure_evidence,638,0e63eb8582a3babe30553a77391f8d57fd7a35cfd13be1e9817ecf8aac8fd82d,study04
04,REPRO:04_batch_effect_removal/outputs/final_rerun_20260718_v2/failures/STAMP__shift_only__alpha_1.50__20260719_040051_291554/DISPOSITION.txt,failure_evidence,30,d7c15821952060fb95064cdc036c56fdab4e98e58afa1c140c09966e230ffec3,study04
04,REPRO:04_batch_effect_removal/outputs/final_rerun_20260718_v2/failures/STAMP__shift_only__alpha_1.50__20260719_040051_291554/FAILED.txt,failure_evidence,6089,f5a55b0e05ed6d03239fadd8e6028d9391b18e82d1424aa116e8fb25b97f57c4,study04
04,REPRO:04_batch_effect_removal/outputs/final_rerun_20260718_v2/failures/interrupted_logs_before_stamp_resume_20260718/diagonal_affine__alpha_0.25.log,failure_evidence,88,0e659eea052421e450eca9959fa780a2a18541d6638378fd994f9da4b81420aa,study04
04,REPRO:04_batch_effect_removal/outputs/final_rerun_20260718_v2/failures/interrupted_logs_before_stamp_resume_20260718/diagonal_affine__alpha_0.50.log,failure_evidence,88,0e659eea052421e450eca9959fa780a2a18541d6638378fd994f9da4b81420aa,study04
04,REPRO:04_batch_effect_removal/outputs/final_rerun_20260718_v2/failures/interrupted_logs_before_stamp_resume_20260718/diagonal_affine__alpha_0.75.log,failure_evidence,2680,6c7cf5329450a8052c633094423a920a4f78430841e0bf4401b26f6d9e3c815f,study04
04,REPRO:04_batch_effect_removal/outputs/final_rerun_20260718_v2/failures/interrupted_logs_before_stamp_resume_20260718/disposition.json,failure_evidence,1909,9cab0a9391c0c88e0af9faad7b3ff8e67afdbf117a7abefdf37dd607c84d9ea5,study04
04,REPRO:04_batch_effect_removal/outputs/final_rerun_20260718_v2/failures/interrupted_logs_before_stamp_resume_20260718/shift_only__alpha_0.50.log,failure_evidence,4501,dd473cdc00cc88750d91213592f4e837012b30decd16005c4848cd7f21a08d60,study04
04,REPRO:04_batch_effect_removal/outputs/final_rerun_20260718_v2/failures/interrupted_logs_before_stamp_resume_20260718/shift_only__alpha_0.75.log,failure_evidence,88,0e659eea052421e450eca9959fa780a2a18541d6638378fd994f9da4b81420aa,study04
04,REPRO:04_batch_effect_removal/outputs/final_rerun_20260718_v2/failures/interrupted_logs_before_stamp_resume_20260718/shift_only__alpha_1.00.log,failure_evidence,88,0e659eea052421e450eca9959fa780a2a18541d6638378fd994f9da4b81420aa,study04
04,REPRO:04_batch_effect_removal/outputs/final_rerun_20260718_v2/failures/interrupted_logs_before_stamp_resume_20260718/shift_only__alpha_1.25.log,failure_evidence,88,0e659eea052421e450eca9959fa780a2a18541d6638378fd994f9da4b81420aa,study04
04,REPRO:04_batch_effect_removal/outputs/final_rerun_20260718_v2/failures/interrupted_logs_before_stamp_resume_20260718/shift_only__alpha_1.50.log,failure_evidence,88,0e659eea052421e450eca9959fa780a2a18541d6638378fd994f9da4b81420aa,study04
04,REPRO:04_batch_effect_removal/outputs/final_rerun_20260718_v2/failures/scVI__diagonal_affine__alpha_0.25__20260719_043306_578457/DISPOSITION.txt,failure_evidence,30,d7c15821952060fb95064cdc036c56fdab4e98e58afa1c140c09966e230ffec3,study04
04,REPRO:04_batch_effect_removal/outputs/final_rerun_20260718_v2/failures/scVI__diagonal_affine__alpha_0.25__20260719_043306_578457/FAILED.txt,failure_evidence,412,f9b2d5937b477a1bbc4aa9f2801f5af64224d5af6a4dae8626e8dd02029f5d43,study04
04,REPRO:04_batch_effect_removal/outputs/final_rerun_20260718_v2/failures/scVI__diagonal_affine__alpha_0.50__20260719_043312_583034/DISPOSITION.txt,failure_evidence,30,d7c15821952060fb95064cdc036c56fdab4e98e58afa1c140c09966e230ffec3,study04
04,REPRO:04_batch_effect_removal/outputs/final_rerun_20260718_v2/failures/scVI__diagonal_affine__alpha_0.50__20260719_043312_583034/FAILED.txt,failure_evidence,412,f9b2d5937b477a1bbc4aa9f2801f5af64224d5af6a4dae8626e8dd02029f5d43,study04
04,REPRO:04_batch_effect_removal/outputs/final_rerun_20260718_v2/failures/scVI__diagonal_affine__alpha_0.75__20260719_043318_893887/DISPOSITION.txt,failure_evidence,30,d7c15821952060fb95064cdc036c56fdab4e98e58afa1c140c09966e230ffec3,study04
04,REPRO:04_batch_effect_removal/outputs/final_rerun_20260718_v2/failures/scVI__diagonal_affine__alpha_0.75__20260719_043318_893887/FAILED.txt,failure_evidence,412,f9b2d5937b477a1bbc4aa9f2801f5af64224d5af6a4dae8626e8dd02029f5d43,study04
04,REPRO:04_batch_effect_removal/outputs/final_rerun_20260718_v2/failures/scVI__diagonal_affine__alpha_1.00__20260719_043325_225407/DISPOSITION.txt,failure_evidence,30,d7c15821952060fb95064cdc036c56fdab4e98e58afa1c140c09966e230ffec3,study04
04,REPRO:04_batch_effect_removal/outputs/final_rerun_20260718_v2/failures/scVI__diagonal_affine__alpha_1.00__20260719_043325_225407/FAILED.txt,failure_evidence,412,f9b2d5937b477a1bbc4aa9f2801f5af64224d5af6a4dae8626e8dd02029f5d43,study04
04,REPRO:04_batch_effect_removal/outputs/final_rerun_20260718_v2/failures/scVI__diagonal_affine__alpha_1.25__20260719_043331_527492/DISPOSITION.txt,failure_evidence,30,d7c15821952060fb95064cdc036c56fdab4e98e58afa1c140c09966e230ffec3,study04
04,REPRO:04_batch_effect_removal/outputs/final_rerun_20260718_v2/failures/scVI__diagonal_affine__alpha_1.25__20260719_043331_527492/FAILED.txt,failure_evidence,412,f9b2d5937b477a1bbc4aa9f2801f5af64224d5af6a4dae8626e8dd02029f5d43,study04
04,REPRO:04_batch_effect_removal/outputs/final_rerun_20260718_v2/failures/scVI__diagonal_affine__alpha_1.50__20260719_043337_450103/DISPOSITION.txt,failure_evidence,30,d7c15821952060fb95064cdc036c56fdab4e98e58afa1c140c09966e230ffec3,study04
04,REPRO:04_batch_effect_removal/outputs/final_rerun_20260718_v2/failures/scVI__diagonal_affine__alpha_1.50__20260719_043337_450103/FAILED.txt,failure_evidence,412,f9b2d5937b477a1bbc4aa9f2801f5af64224d5af6a4dae8626e8dd02029f5d43,study04
04,REPRO:04_batch_effect_removal/outputs/final_rerun_20260718_v2/failures/scVI__shift_only__alpha_0.25__20260719_043230_649335/DISPOSITION.txt,failure_evidence,30,d7c15821952060fb95064cdc036c56fdab4e98e58afa1c140c09966e230ffec3,study04
04,REPRO:04_batch_effect_removal/outputs/final_rerun_20260718_v2/failures/scVI__shift_only__alpha_0.25__20260719_043230_649335/FAILED.txt,failure_evidence,412,f9b2d5937b477a1bbc4aa9f2801f5af64224d5af6a4dae8626e8dd02029f5d43,study04
04,REPRO:04_batch_effect_removal/outputs/final_rerun_20260718_v2/failures/scVI__shift_only__alpha_0.50__20260719_043236_861343/DISPOSITION.txt,failure_evidence,30,d7c15821952060fb95064cdc036c56fdab4e98e58afa1c140c09966e230ffec3,study04
04,REPRO:04_batch_effect_removal/outputs/final_rerun_20260718_v2/failures/scVI__shift_only__alpha_0.50__20260719_043236_861343/FAILED.txt,failure_evidence,412,f9b2d5937b477a1bbc4aa9f2801f5af64224d5af6a4dae8626e8dd02029f5d43,study04
04,REPRO:04_batch_effect_removal/outputs/final_rerun_20260718_v2/failures/scVI__shift_only__alpha_0.75__20260719_043242_781892/DISPOSITION.txt,failure_evidence,30,d7c15821952060fb95064cdc036c56fdab4e98e58afa1c140c09966e230ffec3,study04
04,REPRO:04_batch_effect_removal/outputs/final_rerun_20260718_v2/failures/scVI__shift_only__alpha_0.75__20260719_043242_781892/FAILED.txt,failure_evidence,412,f9b2d5937b477a1bbc4aa9f2801f5af64224d5af6a4dae8626e8dd02029f5d43,study04
04,REPRO:04_batch_effect_removal/outputs/final_rerun_20260718_v2/failures/scVI__shift_only__alpha_1.00__20260719_043248_697137/DISPOSITION.txt,failure_evidence,30,d7c15821952060fb95064cdc036c56fdab4e98e58afa1c140c09966e230ffec3,study04
04,REPRO:04_batch_effect_removal/outputs/final_rerun_20260718_v2/failures/scVI__shift_only__alpha_1.00__20260719_043248_697137/FAILED.txt,failure_evidence,412,f9b2d5937b477a1bbc4aa9f2801f5af64224d5af6a4dae8626e8dd02029f5d43,study04
04,REPRO:04_batch_effect_removal/outputs/final_rerun_20260718_v2/failures/scVI__shift_only__alpha_1.25__20260719_043254_626842/DISPOSITION.txt,failure_evidence,30,d7c15821952060fb95064cdc036c56fdab4e98e58afa1c140c09966e230ffec3,study04
04,REPRO:04_batch_effect_removal/outputs/final_rerun_20260718_v2/failures/scVI__shift_only__alpha_1.25__20260719_043254_626842/FAILED.txt,failure_evidence,412,f9b2d5937b477a1bbc4aa9f2801f5af64224d5af6a4dae8626e8dd02029f5d43,study04
04,REPRO:04_batch_effect_removal/outputs/final_rerun_20260718_v2/failures/scVI__shift_only__alpha_1.50__20260719_043300_589154/DISPOSITION.txt,failure_evidence,30,d7c15821952060fb95064cdc036c56fdab4e98e58afa1c140c09966e230ffec3,study04
04,REPRO:04_batch_effect_removal/outputs/final_rerun_20260718_v2/failures/scVI__shift_only__alpha_1.50__20260719_043300_589154/FAILED.txt,failure_evidence,412,f9b2d5937b477a1bbc4aa9f2801f5af64224d5af6a4dae8626e8dd02029f5d43,study04
04,REPRO:04_batch_effect_removal/outputs/final_rerun_20260718_v2/logs/GraphST/diagonal_affine/alpha_0.25.log,candidate_evidence,8981,4f5aed239c3baabf7a017f4e8ead6d79a01062eb7ff7575f945e1aaf7368ced0,study04
04,REPRO:04_batch_effect_removal/outputs/final_rerun_20260718_v2/logs/GraphST/diagonal_affine/alpha_0.50.log,candidate_evidence,9160,34cad8a7b776d1ce262f93cec3dc3c9d1d85ff61b610b04b9d1ac818f575bc4f,study04
04,REPRO:04_batch_effect_removal/outputs/final_rerun_20260718_v2/logs/GraphST/diagonal_affine/alpha_0.75.log,candidate_evidence,9223,1b3b2c29d363f0b60ad4ef28ca04aca1eaa371b570ddc98f3d113150bbec455f,study04
04,REPRO:04_batch_effect_removal/outputs/final_rerun_20260718_v2/logs/GraphST/diagonal_affine/alpha_1.00.log,candidate_evidence,9281,a84f4390b72de2b941ac137852dd9f8985f071bc99e9f25e6699909d5fff3c4f,study04
04,REPRO:04_batch_effect_removal/outputs/final_rerun_20260718_v2/logs/GraphST/diagonal_affine/alpha_1.25.log,candidate_evidence,9220,5ba806904bbbf9937f40fad97680ee569b439abbe7de26240bc73fed15d1e8da,study04
04,REPRO:04_batch_effect_removal/outputs/final_rerun_20260718_v2/logs/GraphST/diagonal_affine/alpha_1.50.log,candidate_evidence,9280,bee396f45db7f2c17d9370c166fbfcc71a7fbdc3967d71a1a4384f1439f17f31,study04
04,REPRO:04_batch_effect_removal/outputs/final_rerun_20260718_v2/logs/GraphST/shift_only/alpha_0.25.log,candidate_evidence,9163,5ce2a797933c4f53148da63aae8410085ebce57211b99e0e98baeb0f46c8d680,study04
04,REPRO:04_batch_effect_removal/outputs/final_rerun_20260718_v2/logs/GraphST/shift_only/alpha_0.50.log,candidate_evidence,9176,351339d99addfcf254ae1ecb51a916ef40e37a6ff43e29db6d39369395730d36,study04
04,REPRO:04_batch_effect_removal/outputs/final_rerun_20260718_v2/logs/GraphST/shift_only/alpha_0.75.log,candidate_evidence,9048,518129666e861da1763104c15c4a5f7ebbc4fa904bbe0f1ae0700b15d433f342,study04
04,REPRO:04_batch_effect_removal/outputs/final_rerun_20260718_v2/logs/GraphST/shift_only/alpha_1.00.log,candidate_evidence,9148,5466db8c260aef5b8cde1f42ea008e09385698a1c76276be453fbb2425d0ab86,study04
04,REPRO:04_batch_effect_removal/outputs/final_rerun_20260718_v2/logs/GraphST/shift_only/alpha_1.25.log,candidate_evidence,9222,faa4502b3dbc67242c10d15038a1e068b7ce08b15ea664dfd919c1a3237dfd3b,study04
04,REPRO:04_batch_effect_removal/outputs/final_rerun_20260718_v2/logs/GraphST/shift_only/alpha_1.50.log,candidate_evidence,9113,84687d4bd982c716fc714f7df21b61afe3ec3febfe26001a58ab9445b839b3ed,study04
04,REPRO:04_batch_effect_removal/outputs/final_rerun_20260718_v2/logs/STAMP/diagonal_affine/alpha_0.25.log,candidate_evidence,19153,477c150d8b2f3960d34283c836ce02cf37749876c0fce6612f36219db99345a6,study04
04,REPRO:04_batch_effect_removal/outputs/final_rerun_20260718_v2/logs/STAMP/diagonal_affine/alpha_0.50.log,candidate_evidence,19153,481d5eaf0f4a92594b549d4ee98c54455981cd5dad1532c8df0f8583184ca7a5,study04
04,REPRO:04_batch_effect_removal/outputs/final_rerun_20260718_v2/logs/STAMP/diagonal_affine/alpha_0.75.log,candidate_evidence,25083,125e97bc1c7a5197d2e954a07a55efca70136f6ad1571628bbcbd6b357e2432d,study04
04,REPRO:04_batch_effect_removal/outputs/final_rerun_20260718_v2/logs/STAMP/diagonal_affine/alpha_1.00.log,candidate_evidence,25083,4bc151b362adb2c0d83f86b950098f5690f073a133b73d1653c1268d696cc6fb,study04
04,REPRO:04_batch_effect_removal/outputs/final_rerun_20260718_v2/logs/STAMP/diagonal_affine/alpha_1.25.log,candidate_evidence,25101,5a5a7aa3b24e70be67ea4cc34f238187059e45ef041fb7d8a5d10386d87d9e7c,study04
04,REPRO:04_batch_effect_removal/outputs/final_rerun_20260718_v2/logs/STAMP/diagonal_affine/alpha_1.50.log,candidate_evidence,25101,d5514eb05784dba557f1ccbebd3696c028a30ada313ff500a6f3d4dee5dfe132,study04
04,REPRO:04_batch_effect_removal/outputs/final_rerun_20260718_v2/logs/STAMP/shift_only/alpha_0.25.log,candidate_evidence,19147,c50e57710b46c4412c071de193a640cdf827d8b1bec2ff6a12d33d0f619cc54c,study04
04,REPRO:04_batch_effect_removal/outputs/final_rerun_20260718_v2/logs/STAMP/shift_only/alpha_0.50.log,candidate_evidence,25083,817eacf0d82a940f2ecb749858e4d0e7e758a14a68ba320c7b6bb2b4fc500286,study04
04,REPRO:04_batch_effect_removal/outputs/final_rerun_20260718_v2/logs/STAMP/shift_only/alpha_0.75.log,candidate_evidence,25083,c519225ee64de5045dc9959077215f051b85388b1448bebdb3f8baeb5a512ba0,study04
04,REPRO:04_batch_effect_removal/outputs/final_rerun_20260718_v2/logs/STAMP/shift_only/alpha_1.00.log,candidate_evidence,25083,6de79b57e6c9b4a50a601583c7845f9077f3685aa5162022f1d42f47ed25783b,study04
04,REPRO:04_batch_effect_removal/outputs/final_rerun_20260718_v2/logs/STAMP/shift_only/alpha_1.25.log,candidate_evidence,25083,7ea5d142b752dda08fc98ad36c3e53d4b414dfc9bdfdb7950e47a4511974f788,study04
04,REPRO:04_batch_effect_removal/outputs/final_rerun_20260718_v2/logs/STAMP/shift_only/alpha_1.50.log,candidate_evidence,24632,e1577c64f9a66d04f94b90727d57b9d8e02a9a0dc39008cf4234e57d1368d9f2,study04
04,REPRO:04_batch_effect_removal/outputs/final_rerun_20260718_v2/logs/scVI/diagonal_affine/alpha_0.25.log,candidate_evidence,153635,e054358be2c7e7967e8f3633b9c66b665c41331a0b2b04e07f99f1d65541eea1,study04
04,REPRO:04_batch_effect_removal/outputs/final_rerun_20260718_v2/logs/scVI/diagonal_affine/alpha_0.50.log,candidate_evidence,153635,0151ca07629015ddfe90bc32c0fb3954c91f529408eb6918bbb6c87f1acaf8b7,study04
04,REPRO:04_batch_effect_removal/outputs/final_rerun_20260718_v2/logs/scVI/diagonal_affine/alpha_0.75.log,candidate_evidence,153619,a597cd22f61a29dfd80464ebeb0476d53fde26a23680e4524ee9a572df779ce5,study04
04,REPRO:04_batch_effect_removal/outputs/final_rerun_20260718_v2/logs/scVI/diagonal_affine/alpha_1.00.log,candidate_evidence,113119,fde6890758d9b813188efc2cbed6141dca618e29b412b27b12937ea40505909e,study04
04,REPRO:04_batch_effect_removal/outputs/final_rerun_20260718_v2/logs/scVI/diagonal_affine/alpha_1.25.log,candidate_evidence,119503,9248083c5eb1a89c89ce7bddca2080a275265ec1457fd37963d4ccdf82ade2ec,study04
04,REPRO:04_batch_effect_removal/outputs/final_rerun_20260718_v2/logs/scVI/diagonal_affine/alpha_1.50.log,candidate_evidence,99268,d6b7446e33a2162a4744bca507851e7c7a53b25523b7214029086dd4070dfa64,study04
04,REPRO:04_batch_effect_removal/outputs/final_rerun_20260718_v2/logs/scVI/shift_only/alpha_0.25.log,candidate_evidence,94,8422aab02b2af0e90f2063ba730617d45ada5ecac1854e7fd0fd30ffa35aee33,study04
04,REPRO:04_batch_effect_removal/outputs/final_rerun_20260718_v2/logs/scVI/shift_only/alpha_0.50.log,candidate_evidence,153635,af11b79f0d7fec4194a01afae160fa533e562843195e82d23333487f58170e0e,study04
04,REPRO:04_batch_effect_removal/outputs/final_rerun_20260718_v2/logs/scVI/shift_only/alpha_0.75.log,candidate_evidence,101626,dbd7e9cb66c3d1d9261fa2e92e3fd25d647728099a01a21b5c52e55dcc8d1e90,study04
04,REPRO:04_batch_effect_removal/outputs/final_rerun_20260718_v2/logs/scVI/shift_only/alpha_1.00.log,candidate_evidence,98089,7a9a1f73c7c6a9d880433a120dc16856958f2899047e78eb9d94098b75ba4910,study04
04,REPRO:04_batch_effect_removal/outputs/final_rerun_20260718_v2/logs/scVI/shift_only/alpha_1.25.log,candidate_evidence,85210,b6b6c3cba0a59f9d5d2987c1300d58b56911e7a968b437855caf1d5734ea6e35,study04
04,REPRO:04_batch_effect_removal/outputs/final_rerun_20260718_v2/logs/scVI/shift_only/alpha_1.50.log,candidate_evidence,81727,805b7538ab59b6476a00e31221b9ef4f2add613883511f6ff2938cc82a3731f2,study04
04,REPRO:04_batch_effect_removal/outputs/final_rerun_20260718_v2/method_run_manifest.csv,candidate_evidence,12803,a12c9133caadb2a3692085a1cc25c0932c23bce7cb8af44f5ab1d8777a1410fe,study04
04,REPRO:04_batch_effect_removal/outputs/final_rerun_20260718_v2/methods/GraphST/diagonal_affine/alpha_0.25/embeddings.npz,candidate_payload,57791159,c94921d740b36d74205f4fa40a0841c5f6ae220b7e74cb0965e7528e169bc9bb,study04
04,REPRO:04_batch_effect_removal/outputs/final_rerun_20260718_v2/methods/GraphST/diagonal_affine/alpha_0.25/graphst_checkpoint.pt,candidate_payload,3126587,3dd092a0f7ade8ad2cb7bb77aa2bfc659deed715575ee7ea70d4f2acaa1c5153,study04
04,REPRO:04_batch_effect_removal/outputs/final_rerun_20260718_v2/methods/GraphST/diagonal_affine/alpha_0.25/metadata.json,candidate_evidence,9432,1732ee57e58b43cf2aeea4725bc3d34a86756ca221e413926aa3b1c6425f57cf,study04
04,REPRO:04_batch_effect_removal/outputs/final_rerun_20260718_v2/methods/GraphST/diagonal_affine/alpha_0.25/result.h5ad,candidate_payload,143016880,2c615395965805014d81a64ffbef65d041b155d13979a3303f25bb8c579b1768,study04
04,REPRO:04_batch_effect_removal/outputs/final_rerun_20260718_v2/methods/GraphST/diagonal_affine/alpha_0.50/embeddings.npz,candidate_payload,57791159,882dae85f9c03baee24b21acad93a31aec60d390e3d535dfc7eb94af5a81202b,study04
04,REPRO:04_batch_effect_removal/outputs/final_rerun_20260718_v2/methods/GraphST/diagonal_affine/alpha_0.50/graphst_checkpoint.pt,candidate_payload,3126587,e10f1e02ef37d5959ec50966e253f8529a728c01771cee0bc9835d23c2d36d9f,study04
04,REPRO:04_batch_effect_removal/outputs/final_rerun_20260718_v2/methods/GraphST/diagonal_affine/alpha_0.50/metadata.json,candidate_evidence,9434,c8689ccfb2b7749800bcd6a62a1bf61f8dae1f316c072e04b2aab87d2d63b89f,study04
04,REPRO:04_batch_effect_removal/outputs/final_rerun_20260718_v2/methods/GraphST/diagonal_affine/alpha_0.50/result.h5ad,candidate_payload,141195862,aa67d3f22d14f7384d02786c343b5b29e440c795e0718f4b56d9db71ed6b9013,study04
04,REPRO:04_batch_effect_removal/outputs/final_rerun_20260718_v2/methods/GraphST/diagonal_affine/alpha_0.75/embeddings.npz,candidate_payload,57791159,3866569505bad3127b750b17dc852f7d427648e955a442ef723ec324549d7cf5,study04
04,REPRO:04_batch_effect_removal/outputs/final_rerun_20260718_v2/methods/GraphST/diagonal_affine/alpha_0.75/graphst_checkpoint.pt,candidate_payload,3126587,4565eca45487c7b84bb9df935bdfdc826f8ad7686f5a4a89f9b6115501420638,study04
04,REPRO:04_batch_effect_removal/outputs/final_rerun_20260718_v2/methods/GraphST/diagonal_affine/alpha_0.75/metadata.json,candidate_evidence,9434,c3198ca25a321838e4728747cdc970b34658a9e4893555c9dcd32b04fd1d630c,study04
04,REPRO:04_batch_effect_removal/outputs/final_rerun_20260718_v2/methods/GraphST/diagonal_affine/alpha_0.75/result.h5ad,candidate_payload,139563210,1ebc36c9bd5d4017555a7b465486b77edb88cefe99ff7ce350aa4ece92b395e5,study04
04,REPRO:04_batch_effect_removal/outputs/final_rerun_20260718_v2/methods/GraphST/diagonal_affine/alpha_1.00/embeddings.npz,candidate_payload,57791159,53df61eb8cf075cfd296062bdf50b6eb5471592ff81cc4cee7077691f6339c4a,study04
04,REPRO:04_batch_effect_removal/outputs/final_rerun_20260718_v2/methods/GraphST/diagonal_affine/alpha_1.00/graphst_checkpoint.pt,candidate_payload,3126587,53e97c02785ff9f364f043741e01f3f36d45f67746d42224d5de425c75bfc29c,study04
04,REPRO:04_batch_effect_removal/outputs/final_rerun_20260718_v2/methods/GraphST/diagonal_affine/alpha_1.00/metadata.json,candidate_evidence,9433,6508a04c5f1274a4236a62206cfc3586c6c3b606fda922b5b6c781f5b65e7717,study04
04,REPRO:04_batch_effect_removal/outputs/final_rerun_20260718_v2/methods/GraphST/diagonal_affine/alpha_1.00/result.h5ad,candidate_payload,138009172,47376ff757f9f6ab00128babf3efb93c75c528f2298ac40e47483b4b020fedf8,study04
04,REPRO:04_batch_effect_removal/outputs/final_rerun_20260718_v2/methods/GraphST/diagonal_affine/alpha_1.25/embeddings.npz,candidate_payload,57791159,d3f1228f68a1a68c04f3cb9a1a2ddab986360e6e5e1083c2f2cb71a38cee85cc,study04
04,REPRO:04_batch_effect_removal/outputs/final_rerun_20260718_v2/methods/GraphST/diagonal_affine/alpha_1.25/graphst_checkpoint.pt,candidate_payload,3126587,bef9b3095a23599c565019e3b53847b1da6c0f037560ffa72485d27919f1d002,study04
04,REPRO:04_batch_effect_removal/outputs/final_rerun_20260718_v2/methods/GraphST/diagonal_affine/alpha_1.25/metadata.json,candidate_evidence,9438,e69b74627d606d942f94934bae855d6f935d261ceee335819622f3f9b6c2e328,study04
04,REPRO:04_batch_effect_removal/outputs/final_rerun_20260718_v2/methods/GraphST/diagonal_affine/alpha_1.25/result.h5ad,candidate_payload,136683065,7b04665a8db7f1f30c6f663fdff15a705da597f56211539b06482e38663d4c45,study04
04,REPRO:04_batch_effect_removal/outputs/final_rerun_20260718_v2/methods/GraphST/diagonal_affine/alpha_1.50/embeddings.npz,candidate_payload,57791159,59c662c8b23813a93074b952c1f0e7f7d3caf8bd7a4012db304e473e5aec9f9f,study04
04,REPRO:04_batch_effect_removal/outputs/final_rerun_20260718_v2/methods/GraphST/diagonal_affine/alpha_1.50/graphst_checkpoint.pt,candidate_payload,3126587,ccb1986b2188e127a52e567993f61b3ee475b095fc7c39b084ac05bcaa678737,study04
04,REPRO:04_batch_effect_removal/outputs/final_rerun_20260718_v2/methods/GraphST/diagonal_affine/alpha_1.50/metadata.json,candidate_evidence,9432,25249129b3af9480051df1885a324d643315f0969acd002d11da402190c59f8e,study04
04,REPRO:04_batch_effect_removal/outputs/final_rerun_20260718_v2/methods/GraphST/diagonal_affine/alpha_1.50/result.h5ad,candidate_payload,135440525,ddf2f11439ba15c6a66a75550877629a1936f7380af6ac9e8fbaf5a93dee71d6,study04
04,REPRO:04_batch_effect_removal/outputs/final_rerun_20260718_v2/methods/GraphST/shift_only/alpha_0.25/embeddings.npz,candidate_payload,57791159,2ba4240af6654071b23cb1f7b2a7b6f83da5f9133e93aace4e0b90e6aee170da,study04
04,REPRO:04_batch_effect_removal/outputs/final_rerun_20260718_v2/methods/GraphST/shift_only/alpha_0.25/graphst_checkpoint.pt,candidate_payload,3126587,d14fe4e090d42a5d616cef130b2942e8de510bd8974d9b7b3ff4a0dc7c5a73af,study04
04,REPRO:04_batch_effect_removal/outputs/final_rerun_20260718_v2/methods/GraphST/shift_only/alpha_0.25/metadata.json,candidate_evidence,9403,5f6d537a6c2650bd06dcd86b5afc42da43aa314389e6b23f57da6393c382e203,study04
04,REPRO:04_batch_effect_removal/outputs/final_rerun_20260718_v2/methods/GraphST/shift_only/alpha_0.25/result.h5ad,candidate_payload,142897532,69a115bfae5e48f1a75178f7a82b3e9bb345712546b92ceccdac6e5829ceaca7,study04
04,REPRO:04_batch_effect_removal/outputs/final_rerun_20260718_v2/methods/GraphST/shift_only/alpha_0.50/embeddings.npz,candidate_payload,57791159,4e7bb659178678e9ff4be049167a9cbfcde6387060ac77fa0738d80e89d4f8f4,study04
04,REPRO:04_batch_effect_removal/outputs/final_rerun_20260718_v2/methods/GraphST/shift_only/alpha_0.50/graphst_checkpoint.pt,candidate_payload,3126587,2ceb0ec7e422d431d0195ebd3bfc075ff605b71a4be84474edf432112339268c,study04
04,REPRO:04_batch_effect_removal/outputs/final_rerun_20260718_v2/methods/GraphST/shift_only/alpha_0.50/metadata.json,candidate_evidence,9402,feb9f44333124119c7e6943f80a6c0acf96560dfb6d7685eef073ddf3735aa0f,study04
04,REPRO:04_batch_effect_removal/outputs/final_rerun_20260718_v2/methods/GraphST/shift_only/alpha_0.50/result.h5ad,candidate_payload,141076572,d367b3db6829f95f03e2deab8d352ba36a8fd61942475c532b04eb8e7270f6d6,study04
04,REPRO:04_batch_effect_removal/outputs/final_rerun_20260718_v2/methods/GraphST/shift_only/alpha_0.75/embeddings.npz,candidate_payload,57791159,53e019596fba30016fe8add017e30ded6d30b89bcb3a43f22aa20ddf4480086b,study04
04,REPRO:04_batch_effect_removal/outputs/final_rerun_20260718_v2/methods/GraphST/shift_only/alpha_0.75/graphst_checkpoint.pt,candidate_payload,3126587,1ecf490d81e2e77a5fa539521129f778abb3c27a50818ceba15f1e292172d92e,study04
04,REPRO:04_batch_effect_removal/outputs/final_rerun_20260718_v2/methods/GraphST/shift_only/alpha_0.75/metadata.json,candidate_evidence,9396,d8a59133f3bc504fa9816bac50de193d7fc4e8366a614fa5d6e3a05581922bda,study04
04,REPRO:04_batch_effect_removal/outputs/final_rerun_20260718_v2/methods/GraphST/shift_only/alpha_0.75/result.h5ad,candidate_payload,139452533,726b26f8d0b5f86557420ee3afe85f7082c579de8c82a51fcc9c74ab195606ad,study04
04,REPRO:04_batch_effect_removal/outputs/final_rerun_20260718_v2/methods/GraphST/shift_only/alpha_1.00/embeddings.npz,candidate_payload,57791159,844edfb64f73ae04e083b6858437ccfb7e27c1a4738a76ee1f1635f07f2af6c0,study04
04,REPRO:04_batch_effect_removal/outputs/final_rerun_20260718_v2/methods/GraphST/shift_only/alpha_1.00/graphst_checkpoint.pt,candidate_payload,3126587,6e1aae7da9c2009ae7f853fc68f4b059a17837b6b5da99df0022c0217152e378,study04
04,REPRO:04_batch_effect_removal/outputs/final_rerun_20260718_v2/methods/GraphST/shift_only/alpha_1.00/metadata.json,candidate_evidence,9398,74f4fe2e358993011d8141bb746d5af4a194dce799b0876be36c4c7c6bdb1c92,study04
04,REPRO:04_batch_effect_removal/outputs/final_rerun_20260718_v2/methods/GraphST/shift_only/alpha_1.00/result.h5ad,candidate_payload,138046392,e4ee20af1ab2755ee48589d2e7057768709cc9a2191489914cb9e0f1b90518d4,study04
04,REPRO:04_batch_effect_removal/outputs/final_rerun_20260718_v2/methods/GraphST/shift_only/alpha_1.25/embeddings.npz,candidate_payload,57791159,fd8cc39940219542175ce44617d727dd234079fbe5d11917403a72015bad72ce,study04
04,REPRO:04_batch_effect_removal/outputs/final_rerun_20260718_v2/methods/GraphST/shift_only/alpha_1.25/graphst_checkpoint.pt,candidate_payload,3126587,5f9f6598b28f5b0a4063b1cd80e7bbf2c3a13dbff77ac2f138895c62167dea7d,study04
04,REPRO:04_batch_effect_removal/outputs/final_rerun_20260718_v2/methods/GraphST/shift_only/alpha_1.25/metadata.json,candidate_evidence,9404,f494edc90ad7117c15f02a1cd2e18db8150e34f546277f1ff6401db0ec278be5,study04
04,REPRO:04_batch_effect_removal/outputs/final_rerun_20260718_v2/methods/GraphST/shift_only/alpha_1.25/result.h5ad,candidate_payload,136714052,50fdab5cb9e56c02aa8e810917ef1c510535415fc8cb94db743ea95fb462f06e,study04
04,REPRO:04_batch_effect_removal/outputs/final_rerun_20260718_v2/methods/GraphST/shift_only/alpha_1.50/embeddings.npz,candidate_payload,57791159,b6ac02ebc4b23f3b8f2c2ea6f305e89ecac156087830dac7606ab8cc724b0181,study04
04,REPRO:04_batch_effect_removal/outputs/final_rerun_20260718_v2/methods/GraphST/shift_only/alpha_1.50/graphst_checkpoint.pt,candidate_payload,3126587,435402e155848b9dd1179a70f7033ba07a1a875c440b6017cdf4c8d0f7bfee8b,study04
04,REPRO:04_batch_effect_removal/outputs/final_rerun_20260718_v2/methods/GraphST/shift_only/alpha_1.50/metadata.json,candidate_evidence,9400,f790252fe9425aa6257686d6c4c5360f98024e02ae87e5d6ba5a9bdda7ad7db0,study04
04,REPRO:04_batch_effect_removal/outputs/final_rerun_20260718_v2/methods/GraphST/shift_only/alpha_1.50/result.h5ad,candidate_payload,135515646,b7b5d7b8c0640e6d4a3f441cd110d6e79a404d0324efe30f233b31a1fc4c6832,study04
04,REPRO:04_batch_effect_removal/outputs/final_rerun_20260718_v2/methods/STAMP/diagonal_affine/alpha_0.25/cell_by_topic.csv,candidate_payload,1002277,36f1e102493b785ede7ccc7a06e892f73de7fff6f11f97b0037d35345fa42eb8,study04
04,REPRO:04_batch_effect_removal/outputs/final_rerun_20260718_v2/methods/STAMP/diagonal_affine/alpha_0.25/embeddings.npz,candidate_payload,304039,93b82ea75dc2d073884753682ff4c4c2c5b214ecd9b4eb4720812e5d0515fe49,study04
04,REPRO:04_batch_effect_removal/outputs/final_rerun_20260718_v2/methods/STAMP/diagonal_affine/alpha_0.25/metadata.json,candidate_evidence,15540,81742dd0b7f24435c8a19f5514c301db9e6a860616bce4d5f7ba99f979c8a5bb,study04
04,REPRO:04_batch_effect_removal/outputs/final_rerun_20260718_v2/methods/STAMP/diagonal_affine/alpha_0.25/result.h5ad,candidate_payload,6528743,95bc2c00d7c702db0c29be7edf98095a41491b9c86a11d5eaf51022725dede58,study04
04,REPRO:04_batch_effect_removal/outputs/final_rerun_20260718_v2/methods/STAMP/diagonal_affine/alpha_0.25/stamp_params.pt,candidate_payload,1447798,263ed342fc2f640fb2171b02d8d33325f29de9f8e7df9b2418073cf1d79ba344,study04
04,REPRO:04_batch_effect_removal/outputs/final_rerun_20260718_v2/methods/STAMP/diagonal_affine/alpha_0.50/cell_by_topic.csv,candidate_payload,1004966,c3f941136412ac1cdf437b8281533288af0c9a163e0534a87449ba36f5493f1f,study04
04,REPRO:04_batch_effect_removal/outputs/final_rerun_20260718_v2/methods/STAMP/diagonal_affine/alpha_0.50/embeddings.npz,candidate_payload,304039,a9956120d8739a692e7333b3953b156f19f0603215b32e52cc44f75197d7164b,study04
04,REPRO:04_batch_effect_removal/outputs/final_rerun_20260718_v2/methods/STAMP/diagonal_affine/alpha_0.50/metadata.json,candidate_evidence,15547,11428767c62b0c4067ced744ce6bd67fd24a9c9e62864298c7a9646e78120498,study04
04,REPRO:04_batch_effect_removal/outputs/final_rerun_20260718_v2/methods/STAMP/diagonal_affine/alpha_0.50/result.h5ad,candidate_payload,6296298,6dfa7eacb28fcf36beeeaddabc226503a0a225fd79aa0cf6c6714c9c1e2f7add,study04
04,REPRO:04_batch_effect_removal/outputs/final_rerun_20260718_v2/methods/STAMP/diagonal_affine/alpha_0.50/stamp_params.pt,candidate_payload,1447798,8945e1fffa8974e6d083c6463dc8c1f2c92caeb1a97bcd14fcdeb6e49fd6ea66,study04
04,REPRO:04_batch_effect_removal/outputs/final_rerun_20260718_v2/methods/STAMP/diagonal_affine/alpha_0.75/cell_by_topic.csv,candidate_payload,1002642,e0f4e91302b14368ba4ae80bcab90448f24b1f77c0d3a1cdb45ca0c3b4f2b36d,study04
04,REPRO:04_batch_effect_removal/outputs/final_rerun_20260718_v2/methods/STAMP/diagonal_affine/alpha_0.75/embeddings.npz,candidate_payload,304039,7b09d98d1ed530aa6765a0c61b7ad008f5b729b92eeac62076a0eae8f08b7064,study04
04,REPRO:04_batch_effect_removal/outputs/final_rerun_20260718_v2/methods/STAMP/diagonal_affine/alpha_0.75/metadata.json,candidate_evidence,16140,776640f21f80a7c89f5f78f2cac2ccfbeec97570df7bc76a5574d59c43c982ea,study04
04,REPRO:04_batch_effect_removal/outputs/final_rerun_20260718_v2/methods/STAMP/diagonal_affine/alpha_0.75/result.h5ad,candidate_payload,6090560,8285fa2992e477ee98f2c43490625fa1ac60bd5005b224b705c9629ec27c586f,study04
04,REPRO:04_batch_effect_removal/outputs/final_rerun_20260718_v2/methods/STAMP/diagonal_affine/alpha_0.75/stamp_params.pt,candidate_payload,1447798,9e1c8863149bdc124c1042a78ac7b5f46322ab4788c39876a9c9de446510e7a7,study04
04,REPRO:04_batch_effect_removal/outputs/final_rerun_20260718_v2/methods/STAMP/diagonal_affine/alpha_1.00/cell_by_topic.csv,candidate_payload,1002152,b47c7c03c4fec61c502510171dbf9fba1a25ec53abfd5ba4fe9c5bd710dd5e98,study04
04,REPRO:04_batch_effect_removal/outputs/final_rerun_20260718_v2/methods/STAMP/diagonal_affine/alpha_1.00/embeddings.npz,candidate_payload,304039,bafb4358ca1456e2bf9edf21f1fba3fa4cbfa3e9a9f0f345a3bed52ef96afaee,study04
04,REPRO:04_batch_effect_removal/outputs/final_rerun_20260718_v2/methods/STAMP/diagonal_affine/alpha_1.00/metadata.json,candidate_evidence,16138,04306724eaf40d584d600e7d40373913ad9359b460499b228a02a28d9104db48,study04
04,REPRO:04_batch_effect_removal/outputs/final_rerun_20260718_v2/methods/STAMP/diagonal_affine/alpha_1.00/result.h5ad,candidate_payload,5903405,b1e4b7fcdc0bbbc5a39d97a902cea669f170079f3a0beb3d05a16c3865ec4b94,study04
04,REPRO:04_batch_effect_removal/outputs/final_rerun_20260718_v2/methods/STAMP/diagonal_affine/alpha_1.00/stamp_params.pt,candidate_payload,1447798,f0044f1315634a03ce695effe31d945c94a87f4cf7bb723cea2b7e93ab1ebac3,study04
04,REPRO:04_batch_effect_removal/outputs/final_rerun_20260718_v2/methods/STAMP/diagonal_affine/alpha_1.25/cell_by_topic.csv,candidate_payload,1002087,43a269fbedd79d20da74cfb8379f73a797d7efbc84547b4b5d991c5a01281c24,study04
04,REPRO:04_batch_effect_removal/outputs/final_rerun_20260718_v2/methods/STAMP/diagonal_affine/alpha_1.25/embeddings.npz,candidate_payload,304039,13269a59c46b321dca6f7c8f89daa1115c4dbde2b25a5af74d6dc637a478e41f,study04
04,REPRO:04_batch_effect_removal/outputs/final_rerun_20260718_v2/methods/STAMP/diagonal_affine/alpha_1.25/metadata.json,candidate_evidence,16606,6d4330b7ed047da60dab80fe9ae5a7377e27cefec9f89794b8ecf7ea5263df90,study04
04,REPRO:04_batch_effect_removal/outputs/final_rerun_20260718_v2/methods/STAMP/diagonal_affine/alpha_1.25/result.h5ad,candidate_payload,5725148,75bde442e667f5e966f25927716366877293523188f57b582b27fa6f6d012e52,study04
04,REPRO:04_batch_effect_removal/outputs/final_rerun_20260718_v2/methods/STAMP/diagonal_affine/alpha_1.25/stamp_params.pt,candidate_payload,1447798,4d1b002a3fe55f4ed792bfad4b95c8559b0f769f26382b43a3664bf5f9d6817b,study04
04,REPRO:04_batch_effect_removal/outputs/final_rerun_20260718_v2/methods/STAMP/diagonal_affine/alpha_1.50/cell_by_topic.csv,candidate_payload,1001293,23ed771a435d19097b8685e66e350158cd9c21ce15423e5b3597876b06f51c0c,study04
04,REPRO:04_batch_effect_removal/outputs/final_rerun_20260718_v2/methods/STAMP/diagonal_affine/alpha_1.50/embeddings.npz,candidate_payload,304039,31266c6d1aa2a44cfed9f0a975fc43d7b40e1926be211ac508e9819c21ebf62f,study04
04,REPRO:04_batch_effect_removal/outputs/final_rerun_20260718_v2/methods/STAMP/diagonal_affine/alpha_1.50/metadata.json,candidate_evidence,17396,cd902f6587d32233794e770d87776a05b8879e94f70dfb122b59bfe9d7559e86,study04
04,REPRO:04_batch_effect_removal/outputs/final_rerun_20260718_v2/methods/STAMP/diagonal_affine/alpha_1.50/result.h5ad,candidate_payload,5558880,15d97269eea182d312e4e457a033888ea62fe63812c0b84c174e23bfdf723521,study04
04,REPRO:04_batch_effect_removal/outputs/final_rerun_20260718_v2/methods/STAMP/diagonal_affine/alpha_1.50/stamp_params.pt,candidate_payload,1447798,41cf1203b13397b4dc296bdd7238a8628f5dfe4c58438ddccab939dfa2e0a101,study04
04,REPRO:04_batch_effect_removal/outputs/final_rerun_20260718_v2/methods/STAMP/shift_only/alpha_0.25/cell_by_topic.csv,candidate_payload,1001851,320b8e0279f11b8f9277f805015647572ebc28680bbe580d0c1ff1405e3d8dd9,study04
04,REPRO:04_batch_effect_removal/outputs/final_rerun_20260718_v2/methods/STAMP/shift_only/alpha_0.25/embeddings.npz,candidate_payload,304039,cceb5eaf251541c100beab8cb1cacc05e58ecdd455907f2e297e1610e9167c66,study04
04,REPRO:04_batch_effect_removal/outputs/final_rerun_20260718_v2/methods/STAMP/shift_only/alpha_0.25/metadata.json,candidate_evidence,15497,0ae870b3dd9b41ae056295b36aa18575bdb9557ca6c8090b57ad7da714785edf,study04
04,REPRO:04_batch_effect_removal/outputs/final_rerun_20260718_v2/methods/STAMP/shift_only/alpha_0.25/result.h5ad,candidate_payload,6515927,8138658c33774aa355214205660c964b26615ae35953f412aacace10ed87a90a,study04
04,REPRO:04_batch_effect_removal/outputs/final_rerun_20260718_v2/methods/STAMP/shift_only/alpha_0.25/stamp_params.pt,candidate_payload,1447798,7024ec0e1c202c1c0edc254b3f40ea021bb646c3d349a0b2d61d002f1aebef0c,study04
04,REPRO:04_batch_effect_removal/outputs/final_rerun_20260718_v2/methods/STAMP/shift_only/alpha_0.50/cell_by_topic.csv,candidate_payload,1006306,1d375df287655b8b994f4cff70a9c64597a11569a312131c80e11a38a15aa577,study04
04,REPRO:04_batch_effect_removal/outputs/final_rerun_20260718_v2/methods/STAMP/shift_only/alpha_0.50/embeddings.npz,candidate_payload,304039,caba4db2f8fc58ea6797556302627d400044ab85d41d67f0778e1b8e97dbb8ab,study04
04,REPRO:04_batch_effect_removal/outputs/final_rerun_20260718_v2/methods/STAMP/shift_only/alpha_0.50/metadata.json,candidate_evidence,16099,f3aad4ef4078389197d73e6e6fe0d00561d21920c829c8c7aed9acee1c16a355,study04
04,REPRO:04_batch_effect_removal/outputs/final_rerun_20260718_v2/methods/STAMP/shift_only/alpha_0.50/result.h5ad,candidate_payload,6278852,19f6ef1d156d358f3c78923fcc49a748aa6d52b6e38332199247e5ddd4d7edfa,study04
04,REPRO:04_batch_effect_removal/outputs/final_rerun_20260718_v2/methods/STAMP/shift_only/alpha_0.50/stamp_params.pt,candidate_payload,1447798,102e03188fab40157d50e75ef28bdfdba320ec4d0aa6e6bab80690b9b3606eb3,study04
04,REPRO:04_batch_effect_removal/outputs/final_rerun_20260718_v2/methods/STAMP/shift_only/alpha_0.75/cell_by_topic.csv,candidate_payload,1002578,bb55b20a4dc3f619063853758fb636f8ee34277d435d21130f998bd49044e36d,study04
04,REPRO:04_batch_effect_removal/outputs/final_rerun_20260718_v2/methods/STAMP/shift_only/alpha_0.75/embeddings.npz,candidate_payload,304039,7293f563c125800269e8a1cb752c577e0b2a46bc0512e83daef5d330453c723c,study04
04,REPRO:04_batch_effect_removal/outputs/final_rerun_20260718_v2/methods/STAMP/shift_only/alpha_0.75/metadata.json,candidate_evidence,16094,f6660a1e1f7725a3a82f41fe8f197adc9dd05f527c4b830ee3285daeaf53b42f,study04
04,REPRO:04_batch_effect_removal/outputs/final_rerun_20260718_v2/methods/STAMP/shift_only/alpha_0.75/result.h5ad,candidate_payload,6073927,e00436cd572937b67a357b78bedff53b30167e41ec23b1de10aa14c390f7744d,study04
04,REPRO:04_batch_effect_removal/outputs/final_rerun_20260718_v2/methods/STAMP/shift_only/alpha_0.75/stamp_params.pt,candidate_payload,1447798,065479beadf2b9bc0feed8726f0a5096071b1eea1fe2d46ab146a456e147e89b,study04
04,REPRO:04_batch_effect_removal/outputs/final_rerun_20260718_v2/methods/STAMP/shift_only/alpha_1.00/cell_by_topic.csv,candidate_payload,1003911,4965a5e7543a756b61b6cbe61c4bcb6be4b77eca3fdd481eae9393dc89d7ce47,study04
04,REPRO:04_batch_effect_removal/outputs/final_rerun_20260718_v2/methods/STAMP/shift_only/alpha_1.00/embeddings.npz,candidate_payload,304039,bf47a54deb102e2296a1c7b4949d6b47d68f1fcc7d2f4e4a28882e495ea9ef82,study04
04,REPRO:04_batch_effect_removal/outputs/final_rerun_20260718_v2/methods/STAMP/shift_only/alpha_1.00/metadata.json,candidate_evidence,16096,3a57d348233e5aa8b07d1b7ed50a0d5eb16dc9daa0283fd7d5c726f21d909708,study04
04,REPRO:04_batch_effect_removal/outputs/final_rerun_20260718_v2/methods/STAMP/shift_only/alpha_1.00/result.h5ad,candidate_payload,5899098,1ec0379fbf4ee6cd4a3027a749090d2ae2101fc62e3bda7aa3369854b57cc62d,study04
04,REPRO:04_batch_effect_removal/outputs/final_rerun_20260718_v2/methods/STAMP/shift_only/alpha_1.00/stamp_params.pt,candidate_payload,1447798,42ffd3b480cfaa3278b9f5a9b807d1ea7386983ea907343c2160a51261cfcaca,study04
04,REPRO:04_batch_effect_removal/outputs/final_rerun_20260718_v2/methods/STAMP/shift_only/alpha_1.25/cell_by_topic.csv,candidate_payload,1003880,0814e9aa665e7c63fe5f3ab2a564a6f0e2d750ee44e9dc59a79a0222f5bcf359,study04
04,REPRO:04_batch_effect_removal/outputs/final_rerun_20260718_v2/methods/STAMP/shift_only/alpha_1.25/embeddings.npz,candidate_payload,304039,f3e067f2970cdece325905ffe0ef11bdbbe4e3563fbca0fc87b3933b233ab03d,study04
04,REPRO:04_batch_effect_removal/outputs/final_rerun_20260718_v2/methods/STAMP/shift_only/alpha_1.25/metadata.json,candidate_evidence,16091,6b21be803b51c38c858f83378bf9c5a31f0a83a5f5a3f991045e561efebb8211,study04
04,REPRO:04_batch_effect_removal/outputs/final_rerun_20260718_v2/methods/STAMP/shift_only/alpha_1.25/result.h5ad,candidate_payload,5733143,5aaf262e89c9b6d330f7d7b1d23c18445419624bb51d9e1d859cbe365bdeee46,study04
04,REPRO:04_batch_effect_removal/outputs/final_rerun_20260718_v2/methods/STAMP/shift_only/alpha_1.25/stamp_params.pt,candidate_payload,1447798,707d18303d73f720e8b036c0bee97ce3a6ec3801b7df1f3bf06f47f87d4505eb,study04
04,REPRO:04_batch_effect_removal/outputs/final_rerun_20260718_v2/methods/STAMP/shift_only/alpha_1.50/cell_by_topic.csv,candidate_payload,1002762,7b00e1f43d61c3171dd0490984963bc9ebc28d1a97f4813afc1452f09d774481,study04
04,REPRO:04_batch_effect_removal/outputs/final_rerun_20260718_v2/methods/STAMP/shift_only/alpha_1.50/embeddings.npz,candidate_payload,304039,19b17080443061428aab948404f2c46cfdeb208f7dbdcb5a7f265cd8a42f2bc3,study04
04,REPRO:04_batch_effect_removal/outputs/final_rerun_20260718_v2/methods/STAMP/shift_only/alpha_1.50/metadata.json,candidate_evidence,17887,056051509b01f8178bb25d58449cdcc61812bfe58e87d31acb09c4af5b708908,study04
04,REPRO:04_batch_effect_removal/outputs/final_rerun_20260718_v2/methods/STAMP/shift_only/alpha_1.50/result.h5ad,candidate_payload,5573909,627a78f2026800a9b0f593bb92f2b21536aa2832a136545375717a1566bbac6e,study04
04,REPRO:04_batch_effect_removal/outputs/final_rerun_20260718_v2/methods/STAMP/shift_only/alpha_1.50/stamp_params.pt,candidate_payload,1447798,afd48ff4457464494a4763f93ca85225ad3622436398402cddc60880a60e914b,study04
04,REPRO:04_batch_effect_removal/outputs/final_rerun_20260718_v2/methods/scVI/diagonal_affine/alpha_0.25/embeddings.npz,candidate_payload,318970,ce926066b499b39f08304eaa050984ea4425cc77d6ce6bd37919c5adf03e63af,study04
04,REPRO:04_batch_effect_removal/outputs/final_rerun_20260718_v2/methods/scVI/diagonal_affine/alpha_0.25/metadata.json,candidate_evidence,307747,344e25331d4ac5bb4defe07aba28eb03a88098fee7bf4061381f6341e95cb7e3,study04
04,REPRO:04_batch_effect_removal/outputs/final_rerun_20260718_v2/methods/scVI/diagonal_affine/alpha_0.25/model/model.pt,candidate_payload,5384538,f2ff080dad78c26d6bafd6d5a3e429db808b0e4c9c94e9e06654e53edfe6ab18,study04
04,REPRO:04_batch_effect_removal/outputs/final_rerun_20260718_v2/methods/scVI/diagonal_affine/alpha_0.25/result.h5ad,candidate_payload,64460114,f51871a5b10ea867fa5dbcaa34928117fc86ab4d4a30a2d27a8475be7982eefa,study04
04,REPRO:04_batch_effect_removal/outputs/final_rerun_20260718_v2/methods/scVI/diagonal_affine/alpha_0.50/embeddings.npz,candidate_payload,318970,0520043654047754c5a53643b7b36ad5e814b0570d144a650625d62b0dd2e228,study04
04,REPRO:04_batch_effect_removal/outputs/final_rerun_20260718_v2/methods/scVI/diagonal_affine/alpha_0.50/metadata.json,candidate_evidence,307668,e679bff7cbdc03428ef6a5149ebcc30042b0f70bc617bda781769396c3ea04e7,study04
04,REPRO:04_batch_effect_removal/outputs/final_rerun_20260718_v2/methods/scVI/diagonal_affine/alpha_0.50/model/model.pt,candidate_payload,5384538,bedb66a243f4bdcc840a93f8816ea6e8f7b80ace215555af38c7f6bea4e171f3,study04
04,REPRO:04_batch_effect_removal/outputs/final_rerun_20260718_v2/methods/scVI/diagonal_affine/alpha_0.50/result.h5ad,candidate_payload,63966433,f5ce5672dabb0f4a6281911ff4a1af472e8a23fd16303102715d395116535e6a,study04
04,REPRO:04_batch_effect_removal/outputs/final_rerun_20260718_v2/methods/scVI/diagonal_affine/alpha_0.75/embeddings.npz,candidate_payload,318970,5f2e179a07a7ed8e7bbd6a4ae6ea2a976567241b36563ea6512baf90d4fa2470,study04
04,REPRO:04_batch_effect_removal/outputs/final_rerun_20260718_v2/methods/scVI/diagonal_affine/alpha_0.75/metadata.json,candidate_evidence,307719,a2a15b97e559cb66b81ac0c6b7111bd2efbae38190b895cebaf346cca5b92f22,study04
04,REPRO:04_batch_effect_removal/outputs/final_rerun_20260718_v2/methods/scVI/diagonal_affine/alpha_0.75/model/model.pt,candidate_payload,5384538,43604c67fd5d4f712f6ba6d65c075fe318ede488ab8972326784947e1e9b840a,study04
04,REPRO:04_batch_effect_removal/outputs/final_rerun_20260718_v2/methods/scVI/diagonal_affine/alpha_0.75/result.h5ad,candidate_payload,63539865,48049827fa8fb71d9d2652c27685a391934dd722a7bc535ca8c33b899ecb12f8,study04
04,REPRO:04_batch_effect_removal/outputs/final_rerun_20260718_v2/methods/scVI/diagonal_affine/alpha_1.00/embeddings.npz,candidate_payload,318970,11dadbf9a2989c44313119ba84bfa0da1cce1f97fe43d6513828866ec63e9334,study04
04,REPRO:04_batch_effect_removal/outputs/final_rerun_20260718_v2/methods/scVI/diagonal_affine/alpha_1.00/metadata.json,candidate_evidence,233853,45708489a0ff8ceaa39a640af4fbf2e7319eeec41a8f48b257508f7f4f91f066,study04
04,REPRO:04_batch_effect_removal/outputs/final_rerun_20260718_v2/methods/scVI/diagonal_affine/alpha_1.00/model/model.pt,candidate_payload,5363930,9cd56395ef0844da2e34f9dea9aee10df1dfc1d587cf5f87e96b853872dd8af7,study04
04,REPRO:04_batch_effect_removal/outputs/final_rerun_20260718_v2/methods/scVI/diagonal_affine/alpha_1.00/result.h5ad,candidate_payload,63070295,51cef8a9ef6b00a7c767938ad7abc852783ab9e81cbb126a39e159152fe4fe71,study04
04,REPRO:04_batch_effect_removal/outputs/final_rerun_20260718_v2/methods/scVI/diagonal_affine/alpha_1.25/embeddings.npz,candidate_payload,318970,cc04b8449f4cb98647e9840c3790976a76f28611caaff4e54f9beaecc3d44c11,study04
04,REPRO:04_batch_effect_removal/outputs/final_rerun_20260718_v2/methods/scVI/diagonal_affine/alpha_1.25/metadata.json,candidate_evidence,245616,d3b728c96aeb1a78d3110df73525080d508641e7347421aa403d6eaf680bfc62,study04
04,REPRO:04_batch_effect_removal/outputs/final_rerun_20260718_v2/methods/scVI/diagonal_affine/alpha_1.25/model/model.pt,candidate_payload,5367194,10f6a7fdb6ff5067a99e61c8675b595ddd9f7f98747872a059da0f529fac543b,study04
04,REPRO:04_batch_effect_removal/outputs/final_rerun_20260718_v2/methods/scVI/diagonal_affine/alpha_1.25/result.h5ad,candidate_payload,62709887,1d79780603c2698d3f72d01e5a3d0406a44f5e0ae60859d6737e2dd807d8c83f,study04
04,REPRO:04_batch_effect_removal/outputs/final_rerun_20260718_v2/methods/scVI/diagonal_affine/alpha_1.50/embeddings.npz,candidate_payload,318970,1678913af7d53e1b5da7328f0257d40292ae65b825b622f88102ab7c2ad709ee,study04
04,REPRO:04_batch_effect_removal/outputs/final_rerun_20260718_v2/methods/scVI/diagonal_affine/alpha_1.50/metadata.json,candidate_evidence,208067,746b1a8cdc6bff3c62097e59f2eda9059628d06aa896baacb0871828f333c85e,study04
04,REPRO:04_batch_effect_removal/outputs/final_rerun_20260718_v2/methods/scVI/diagonal_affine/alpha_1.50/model/model.pt,candidate_payload,5356826,72dcc31ece96dd8bcfcdff1ad13c41742f8daa1b16fa8b766cba63fa76a9995b,study04
04,REPRO:04_batch_effect_removal/outputs/final_rerun_20260718_v2/methods/scVI/diagonal_affine/alpha_1.50/result.h5ad,candidate_payload,62280907,2260b3d4763f880f69681be0d5c286759111081cbc229058c5dced0d934fd2da,study04
04,REPRO:04_batch_effect_removal/outputs/final_rerun_20260718_v2/methods/scVI/shift_only/alpha_0.25/embeddings.npz,candidate_payload,318970,e87919ba6ca1ff2999deeb84edd54e8d46b5e35ae5bd3d1d79e6c987c069322d,study04
04,REPRO:04_batch_effect_removal/outputs/final_rerun_20260718_v2/methods/scVI/shift_only/alpha_0.25/metadata.json,candidate_evidence,307628,be1da7ae0c23334d65d2b1216f7c83d1703447bbbd31ca2a197d7c03c75f23c1,study04
04,REPRO:04_batch_effect_removal/outputs/final_rerun_20260718_v2/methods/scVI/shift_only/alpha_0.25/model/model.pt,candidate_payload,5384538,c459a7e130fff8cae97aed982fa1bc3d31af02286834a59c87afe925daa02ac0,study04
04,REPRO:04_batch_effect_removal/outputs/final_rerun_20260718_v2/methods/scVI/shift_only/alpha_0.25/result.h5ad,candidate_payload,64446820,7878ffb04345de1c443b25150c075d11413c509f690c61e9e4caead4d4483643,study04
04,REPRO:04_batch_effect_removal/outputs/final_rerun_20260718_v2/methods/scVI/shift_only/alpha_0.50/embeddings.npz,candidate_payload,318970,61d102cdbec9e899b5a513616babcca6c7b7a3ed79eb346445b2547cca4c95c4,study04
04,REPRO:04_batch_effect_removal/outputs/final_rerun_20260718_v2/methods/scVI/shift_only/alpha_0.50/metadata.json,candidate_evidence,307612,ccf8d91be102ec59d4f8261d669bbd142a1da09409bdbfedf84d5701f11fbd58,study04
04,REPRO:04_batch_effect_removal/outputs/final_rerun_20260718_v2/methods/scVI/shift_only/alpha_0.50/model/model.pt,candidate_payload,5384538,a342150fe6ed8738da977b7ba7d570a8e3e315ccb4ca47dc01c9e05a16595952,study04
04,REPRO:04_batch_effect_removal/outputs/final_rerun_20260718_v2/methods/scVI/shift_only/alpha_0.50/result.h5ad,candidate_payload,63961590,990a07e0f743e7795c1e19389f5f5ffd77b7cf2a9d62bbc27f6e4cf2e3c9b008,study04
04,REPRO:04_batch_effect_removal/outputs/final_rerun_20260718_v2/methods/scVI/shift_only/alpha_0.75/embeddings.npz,candidate_payload,318970,c24e4a3d6cf5eda76218840c7baacd1e1be3d375856e9e6fc66c498e348241d6,study04
04,REPRO:04_batch_effect_removal/outputs/final_rerun_20260718_v2/methods/scVI/shift_only/alpha_0.75/metadata.json,candidate_evidence,212449,42637a47ec5ed66b130368d6cd1a37f1219e34f9cc71b0d4b6f1e6b82033b98f,study04
04,REPRO:04_batch_effect_removal/outputs/final_rerun_20260718_v2/methods/scVI/shift_only/alpha_0.75/model/model.pt,candidate_payload,5358042,41e5fb2655f84d9b63e386f95ef0dfdb0a5396179b32462bb8909321b21d008b,study04
04,REPRO:04_batch_effect_removal/outputs/final_rerun_20260718_v2/methods/scVI/shift_only/alpha_0.75/result.h5ad,candidate_payload,63384658,51bf7659e96c33540359bae4ad0a0911a4b1450302a7bf4e022bf397a837d413,study04
04,REPRO:04_batch_effect_removal/outputs/final_rerun_20260718_v2/methods/scVI/shift_only/alpha_1.00/embeddings.npz,candidate_payload,318970,3fb84c64223d22b646312dcf664964e7af7b3ac49c96c56a528d762f1c3f99ff,study04
04,REPRO:04_batch_effect_removal/outputs/final_rerun_20260718_v2/methods/scVI/shift_only/alpha_1.00/metadata.json,candidate_evidence,205791,72cf4175d7916c7d5f0e21f650a9acd8dabada3c22988d99f78f7fa58c806d41,study04
04,REPRO:04_batch_effect_removal/outputs/final_rerun_20260718_v2/methods/scVI/shift_only/alpha_1.00/model/model.pt,candidate_payload,5356186,9f65afe624ebfcd00e53ab74c15e147bf28f0760b0c224eb781ac2d5acb4643d,study04
04,REPRO:04_batch_effect_removal/outputs/final_rerun_20260718_v2/methods/scVI/shift_only/alpha_1.00/result.h5ad,candidate_payload,63004996,3d6cce3f88a4520f55fb14af44a5ac23f35b43cfe46f9cd9a30dadf20f0565a8,study04
04,REPRO:04_batch_effect_removal/outputs/final_rerun_20260718_v2/methods/scVI/shift_only/alpha_1.25/embeddings.npz,candidate_payload,318970,c34d03798a56e0586bd3c55b20749bb057e328345db05146d4c1f13bda69dec0,study04
04,REPRO:04_batch_effect_removal/outputs/final_rerun_20260718_v2/methods/scVI/shift_only/alpha_1.25/metadata.json,candidate_evidence,181522,05a7c88d330b113faa2777c18fcd48f591ac1ff806381b9d2224c3e63fef09ba,study04
04,REPRO:04_batch_effect_removal/outputs/final_rerun_20260718_v2/methods/scVI/shift_only/alpha_1.25/model/model.pt,candidate_payload,5349146,543722f1356e5a558546f92c0c8301734b8e27259b88c05cc6d086a8ed31cf6f,study04
04,REPRO:04_batch_effect_removal/outputs/final_rerun_20260718_v2/methods/scVI/shift_only/alpha_1.25/result.h5ad,candidate_payload,62622917,284507e6998804b78cc923efd711b2536ea3e5c7e46100118fa422f98b1ca305,study04
04,REPRO:04_batch_effect_removal/outputs/final_rerun_20260718_v2/methods/scVI/shift_only/alpha_1.50/embeddings.npz,candidate_payload,318970,b82b2cbe87dd3b86a0806066e465586f761d2a3f0a8db6b87bb249b1cf050fe2,study04
04,REPRO:04_batch_effect_removal/outputs/final_rerun_20260718_v2/methods/scVI/shift_only/alpha_1.50/metadata.json,candidate_evidence,174710,bdfa2f7f3f7759f08a8ad6d13fee0e19ad22e16fc9ca4e9491a8b21dec538932,study04
04,REPRO:04_batch_effect_removal/outputs/final_rerun_20260718_v2/methods/scVI/shift_only/alpha_1.50/model/model.pt,candidate_payload,5347162,8d1b8f09b3eece0deeba5c78fa363e2b5c45b0604ec4289ea314ae2bde8c9744,study04
04,REPRO:04_batch_effect_removal/outputs/final_rerun_20260718_v2/methods/scVI/shift_only/alpha_1.50/result.h5ad,candidate_payload,62274351,ccc402ec0be1847744e9d357629595116367ca0309e6ffc21532967a9ac095ba,study04
04,REPRO:04_batch_effect_removal/outputs/final_rerun_20260718_v2/metrics/atomic_metrics.csv,candidate_evidence,140932,a6c78a602d4b0025628917d2c8a015cb7de19c962dfe14aedac8b333c18a4b2a,study04
04,REPRO:04_batch_effect_removal/outputs/final_rerun_20260718_v2/metrics/common_support_sensitivity.csv,candidate_evidence,9682,3990703e6224f760ddca62fde3293c7378215228a58fe93a21339642212b4a57,study04
04,REPRO:04_batch_effect_removal/outputs/final_rerun_20260718_v2/metrics/graphst_pca20_vs_pca10_sensitivity.csv,candidate_evidence,9423,fd370038b0f5938327fa80382d275445ecf585124fde81ca61bbace4552bc1f8,study04
04,REPRO:04_batch_effect_removal/outputs/final_rerun_20260718_v2/metrics/historical_composite_disposition.csv,noncanonical_evidence,713,55fb24680c41c752a7db04a0f41e5499ce09b5dff4c8760d92068828753e4b06,study04
04,REPRO:04_batch_effect_removal/outputs/final_rerun_20260718_v2/metrics/old_vs_new_atomic_metrics.csv,candidate_evidence,48496,d75f0e7b7bae57153f548124bc3bb5d41398f69b8721a288f90f8fe0b8529859,study04
04,REPRO:04_batch_effect_removal/outputs/final_rerun_20260718_v2/metrics/old_vs_new_simulation_hashes.csv,candidate_evidence,7815,520f2f0c2ebb37bf95e1eaba7d6636e95ad0bbca5d5e5903293ca03f95dcd272,study04
04,REPRO:04_batch_effect_removal/outputs/final_rerun_20260718_v2/metrics/primary_summary.csv,candidate_evidence,2926,575e4e1f5461734173faf43c3944becbbbad1a7b280c2a2ee8d2e55e773739f2,study04
04,REPRO:04_batch_effect_removal/outputs/final_rerun_20260718_v2/metrics/provenance.json,candidate_evidence,64068,9831a60a262fdeddf9716d98b0acacf1abfa69a4d03a61374dbf68cacc82245c,study04
04,REPRO:04_batch_effect_removal/outputs/final_rerun_20260718_v2/metrics/summary.json,candidate_evidence,1706,efb1617e3e5756641c9834749e4946e955af1cfd159423a999211db6241c2126,study04
04,REPRO:04_batch_effect_removal/outputs/final_rerun_20260718_v2/metrics/support_audit.csv,candidate_evidence,8535,f664b663c9522eeeebf3791eec9dd27b3fdae0490f2e2389e01de0d6ac013768,study04
04,REPRO:04_batch_effect_removal/outputs/final_rerun_20260718_v2/panel/genes.txt,candidate_evidence,13997,41a97ccfefdb8243d250da8c5e76a3a017ccfaa1768c04f59dcce92fa51b8d2d,study04
04,REPRO:04_batch_effect_removal/outputs/final_rerun_20260718_v2/panel/panel.csv,candidate_payload,46613,3c961e64bd2c6e4ff706e99fd8d3a6f77bebb3df3a14bf581167a08b9d095b5a,study04
04,REPRO:04_batch_effect_removal/outputs/final_rerun_20260718_v2/panel/provenance.json,candidate_evidence,2603,a0f3364eb3b822cac54ea148674c8f825a0927b465303b59936748ddeaf7a4b9,study04
04,REPRO:04_batch_effect_removal/outputs/final_rerun_20260718_v2/panel/support.csv,candidate_evidence,3433,73dfcd47480029b23d37ca96e090057ab6e5bc491db3d4bb95ac4ecc127e28fc,study04
04,REPRO:04_batch_effect_removal/outputs/final_rerun_20260718_v2/simulations/diagonal_affine/alpha_0.00.h5ad,candidate_payload,20257852,e40a7016fd871ac33aeff2b36b439f856c47b7971534757ca564bbb681083ddc,study04
04,REPRO:04_batch_effect_removal/outputs/final_rerun_20260718_v2/simulations/diagonal_affine/alpha_0.25.h5ad,candidate_payload,18014536,3b6bd245d57aaa2660f0221e04122fb8d9aa455d243bcc607f010d910f5b4e98,study04
04,REPRO:04_batch_effect_removal/outputs/final_rerun_20260718_v2/simulations/diagonal_affine/alpha_0.50.h5ad,candidate_payload,16069203,2152b846254ec4d4fc6e52c5c4ab1e221855b026704d0970697648114465ee4f,study04
04,REPRO:04_batch_effect_removal/outputs/final_rerun_20260718_v2/simulations/diagonal_affine/alpha_0.75.h5ad,candidate_payload,14380582,e0a899580c69834cd41215d0da1e901277812af229fd7b68194f2c258218be9d,study04
04,REPRO:04_batch_effect_removal/outputs/final_rerun_20260718_v2/simulations/diagonal_affine/alpha_1.00.h5ad,candidate_payload,13012395,1c4e741c42d72a0131e34c07cfb6aa44206fe96320caa53bb9eaadddab41013a,study04
04,REPRO:04_batch_effect_removal/outputs/final_rerun_20260718_v2/simulations/diagonal_affine/alpha_1.25.h5ad,candidate_payload,11764755,a618d5db0cb7caa552f66631091fa1fa885d3f667697ea26ce578c49318da4d8,study04
04,REPRO:04_batch_effect_removal/outputs/final_rerun_20260718_v2/simulations/diagonal_affine/alpha_1.50.h5ad,candidate_payload,10642699,8a1ffefd8238cc95bb65dd38d05abf8d8d0a6e7e9877ac474bb0d2c2fd773595,study04
04,REPRO:04_batch_effect_removal/outputs/final_rerun_20260718_v2/simulations/manifest.csv,candidate_evidence,5415,24219ef404d98df4454d754c85ef29ff07045d0c6f7b1ca5e81a5e8a2a6faadd,study04
04,REPRO:04_batch_effect_removal/outputs/final_rerun_20260718_v2/simulations/provenance.json,candidate_evidence,7580,87915474a6f2374b84fafe968eb8ec95648c600e3316e9b362e5266a59147110,study04
04,REPRO:04_batch_effect_removal/outputs/final_rerun_20260718_v2/simulations/shift_only/alpha_0.00.h5ad,candidate_payload,20257852,c1723e9355c36410b0ba4b9b8969fc6b620f50f5a1ac1f2a7abf515aa226d7a2,study04
04,REPRO:04_batch_effect_removal/outputs/final_rerun_20260718_v2/simulations/shift_only/alpha_0.25.h5ad,candidate_payload,17835692,96495cff013390fc5dfb8fb111a87870377114df550d11cf6b3fe4cd98d7a8b1,study04
04,REPRO:04_batch_effect_removal/outputs/final_rerun_20260718_v2/simulations/shift_only/alpha_0.50.h5ad,candidate_payload,15801828,7d25e50c3bcf9e34760b0417c593b6aa1797a22c8a8b7ed120299ca67b81f114,study04
04,REPRO:04_batch_effect_removal/outputs/final_rerun_20260718_v2/simulations/shift_only/alpha_0.75.h5ad,candidate_payload,14063804,b35043f3eed91e848ef1d4ee8a48986aad0d663fc3fc7a19f7f5bf0f9d9b0988,study04
04,REPRO:04_batch_effect_removal/outputs/final_rerun_20260718_v2/simulations/shift_only/alpha_1.00.h5ad,candidate_payload,12708368,ca233e73b644034a75b5a64cbb1f699a44452b9ce431a436c5bfc32a4dcfb1be,study04
04,REPRO:04_batch_effect_removal/outputs/final_rerun_20260718_v2/simulations/shift_only/alpha_1.25.h5ad,candidate_payload,11526712,8cd4950b660f98ad4b1ffba9bc2dff96e6d0311e7953133260481bd2b5d705d5,study04
04,REPRO:04_batch_effect_removal/outputs/final_rerun_20260718_v2/simulations/shift_only/alpha_1.50.h5ad,candidate_payload,10438556,53ae538a7f2f2f85e7c67f3f682ec7fe6836ef645c10fe5a965514e140926f6c,study04
04,REPRO:04_batch_effect_removal/outputs/final_rerun_20260718_v2/validation/manifest.csv,candidate_evidence,14399,f48b6c4d8284c6710d26ca352a715daee504178d9b19b12e3fd2b7a50066ce1d,study04
04,REPRO:04_batch_effect_removal/outputs/final_rerun_20260718_v2/validation/provenance.json,candidate_evidence,6368,03b3acf49c469c66b9eb367e7c615ea87598f553bd57bf86e2b46f665fb434fd,study04
04,REPRO:04_batch_effect_removal/outputs/final_rerun_20260718_v2/validation/summary.json,candidate_evidence,1430,3627e25181c64ed18c808a8aa82fc20c8dad1bc4b132e053e8c4fe2ff6215134,study04
publication,REPRO:PUBLICATION_MANIFEST.json,publication_evidence,11743,7271bb0e7396c4fe4fbf48929898add3e411538acb067b9d392b931c661cb441,publication_manifest
publication,REPRO:RUN_STATUS.md,publication_evidence,7535,d197dbc5a20b9d1e4ae570a47c7354b78912b204379657e88cd04300d3afc79b,run_status
publication,REPRO:publication/method_contract_v2/README.md,publication_evidence,3974,5821232ebdbceb2627d65c3e6c085ea6aa5960da6a04c7148b7d8c6ccfddcdd2,method_contract_v2
publication,REPRO:publication/method_contract_v2/configs/FEAST-ART-00-SIM-v2.json,publication_evidence,5835,f2a593e004d02d79bf37ad0fdad2324b62d86e4be054c18031c45057d90264a3,method_contract_v2
publication,REPRO:publication/method_contract_v2/configs/FEAST-ART-01-CLUSTER-v2.json,publication_evidence,6619,1a110b46d6022dc9f0c2df45c6cf69500077f19c4df8c08c4c032e450f1b8c6d,method_contract_v2
publication,REPRO:publication/method_contract_v2/configs/FEAST-ART-02-ALIGN-v2.json,publication_evidence,6030,9bd4db86dfbb890c9c4d70f3af7143b7ebb4469903ccec5d7b0b393560377cdb,method_contract_v2
publication,REPRO:publication/method_contract_v2/configs/FEAST-ART-03-DECONV-v2.json,publication_evidence,8541,e8eeb08157db8cebfb658c3b9ddcfb8a94248848000fd4996a53d9156395bbb8,method_contract_v2
publication,REPRO:publication/method_contract_v2/configs/FEAST-ART-04-2D-XSLICE-v2.json,publication_evidence,4541,523ebe90411eb09160513f94d43df5fe596c9ae25472ddd16810cccbb06b0522,method_contract_v2
publication,REPRO:publication/method_contract_v2/configs/FEAST-ART-05-3D-IMPUTE-v2.json,publication_evidence,5065,f4dc9f14a9940d83b854f0415a224da639cfcdb44852dbc13f3b8cf7a059df1c,method_contract_v2
publication,REPRO:publication/method_contract_v2/configs/FEAST-ART-06-DEVCCF-E15-v2.json,publication_evidence,5035,0464d916395f7fdc40ca34874d4dcfd93a751efe03adf1850640c2839453a076,method_contract_v2
publication,REPRO:publication/method_contract_v2/configs/FEAST-ART-08-BATCH-v2.json,publication_evidence,8623,cded1b35ce7d3910f2834339138620ac635020d6bf67b8fe86c0ee7343529b33,method_contract_v2
publication,REPRO:publication/method_contract_v2/validate_contract.py,publication_evidence,8292,28e4eab8028c402d143807b5969da5d046ae2356d19b5dde45f6a8ed5f058d6b,method_contract_v2
publication,REPRO:publication/method_contract_v2/workflow.schema.json,publication_evidence,1519,bab36f6ded1bd53e23309c5f3e514fa8f4bac502f439b3d2f47a151c2105736b,method_contract_v2
publication,REPRO:publication/outputs/final_gate_20260719_v2/SUMMARY.md,publication_evidence,973,4e930ac6e35c7674e03f83ce69b46090c54ceb9fed66841422acc5bc307f69e3,test_evidence
publication,REPRO:publication/outputs/final_gate_20260719_v2/completed_at_utc.txt,publication_evidence,21,b26d5c2665a44d6caba5a386a8424f952e9e80fe851d441fbaf2a1aef8e467ed,test_evidence
publication,REPRO:publication/outputs/final_gate_20260719_v2/dist/feast_py-1.0.2-py3-none-any.whl,publication_evidence,121003,10ab398c68b34bd8ed3bd1fe5831cebc982eb76c6736a68a722664955b764a2d,build_evidence
publication,REPRO:publication/outputs/final_gate_20260719_v2/dist/feast_py-1.0.2.tar.gz,publication_evidence,128959,8ba0a53b16ae9afbc9550e287306fb40cd402464527e5f0819773ae427dfbac2,build_evidence
publication,REPRO:publication/outputs/final_gate_20260719_v2/docs_html/.buildinfo,publication_evidence,231,fd2cc5b4f3b9fcd15ea61a60624ae253775f550e84d7ee8deebeb70597421d03,test_evidence
publication,REPRO:publication/outputs/final_gate_20260719_v2/docs_html/_modules/FEAST.html,publication_evidence,56882,d6c8db9e301fa33662d65b33aaaacbea6eabc5dfd66d3dac2d034d42b43ca422,test_evidence
publication,REPRO:publication/outputs/final_gate_20260719_v2/docs_html/_modules/FEAST/FEAST_core/parameter_cloud.html,publication_evidence,267270,4d512887a912b52f7f356ecfc41d5798fc7f3e683c0b7ce6e0b8bfa58d38bc0a,test_evidence
publication,REPRO:publication/outputs/final_gate_20260719_v2/docs_html/_modules/FEAST/FEAST_core/simulator.html,publication_evidence,170467,698aa60c7647a1607c3e7b28a12de8142d613c7b56b0f4624e1b658acb49f6ee,test_evidence
publication,REPRO:publication/outputs/final_gate_20260719_v2/docs_html/_modules/FEAST/FEAST_core/theta_transform.html,publication_evidence,19316,5b237241773a4b308e168f8ff6a69333f78f2ccfa44881e954f02990b1a40e30,test_evidence
publication,REPRO:publication/outputs/final_gate_20260719_v2/docs_html/_modules/FEAST/de_novo/conditional.html,publication_evidence,255480,59b8937b6d8d2e7673ab71a634dbd2b0a5370dedad735b25444e4d13b1ae594a,test_evidence
publication,REPRO:publication/outputs/final_gate_20260719_v2/docs_html/_modules/FEAST/de_novo/core.html,publication_evidence,57027,4e8f5b3c4df8a3f9a2dad6401f9620751029ae9b1fddafcf38e4418e91aef6f6,test_evidence
publication,REPRO:publication/outputs/final_gate_20260719_v2/docs_html/_modules/FEAST/de_novo/stack.html,publication_evidence,52764,19abbc4e21686640adf48300802742abebaa5e145cd981385934571dc201f46f,test_evidence
publication,REPRO:publication/outputs/final_gate_20260719_v2/docs_html/_modules/FEAST/de_novo/transport.html,publication_evidence,70651,1163a9cdd5c14b56dece2a9bdb4c0c9ac0b4877373ed4d3b8a997f8f13ae495d,test_evidence
publication,REPRO:publication/outputs/final_gate_20260719_v2/docs_html/_modules/FEAST/de_novo/z_regularize.html,publication_evidence,58996,33c5467a899ed17c06e19a5e689f081f4d11f5a05b582821d88001f7af2c2b4e,test_evidence
publication,REPRO:publication/outputs/final_gate_20260719_v2/docs_html/_modules/FEAST/de_novo/z_spot_smooth.html,publication_evidence,113528,775c2ffb830558ac2bd6d42dd75ca693174f9c625c4576742a9dbe897654f6a5,test_evidence
publication,REPRO:publication/outputs/final_gate_20260719_v2/docs_html/_modules/FEAST/deconvolution/deconvolution_simulator.html,publication_evidence,60675,f52719defaf0ef2645917518ac7c05e27ce6d943970fca0eafa6698aa6aab1e4,test_evidence
publication,REPRO:publication/outputs/final_gate_20260719_v2/docs_html/_modules/index.html,publication_evidence,11247,2a0779567e630188999642d105962cebf49dffbeaeb29f30f9d173190438b8c0,test_evidence
publication,REPRO:publication/outputs/final_gate_20260719_v2/docs_html/_sources/api.rst.txt,publication_evidence,1979,dfbf6641ad22e93b9fb7347f61d40dc0e1621a49854793ea81006052cad93db3,test_evidence
publication,REPRO:publication/outputs/final_gate_20260719_v2/docs_html/_sources/index.rst.txt,publication_evidence,1405,b0c54f1344db13cbd2f7b092b22063601885914405aef348938bcc20b41b9dfc,test_evidence
publication,REPRO:publication/outputs/final_gate_20260719_v2/docs_html/_sources/installation.rst.txt,publication_evidence,1477,d66f12a4c7aa3b50cece5053f8e355defd1bec87acf0573806b195bef32ce56b,test_evidence
publication,REPRO:publication/outputs/final_gate_20260719_v2/docs_html/_sources/tutorials.rst.txt,publication_evidence,4792,edb9637b7dc6af9c288b59a90343d993034d51bd6a246443f688dc9741c984dd,test_evidence
publication,REPRO:publication/outputs/final_gate_20260719_v2/docs_html/_static/_sphinx_javascript_frameworks_compat.js,publication_evidence,4289,480a2c7377252c14a11bca4d3a49dfa16ea540a998fa637fae0189aee1b89113,test_evidence
publication,REPRO:publication/outputs/final_gate_20260719_v2/docs_html/_static/basic.css,publication_evidence,14685,656ff1bacd6f260fc7d71b97f9c2f1fcbf692dc84bf469cd952034efcb9eefed,test_evidence
publication,REPRO:publication/outputs/final_gate_20260719_v2/docs_html/_static/css/badge_only.css,publication_evidence,3329,f1399e4fc48c3ff17b5037d3512fcc451fb0abc2c95b4b8d12aab50cdd9d1d6f,test_evidence
publication,REPRO:publication/outputs/final_gate_20260719_v2/docs_html/_static/css/fonts/Roboto-Slab-Bold.woff,publication_evidence,87624,9fec87cadbe2413b255f1ec577573a83f1ca2e1c37aa023dbebcd3a7b864636a,test_evidence
publication,REPRO:publication/outputs/final_gate_20260719_v2/docs_html/_static/css/fonts/Roboto-Slab-Bold.woff2,publication_evidence,67312,1a0c024dd1a267c52d5575469ffe8570d1e84164de7d393cf3414bafd17d7a0c,test_evidence
publication,REPRO:publication/outputs/final_gate_20260719_v2/docs_html/_static/css/fonts/Roboto-Slab-Regular.woff,publication_evidence,86288,9f32630e2c0c5135bf1e86e36cb65b3932e4410644235bc2bd995e9c7f6ff117,test_evidence
publication,REPRO:publication/outputs/final_gate_20260719_v2/docs_html/_static/css/fonts/Roboto-Slab-Regular.woff2,publication_evidence,66444,874e42222856d7af03b3f438d21d923a4280d47fe67c48510e2174a1579795ef,test_evidence
publication,REPRO:publication/outputs/final_gate_20260719_v2/docs_html/_static/css/fonts/fontawesome-webfont.eot,publication_evidence,165742,7bfcab6db99d5cfbf1705ca0536ddc78585432cc5fa41bbd7ad0f009033b2979,test_evidence
publication,REPRO:publication/outputs/final_gate_20260719_v2/docs_html/_static/css/fonts/fontawesome-webfont.svg,publication_evidence,444379,ad6157926c1622ba4e1d03d478f1541368524bfc46f51e42fe0d945f7ef323e4,test_evidence
publication,REPRO:publication/outputs/final_gate_20260719_v2/docs_html/_static/css/fonts/fontawesome-webfont.ttf,publication_evidence,165548,aa58f33f239a0fb02f5c7a6c45c043d7a9ac9a093335806694ecd6d4edc0d6a8,test_evidence
publication,REPRO:publication/outputs/final_gate_20260719_v2/docs_html/_static/css/fonts/fontawesome-webfont.woff,publication_evidence,98024,ba0c59deb5450f5cb41b3f93609ee2d0d995415877ddfa223e8a8a7533474f07,test_evidence
publication,REPRO:publication/outputs/final_gate_20260719_v2/docs_html/_static/css/fonts/fontawesome-webfont.woff2,publication_evidence,77160,2adefcbc041e7d18fcf2d417879dc5a09997aa64d675b7a3c4b6ce33da13f3fe,test_evidence
publication,REPRO:publication/outputs/final_gate_20260719_v2/docs_html/_static/css/fonts/lato-bold-italic.woff,publication_evidence,323344,980c8592e5488df256192c999e92db8fd302db8cd8909b7fa266a684e37e45f8,test_evidence
publication,REPRO:publication/outputs/final_gate_20260719_v2/docs_html/_static/css/fonts/lato-bold-italic.woff2,publication_evidence,193308,c0916a33340d063f7b05679e08031e729d1888444706f04804705da5966d895d,test_evidence
publication,REPRO:publication/outputs/final_gate_20260719_v2/docs_html/_static/css/fonts/lato-bold.woff,publication_evidence,309728,0e56b17d142eb366c8007031d14e34da48c70b4a9d9a0ca492e696a7bae45e1e,test_evidence
publication,REPRO:publication/outputs/final_gate_20260719_v2/docs_html/_static/css/fonts/lato-bold.woff2,publication_evidence,184912,ae88fc0d7a961832f809527d30bd3983a6866d42f66a56ade23f543681594db6,test_evidence
publication,REPRO:publication/outputs/final_gate_20260719_v2/docs_html/_static/css/fonts/lato-normal-italic.woff,publication_evidence,328412,26318a1467a5e5caf10b04cfa942d079632560cd7a29cec565fd1dc9f7ec5081,test_evidence
publication,REPRO:publication/outputs/final_gate_20260719_v2/docs_html/_static/css/fonts/lato-normal-italic.woff2,publication_evidence,195704,4465765f2f6eddcdad34ffd7cab559e56bc0e75e45e192f85e9562b0771481dc,test_evidence
publication,REPRO:publication/outputs/final_gate_20260719_v2/docs_html/_static/css/fonts/lato-normal.woff,publication_evidence,309192,5b9025dda4d7688e3311b0c17eddc501133b807def33effaef6593843cf5416e,test_evidence
publication,REPRO:publication/outputs/final_gate_20260719_v2/docs_html/_static/css/fonts/lato-normal.woff2,publication_evidence,182708,983b0caf336e8542214fc17019a4fc5e0360864b92806ca14d55c1fc1c2c5a0f,test_evidence
publication,REPRO:publication/outputs/final_gate_20260719_v2/docs_html/_static/css/theme.css,publication_evidence,137285,17c556bc5f2b93a5fb4aa22a2706da52076f6d73f8ef4a6e1673dd4132a2ad68,test_evidence
publication,REPRO:publication/outputs/final_gate_20260719_v2/docs_html/_static/custom.css,publication_evidence,31,57d4f5ca686551ad4167ccd380e0306b5e5d9aea3825cd98441fadc67211c255,test_evidence
publication,REPRO:publication/outputs/final_gate_20260719_v2/docs_html/_static/doctools.js,publication_evidence,4322,2992c09df91826a8d33e3b48b645ee77e457adcf7c712d776a814e1e2c448b43,test_evidence
publication,REPRO:publication/outputs/final_gate_20260719_v2/docs_html/_static/documentation_options.js,publication_evidence,328,e279e88203d33ddcbfcc5584d549126b1c94e86304a2bff7d73252fd94a99596,test_evidence
publication,REPRO:publication/outputs/final_gate_20260719_v2/docs_html/_static/file.png,publication_evidence,286,5c4bc9a16aebf38c4b950f59b8e501ca36495328cb9eb622218bce9064a35e3e,test_evidence
publication,REPRO:publication/outputs/final_gate_20260719_v2/docs_html/_static/fonts/Lato/lato-bold.eot,publication_evidence,256056,b91fc1ca55df440dc11354b32a39b45db663d24bb17b16dcb2e706330955b0d1,test_evidence
publication,REPRO:publication/outputs/final_gate_20260719_v2/docs_html/_static/fonts/Lato/lato-bold.ttf,publication_evidence,600856,f71f833c099f450606f8107b83ef208ae918c0ea00779466d45e9be96b0bc7cc,test_evidence
publication,REPRO:publication/outputs/final_gate_20260719_v2/docs_html/_static/fonts/Lato/lato-bold.woff,publication_evidence,309728,0e56b17d142eb366c8007031d14e34da48c70b4a9d9a0ca492e696a7bae45e1e,test_evidence
publication,REPRO:publication/outputs/final_gate_20260719_v2/docs_html/_static/fonts/Lato/lato-bold.woff2,publication_evidence,184912,ae88fc0d7a961832f809527d30bd3983a6866d42f66a56ade23f543681594db6,test_evidence
publication,REPRO:publication/outputs/final_gate_20260719_v2/docs_html/_static/fonts/Lato/lato-bolditalic.eot,publication_evidence,266158,b3d585879a02f48c5d43d8f91d06b167e367a31934bb3b8147c0a90b5ca32bfc,test_evidence
publication,REPRO:publication/outputs/final_gate_20260719_v2/docs_html/_static/fonts/Lato/lato-bolditalic.ttf,publication_evidence,622572,f98d040631714eabffd0ffb747576674fa78c2910f6d9e3dc0c58481d03c1898,test_evidence
publication,REPRO:publication/outputs/final_gate_20260719_v2/docs_html/_static/fonts/Lato/lato-bolditalic.woff,publication_evidence,323344,980c8592e5488df256192c999e92db8fd302db8cd8909b7fa266a684e37e45f8,test_evidence
publication,REPRO:publication/outputs/final_gate_20260719_v2/docs_html/_static/fonts/Lato/lato-bolditalic.woff2,publication_evidence,193308,c0916a33340d063f7b05679e08031e729d1888444706f04804705da5966d895d,test_evidence
publication,REPRO:publication/outputs/final_gate_20260719_v2/docs_html/_static/fonts/Lato/lato-italic.eot,publication_evidence,268604,bc24dbe04f5b2415678f978e7e2f630cc6610670d684e088e73ad29c439eafe3,test_evidence
publication,REPRO:publication/outputs/final_gate_20260719_v2/docs_html/_static/fonts/Lato/lato-italic.ttf,publication_evidence,639388,12d825af88eafea1ce3aa469f83c03acaecd0d03f690f409c8643529f1205b4f,test_evidence
publication,REPRO:publication/outputs/final_gate_20260719_v2/docs_html/_static/fonts/Lato/lato-italic.woff,publication_evidence,328412,26318a1467a5e5caf10b04cfa942d079632560cd7a29cec565fd1dc9f7ec5081,test_evidence
publication,REPRO:publication/outputs/final_gate_20260719_v2/docs_html/_static/fonts/Lato/lato-italic.woff2,publication_evidence,195704,4465765f2f6eddcdad34ffd7cab559e56bc0e75e45e192f85e9562b0771481dc,test_evidence
publication,REPRO:publication/outputs/final_gate_20260719_v2/docs_html/_static/fonts/Lato/lato-regular.eot,publication_evidence,253461,e735410675eacc363b257112f39eb819a854b03077d7b1f0caa6e7660ffbd8b3,test_evidence
publication,REPRO:publication/outputs/final_gate_20260719_v2/docs_html/_static/fonts/Lato/lato-regular.ttf,publication_evidence,607720,089ab6d4a57e0e6c4dd3b681b6fd50a5184f1b902429d35e1227e52d6ccad1bd,test_evidence
publication,REPRO:publication/outputs/final_gate_20260719_v2/docs_html/_static/fonts/Lato/lato-regular.woff,publication_evidence,309192,5b9025dda4d7688e3311b0c17eddc501133b807def33effaef6593843cf5416e,test_evidence
publication,REPRO:publication/outputs/final_gate_20260719_v2/docs_html/_static/fonts/Lato/lato-regular.woff2,publication_evidence,182708,983b0caf336e8542214fc17019a4fc5e0360864b92806ca14d55c1fc1c2c5a0f,test_evidence
publication,REPRO:publication/outputs/final_gate_20260719_v2/docs_html/_static/fonts/RobotoSlab/roboto-slab-v7-bold.eot,publication_evidence,79520,4438991a12ff951cc8d0e83348ec06d9f910591b1b014c476e9595d4da099e48,test_evidence
publication,REPRO:publication/outputs/final_gate_20260719_v2/docs_html/_static/fonts/RobotoSlab/roboto-slab-v7-bold.ttf,publication_evidence,170616,ba12d2eab1fa765b6b05398fa7e047dd76293f0c051ce57a8f7b0c591c14d42b,test_evidence
publication,REPRO:publication/outputs/final_gate_20260719_v2/docs_html/_static/fonts/RobotoSlab/roboto-slab-v7-bold.woff,publication_evidence,87624,9fec87cadbe2413b255f1ec577573a83f1ca2e1c37aa023dbebcd3a7b864636a,test_evidence
publication,REPRO:publication/outputs/final_gate_20260719_v2/docs_html/_static/fonts/RobotoSlab/roboto-slab-v7-bold.woff2,publication_evidence,67312,1a0c024dd1a267c52d5575469ffe8570d1e84164de7d393cf3414bafd17d7a0c,test_evidence
publication,REPRO:publication/outputs/final_gate_20260719_v2/docs_html/_static/fonts/RobotoSlab/roboto-slab-v7-regular.eot,publication_evidence,78331,b3809b71d417c6c225e77a55880aa7915b4e4b4f77a5e2d243f3563731e7f55c,test_evidence
publication,REPRO:publication/outputs/final_gate_20260719_v2/docs_html/_static/fonts/RobotoSlab/roboto-slab-v7-regular.ttf,publication_evidence,169064,13aa5f54c6f2fa2e388fe0e675cdbcc6a81f6270a8bf9c03a5df8af9cb022810,test_evidence
publication,REPRO:publication/outputs/final_gate_20260719_v2/docs_html/_static/fonts/RobotoSlab/roboto-slab-v7-regular.woff,publication_evidence,86288,9f32630e2c0c5135bf1e86e36cb65b3932e4410644235bc2bd995e9c7f6ff117,test_evidence
publication,REPRO:publication/outputs/final_gate_20260719_v2/docs_html/_static/fonts/RobotoSlab/roboto-slab-v7-regular.woff2,publication_evidence,66444,874e42222856d7af03b3f438d21d923a4280d47fe67c48510e2174a1579795ef,test_evidence
publication,REPRO:publication/outputs/final_gate_20260719_v2/docs_html/_static/jquery.js,publication_evidence,89501,ff1523fb7389539c84c65aba19260648793bb4f5e29329d2ee8804bc37a3fe6e,test_evidence
publication,REPRO:publication/outputs/final_gate_20260719_v2/docs_html/_static/js/badge_only.js,publication_evidence,934,f0a4808d04c4d55378751ac096a8376b64b1a704c82584b0ee590212cf413013,test_evidence
publication,REPRO:publication/outputs/final_gate_20260719_v2/docs_html/_static/js/theme.js,publication_evidence,5023,536ad2d746e944c5570cc15badaeccc3c0582a1b66e45511fe4edce32b6da510,test_evidence
publication,REPRO:publication/outputs/final_gate_20260719_v2/docs_html/_static/js/versions.js,publication_evidence,6978,0998cc5239113cb6009ab1730e24ede85673759810ee8fb1e2f912305282a4aa,test_evidence
publication,REPRO:publication/outputs/final_gate_20260719_v2/docs_html/_static/language_data.js,publication_evidence,4598,3bc311563b7fc5e80fcab2f8629774bf3cb6b30202000df36dff8e695a9023b7,test_evidence
publication,REPRO:publication/outputs/final_gate_20260719_v2/docs_html/_static/minus.png,publication_evidence,90,47e7fc50db3699f1ca41ce9a2ffa202c00c5d1d5180c55f62ba859b1bd6cc008,test_evidence
publication,REPRO:publication/outputs/final_gate_20260719_v2/docs_html/_static/plus.png,publication_evidence,90,54115199b96a130cba02147c47c0deb43dcc9b9f08b5162bba8642b34980ac63,test_evidence
publication,REPRO:publication/outputs/final_gate_20260719_v2/docs_html/_static/pygments.css,publication_evidence,4848,1391123c90891f96f975870647f0b2c364fbfda7cd9e9b02bbd84f2077608034,test_evidence
publication,REPRO:publication/outputs/final_gate_20260719_v2/docs_html/_static/searchtools.js,publication_evidence,21782,371b49c7f094b525244e2a59d7809a6b946fc1c8791201d10dda1dd191133bb7,test_evidence
publication,REPRO:publication/outputs/final_gate_20260719_v2/docs_html/_static/sphinx_highlight.js,publication_evidence,5123,096231e9c87df80ec3273da9c5b71bc81503206726a07a4dd4de44c256ff859c,test_evidence
publication,REPRO:publication/outputs/final_gate_20260719_v2/docs_html/api.html,publication_evidence,101930,c16fcec43d166b214b258a6809f8439bb02ef15cd0ad96fe8281eb872a8d8845,test_evidence
publication,REPRO:publication/outputs/final_gate_20260719_v2/docs_html/genindex.html,publication_evidence,15022,6fb26625868e0aab54321e8485e23c55d5243a6e07b9b4cf613b4e195d3d4db7,test_evidence
publication,REPRO:publication/outputs/final_gate_20260719_v2/docs_html/index.html,publication_evidence,15042,47a7ab143a165f2a3cd5ca3ae8a491adb9640e95e5a2589c3804a5bee96cc260,test_evidence
publication,REPRO:publication/outputs/final_gate_20260719_v2/docs_html/installation.html,publication_evidence,14278,3d5f7ebb0c49970947b4feffd5f0dd45e3c92959a60aea88a8e09e99c5454c62,test_evidence
publication,REPRO:publication/outputs/final_gate_20260719_v2/docs_html/objects.inv,publication_evidence,676,636ac37840e4ec8a07aadb39810c43cbb65f797476079b47258baa9e0fbda4bf,test_evidence
publication,REPRO:publication/outputs/final_gate_20260719_v2/docs_html/search.html,publication_evidence,10550,649b8e28019bf4e1f3320dddebbcfe4b2045690a3ece6d2cb4c4d047b627308f,test_evidence
publication,REPRO:publication/outputs/final_gate_20260719_v2/docs_html/searchindex.js,publication_evidence,15707,3c2b96728b6a6525079b18d73603a6b69aaa4abbc74d90017c8f1161a2459797,test_evidence
publication,REPRO:publication/outputs/final_gate_20260719_v2/docs_html/tutorials.html,publication_evidence,25107,2f61aa25511962da8b1d1a85931c4c5c5894a582d66efbfd621d7646ca60b9ca,test_evidence
publication,REPRO:publication/outputs/final_gate_20260719_v2/evidence_hashes.sha256,publication_evidence,25015,09f7f45d5142c342799fd20e2190e16df87f03f37003b71d603cfc7444487653,test_evidence
publication,REPRO:publication/outputs/final_gate_20260719_v2/expected_publication_release_checklist.sha256,publication_evidence,65,26f5ecdfdfcdb670159e14cba54ffe62030233c3f8768d9c42c20e01ccfd0cf7,test_evidence
publication,REPRO:publication/outputs/final_gate_20260719_v2/expected_scientific_disposition.sha256,publication_evidence,65,26b5d0b3af8a15f8b290ebd52a89940d37c7fd968ab9523f328786c6461a393b,test_evidence
publication,REPRO:publication/outputs/final_gate_20260719_v2/gate_summary.json,publication_evidence,4693,0c73788b1ea02a3fd7da3e1c7e8c0f9a3a7b245339c648cc6e564e0078bcd658,test_evidence
publication,REPRO:publication/outputs/final_gate_20260719_v2/host_uname.txt,publication_evidence,152,9289039af6bcc59adf58500446fb29e1cc5ab870e4feb77fc03e54d06ebf2b79,test_evidence
publication,REPRO:publication/outputs/final_gate_20260719_v2/logs/build_distributions.log,publication_evidence,22445,20d827ac05f0d2e0f3f6485da52305896fd0892f18f349ca2f34cce2fd620a48,test_evidence
publication,REPRO:publication/outputs/final_gate_20260719_v2/logs/source_tests.log,publication_evidence,4875,5349aa506742dfae1b8ccbad9a878fd94a04eac82299b4f7dde58089d967b3d5,test_evidence
publication,REPRO:publication/outputs/final_gate_20260719_v2/logs/sphinx_strict.log,publication_evidence,2996,b59eb6acaad3a257c2fa0acb7d9dc084c9bdf9d2efbd654f4bf7e16cd07e29e5,test_evidence
publication,REPRO:publication/outputs/final_gate_20260719_v2/logs/supported_pip_check.log,publication_evidence,30,9261363b733079a641c2e4cc9bc46ffa1d8336945a87f807b6cf68847dbc9b09,test_evidence
publication,REPRO:publication/outputs/final_gate_20260719_v2/logs/twine_check.log,publication_evidence,264,317ad08526fbeec9d2ceffcbfffd50ed03d18c17dd1b8086e7865a11390db067,test_evidence
publication,REPRO:publication/outputs/final_gate_20260719_v2/logs/validate_gate.log,publication_evidence,792,27bc41be201c9d391ddad4e4b975a1e7cd6a61c29c5eef563d0347618654fd20,test_evidence
publication,REPRO:publication/outputs/final_gate_20260719_v2/logs/wheel_import.log,publication_evidence,124,580024681f9f8661247dab376c22fce24d76bf55aad37287a6a18c9e600516be,test_evidence
publication,REPRO:publication/outputs/final_gate_20260719_v2/logs/wheel_install.log,publication_evidence,455,cecd0483a51f59d31b6cc4fdfcf993d209b28cc98ea57ce4143ee69245b25216,test_evidence
publication,REPRO:publication/outputs/final_gate_20260719_v2/logs/wheel_pip_check.log,publication_evidence,30,9261363b733079a641c2e4cc9bc46ffa1d8336945a87f807b6cf68847dbc9b09,test_evidence
publication,REPRO:publication/outputs/final_gate_20260719_v2/logs/wheel_tests.log,publication_evidence,4875,ea2db88d2d61b88338664a56fc681a5108f0f533d62d1caf0246d8d3de9b135a,test_evidence
publication,REPRO:publication/outputs/final_gate_20260719_v2/logs/wheel_venv.log,publication_evidence,0,e3b0c44298fc1c149afbf4c8996fb92427ae41e4649b934ca495991b7852b855,test_evidence
publication,REPRO:publication/outputs/final_gate_20260719_v2/publication_release_checklist.sha256,publication_evidence,65,26f5ecdfdfcdb670159e14cba54ffe62030233c3f8768d9c42c20e01ccfd0cf7,test_evidence
publication,REPRO:publication/outputs/final_gate_20260719_v2/run_gate.sh,publication_evidence,10147,49d0e7408fdc718f5b54098310c24677925255d2ad08469220f25ba38d78e4de,test_evidence
publication,REPRO:publication/outputs/final_gate_20260719_v2/scientific_disposition.sha256,publication_evidence,65,26b5d0b3af8a15f8b290ebd52a89940d37c7fd968ab9523f328786c6461a393b,test_evidence
publication,REPRO:publication/outputs/final_gate_20260719_v2/snapshot_inputs.sha256,publication_evidence,38294,372ce340c6ac2582d85709a5316d0fe0166ec797754995d9c1861618abba653a,test_evidence
publication,REPRO:publication/outputs/final_gate_20260719_v2/source_git_commit.txt,publication_evidence,41,03a7880b659fa93edd59c9b39ccc0fd8af72f76d48f15876a2241217ff93ccd2,test_evidence
publication,REPRO:publication/outputs/final_gate_20260719_v2/source_git_describe.txt,publication_evidence,25,6846e077816b68bc3aa8f4451c41594a88f24fca6ee3d55a2f3bc5f4fe4bc127,test_evidence
publication,REPRO:publication/outputs/final_gate_20260719_v2/source_git_diff_stat_before.txt,publication_evidence,426,04b113d897d4f2a7dc74dfa9036df75dadc22c21369bff78cbe6056dcbdb489a,test_evidence
publication,REPRO:publication/outputs/final_gate_20260719_v2/source_git_status_after.txt,publication_evidence,305,69f02fe5cb98906faa3619b31e862ca73415ae4632dd138bf7adbc2ce94b4b12,test_evidence
publication,REPRO:publication/outputs/final_gate_20260719_v2/source_git_status_before.txt,publication_evidence,305,69f02fe5cb98906faa3619b31e862ca73415ae4632dd138bf7adbc2ce94b4b12,test_evidence
publication,REPRO:publication/outputs/final_gate_20260719_v2/source_inputs_after.sha256,publication_evidence,38294,372ce340c6ac2582d85709a5316d0fe0166ec797754995d9c1861618abba653a,test_evidence
publication,REPRO:publication/outputs/final_gate_20260719_v2/source_inputs_before.sha256,publication_evidence,38294,372ce340c6ac2582d85709a5316d0fe0166ec797754995d9c1861618abba653a,test_evidence
publication,REPRO:publication/outputs/final_gate_20260719_v2/source_tests.junit.xml,publication_evidence,13993,5b141db8a7e14f101980595d0cb0a9fb022ab52f427b64076e9d6be678869aa7,test_evidence
publication,REPRO:publication/outputs/final_gate_20260719_v2/source_tracked_diff_after.sha256,publication_evidence,65,91084ba600cb78d0fb6e0ab692f853c414e422da32ea1ac8d172039cac5a072a,test_evidence
publication,REPRO:publication/outputs/final_gate_20260719_v2/source_tracked_diff_before.sha256,publication_evidence,65,91084ba600cb78d0fb6e0ab692f853c414e422da32ea1ac8d172039cac5a072a,test_evidence
publication,REPRO:publication/outputs/final_gate_20260719_v2/started_at_utc.txt,publication_evidence,21,036fac86c2e61676bf74f50cb2bcb483b7b641cdc5227161377bcf5e863e63b7,test_evidence
publication,REPRO:publication/outputs/final_gate_20260719_v2/status/build_distributions.exit_code,publication_evidence,2,9a271f2a916b0b6ee6cecb2426f0b3206ef074578be55d9bc94f6f3fe3ab86aa,test_evidence
publication,REPRO:publication/outputs/final_gate_20260719_v2/status/source_tests.exit_code,publication_evidence,2,9a271f2a916b0b6ee6cecb2426f0b3206ef074578be55d9bc94f6f3fe3ab86aa,test_evidence
publication,REPRO:publication/outputs/final_gate_20260719_v2/status/sphinx_strict.exit_code,publication_evidence,2,9a271f2a916b0b6ee6cecb2426f0b3206ef074578be55d9bc94f6f3fe3ab86aa,test_evidence
publication,REPRO:publication/outputs/final_gate_20260719_v2/status/supported_pip_check.exit_code,publication_evidence,2,9a271f2a916b0b6ee6cecb2426f0b3206ef074578be55d9bc94f6f3fe3ab86aa,test_evidence
publication,REPRO:publication/outputs/final_gate_20260719_v2/status/twine_check.exit_code,publication_evidence,2,9a271f2a916b0b6ee6cecb2426f0b3206ef074578be55d9bc94f6f3fe3ab86aa,test_evidence
publication,REPRO:publication/outputs/final_gate_20260719_v2/status/validate_gate.exit_code,publication_evidence,2,9a271f2a916b0b6ee6cecb2426f0b3206ef074578be55d9bc94f6f3fe3ab86aa,test_evidence
publication,REPRO:publication/outputs/final_gate_20260719_v2/status/wheel_import.exit_code,publication_evidence,2,9a271f2a916b0b6ee6cecb2426f0b3206ef074578be55d9bc94f6f3fe3ab86aa,test_evidence
publication,REPRO:publication/outputs/final_gate_20260719_v2/status/wheel_install.exit_code,publication_evidence,2,9a271f2a916b0b6ee6cecb2426f0b3206ef074578be55d9bc94f6f3fe3ab86aa,test_evidence
publication,REPRO:publication/outputs/final_gate_20260719_v2/status/wheel_pip_check.exit_code,publication_evidence,2,9a271f2a916b0b6ee6cecb2426f0b3206ef074578be55d9bc94f6f3fe3ab86aa,test_evidence
publication,REPRO:publication/outputs/final_gate_20260719_v2/status/wheel_tests.exit_code,publication_evidence,2,9a271f2a916b0b6ee6cecb2426f0b3206ef074578be55d9bc94f6f3fe3ab86aa,test_evidence
publication,REPRO:publication/outputs/final_gate_20260719_v2/status/wheel_venv.exit_code,publication_evidence,2,9a271f2a916b0b6ee6cecb2426f0b3206ef074578be55d9bc94f6f3fe3ab86aa,test_evidence
publication,REPRO:publication/outputs/final_gate_20260719_v2/summarize_gate.py,publication_evidence,7989,6361ef49bfdf461b7bf92fd3d156a6e75d951aaf8b05f00b0f97a193203a76b7,test_evidence
publication,REPRO:publication/outputs/final_gate_20260719_v2/supported_environment.json,publication_evidence,1092,3e26d268e378cb8272c56054ce2ccbd3657b9e67f7b78c0ede78bea2a3e1a830,test_evidence
publication,REPRO:publication/outputs/final_gate_20260719_v2/supported_environment_pip_freeze.txt,publication_evidence,5596,34a36101b9944ab10dd979526c98b20028f9a5cfc124c87049331207e8284011,test_evidence
publication,REPRO:publication/outputs/final_gate_20260719_v2/validate_gate.py,publication_evidence,3425,6a5bd18f2409eac08677496034518e39da1d54508d9b7c2899ab5f2cbfecfe9a,test_evidence
publication,REPRO:publication/outputs/final_gate_20260719_v2/wheel_environment_pip_freeze.txt,publication_evidence,5639,0c3206129eef6f701b1f0c999ee847d9f1bd80e63ac162cb8db4b7dfcf2bb39d,test_evidence
publication,REPRO:publication/outputs/final_gate_20260719_v2/wheel_test_temporary_root.txt,publication_evidence,38,730c7be457ee7d2b743f0c304e4532407da7912aa197300519f27c76b3b55e66,test_evidence
publication,REPRO:publication/outputs/final_gate_20260719_v2/wheel_tests.junit.xml,publication_evidence,13993,49a6f332214c61222f38727ef3a68abc22c3e53d764fd3b4df794d57600df999,test_evidence
publication,REPRO:publication/outputs/final_gate_20260719_v2/work/cache/matplotlib/fontlist-v3.11.0.json,publication_evidence,166598,3af6d4b55205c330adb5060e03a858cd0d9c7fd4075f5cae0e3783eed931b94f,test_evidence
publication,REPRO:publication/outputs/final_gate_20260719_v2/work/cache/pycache/tmp/feast-final-gate-v2-wheel.K3bwKI/venv/lib/python3.11/site-packages/FEAST/FEAST_core/__init__.cpython-311.pyc,publication_evidence,1068,bb1557a831522c90eab9cbaadde928527d129f4ded9ed88d9bb69473a23f23ce,test_evidence
publication,REPRO:publication/outputs/final_gate_20260719_v2/work/cache/pycache/tmp/feast-final-gate-v2-wheel.K3bwKI/venv/lib/python3.11/site-packages/FEAST/FEAST_core/count_decoding.cpython-311.pyc,publication_evidence,31277,3792fe3dd22d9e73608229eae9aca0196896ffc38769376b6c3aec9537a15a1a,test_evidence
publication,REPRO:publication/outputs/final_gate_20260719_v2/work/cache/pycache/tmp/feast-final-gate-v2-wheel.K3bwKI/venv/lib/python3.11/site-packages/FEAST/FEAST_core/parameter_cloud.cpython-311.pyc,publication_evidence,73470,927d453b1abfbc340eff2e4c1e21c8e423d1fb20bde4ffa6ab263655dd94a36a,test_evidence
publication,REPRO:publication/outputs/final_gate_20260719_v2/work/cache/pycache/tmp/feast-final-gate-v2-wheel.K3bwKI/venv/lib/python3.11/site-packages/FEAST/FEAST_core/simulator.cpython-311.pyc,publication_evidence,47177,8cccc94deea296021a0052777fc2754ce889679cc2fd669e408e4552b0f5d19f,test_evidence
publication,REPRO:publication/outputs/final_gate_20260719_v2/work/cache/pycache/tmp/feast-final-gate-v2-wheel.K3bwKI/venv/lib/python3.11/site-packages/FEAST/FEAST_core/theta_transform.cpython-311.pyc,publication_evidence,2773,7fb6275108c7fa354e2b4ca2ba7a3617b3fcbb57ec0622835ddb690e24a83114,test_evidence
publication,REPRO:publication/outputs/final_gate_20260719_v2/work/cache/pycache/tmp/feast-final-gate-v2-wheel.K3bwKI/venv/lib/python3.11/site-packages/FEAST/__init__.cpython-311.pyc,publication_evidence,15482,25626e0376156bbe9bf02ab9fe6e249a35b6c6239e22fa05e9ccbd1195b564bd,test_evidence
publication,REPRO:publication/outputs/final_gate_20260719_v2/work/cache/pycache/tmp/feast-final-gate-v2-wheel.K3bwKI/venv/lib/python3.11/site-packages/FEAST/alignment/__init__.cpython-311.pyc,publication_evidence,856,661d7c42310b6272876ad2d13ef41839ca314af52992102e191328e03f4e4743,test_evidence
publication,REPRO:publication/outputs/final_gate_20260719_v2/work/cache/pycache/tmp/feast-final-gate-v2-wheel.K3bwKI/venv/lib/python3.11/site-packages/FEAST/alignment/alignment_simulator.cpython-311.pyc,publication_evidence,30254,f77a809ade1bf0bc442f747a0e23c0d988c7b43d2c50b28b4e7a912f82007dc3,test_evidence
publication,REPRO:publication/outputs/final_gate_20260719_v2/work/cache/pycache/tmp/feast-final-gate-v2-wheel.K3bwKI/venv/lib/python3.11/site-packages/FEAST/alignment/spatial_align_alter.cpython-311.pyc,publication_evidence,27976,0ff02b855474ee559a5abcf3258ff856f08701ad691da1473bf726fa11e49acc,test_evidence
publication,REPRO:publication/outputs/final_gate_20260719_v2/work/cache/pycache/tmp/feast-final-gate-v2-wheel.K3bwKI/venv/lib/python3.11/site-packages/FEAST/de_novo/__init__.cpython-311.pyc,publication_evidence,2103,c726466fcc8ed4b656a39404fd201043f9d184197511d8279c48ad566d94ef40,test_evidence
publication,REPRO:publication/outputs/final_gate_20260719_v2/work/cache/pycache/tmp/feast-final-gate-v2-wheel.K3bwKI/venv/lib/python3.11/site-packages/FEAST/de_novo/_metadata.cpython-311.pyc,publication_evidence,6735,ac7c866a72183a376ebbea94fa4436c92e1e325ebe00083417aa1c306a5568c8,test_evidence
publication,REPRO:publication/outputs/final_gate_20260719_v2/work/cache/pycache/tmp/feast-final-gate-v2-wheel.K3bwKI/venv/lib/python3.11/site-packages/FEAST/de_novo/_ot_transport.cpython-311.pyc,publication_evidence,7756,4915361233d2c62af763978f8fd6e4a083365c5f4fe50dc4268316193ef904cb,test_evidence
publication,REPRO:publication/outputs/final_gate_20260719_v2/work/cache/pycache/tmp/feast-final-gate-v2-wheel.K3bwKI/venv/lib/python3.11/site-packages/FEAST/de_novo/builder.cpython-311.pyc,publication_evidence,39247,13ac816cee5d5240d41021aee72d8b4d0a47acc2fa94b82b13278ef0d99bbafd,test_evidence
publication,REPRO:publication/outputs/final_gate_20260719_v2/work/cache/pycache/tmp/feast-final-gate-v2-wheel.K3bwKI/venv/lib/python3.11/site-packages/FEAST/de_novo/conditional.cpython-311.pyc,publication_evidence,73700,051130d8b43d0a43f16de86b14d335cddc2946c082e5419e3dcdfc43c39061f0,test_evidence
publication,REPRO:publication/outputs/final_gate_20260719_v2/work/cache/pycache/tmp/feast-final-gate-v2-wheel.K3bwKI/venv/lib/python3.11/site-packages/FEAST/de_novo/core.cpython-311.pyc,publication_evidence,14508,e9e4a9735107f6393cf705abcaa4f5976fa482eab35cea6ac746a46dc4ba1748,test_evidence
publication,REPRO:publication/outputs/final_gate_20260719_v2/work/cache/pycache/tmp/feast-final-gate-v2-wheel.K3bwKI/venv/lib/python3.11/site-packages/FEAST/de_novo/pattern.cpython-311.pyc,publication_evidence,28466,e210614b868992c0fbfe8fc65e6b4a1105b25d1bc133ba660131c878ec77204c,test_evidence
publication,REPRO:publication/outputs/final_gate_20260719_v2/work/cache/pycache/tmp/feast-final-gate-v2-wheel.K3bwKI/venv/lib/python3.11/site-packages/FEAST/de_novo/quantile_field.cpython-311.pyc,publication_evidence,31977,94ca6ce4684f780a92ff6db306077fd393a8859aa976b781e741868837f1917d,test_evidence
publication,REPRO:publication/outputs/final_gate_20260719_v2/work/cache/pycache/tmp/feast-final-gate-v2-wheel.K3bwKI/venv/lib/python3.11/site-packages/FEAST/de_novo/stack.cpython-311.pyc,publication_evidence,12795,15f1e35e2110562f244db3aacbf96e4b8c6b434978302d71120f8e9550f69aa0,test_evidence
publication,REPRO:publication/outputs/final_gate_20260719_v2/work/cache/pycache/tmp/feast-final-gate-v2-wheel.K3bwKI/venv/lib/python3.11/site-packages/FEAST/de_novo/transport.cpython-311.pyc,publication_evidence,19772,f39c8bc1a50cc255833ae0da62bd565625c06d1c7e7f3c0e804a1b9e590edb3f,test_evidence
publication,REPRO:publication/outputs/final_gate_20260719_v2/work/cache/pycache/tmp/feast-final-gate-v2-wheel.K3bwKI/venv/lib/python3.11/site-packages/FEAST/de_novo/z_regularize.cpython-311.pyc,publication_evidence,16006,74f6716b5c41b895a74769d7958ff15ad00c659cb263e93bcdf2fac40aed7c24,test_evidence
publication,REPRO:publication/outputs/final_gate_20260719_v2/work/cache/pycache/tmp/feast-final-gate-v2-wheel.K3bwKI/venv/lib/python3.11/site-packages/FEAST/de_novo/z_spot_smooth.cpython-311.pyc,publication_evidence,28945,5f361b44601ca4848e1dbad3a649afd5a9deb9cb2c07a335ac90657670187daa,test_evidence
publication,REPRO:publication/outputs/final_gate_20260719_v2/work/cache/pycache/tmp/feast-final-gate-v2-wheel.K3bwKI/venv/lib/python3.11/site-packages/FEAST/deconvolution/__init__.cpython-311.pyc,publication_evidence,869,8db8577a8203e67b64c9685d627ef83bbdf32088c4a7e6964fd4b52b28049c69,test_evidence
publication,REPRO:publication/outputs/final_gate_20260719_v2/work/cache/pycache/tmp/feast-final-gate-v2-wheel.K3bwKI/venv/lib/python3.11/site-packages/FEAST/deconvolution/deconvolution_simulator.cpython-311.pyc,publication_evidence,15263,ac775141104e844ceee7e4301ad7b6814b683052364994c7d5d990b013e3a4dd,test_evidence
publication,REPRO:publication/outputs/final_gate_20260719_v2/work/cache/pycache/tmp/feast-final-gate-v2-wheel.K3bwKI/venv/lib/python3.11/site-packages/FEAST/deconvolution/generate_deconvolution.cpython-311.pyc,publication_evidence,9558,99d67214143db5164c04abf5d3e753c3235d38626a2c5f2ae2cdff40522fe4d3,test_evidence
publication,REPRO:publication/outputs/final_gate_20260719_v2/work/cache/pycache/tmp/feast-final-gate-v2-wheel.K3bwKI/venv/lib/python3.11/site-packages/FEAST/modeling/Beta_mixture_model.cpython-311.pyc,publication_evidence,25020,f6f7a62466b46be5ae4c4dcdd60196336fc69079e0cd277734b06a801f7c050a,test_evidence
publication,REPRO:publication/outputs/final_gate_20260719_v2/work/cache/pycache/tmp/feast-final-gate-v2-wheel.K3bwKI/venv/lib/python3.11/site-packages/FEAST/modeling/StudentT_mixture_model.cpython-311.pyc,publication_evidence,23452,c49a82ffe14d0cba04c1abe7087cdefd46959cf962b964e8ca1ae4e345257d97,test_evidence
publication,REPRO:publication/outputs/final_gate_20260719_v2/work/cache/pycache/tmp/feast-final-gate-v2-wheel.K3bwKI/venv/lib/python3.11/site-packages/FEAST/modeling/__init__.cpython-311.pyc,publication_evidence,207,880c7f706a49012cf7d95408e88f5ddcc7fbed406f980a4906b9c10a7616dbc1,test_evidence
publication,REPRO:publication/outputs/final_gate_20260719_v2/work/cache/pycache/tmp/feast-final-gate-v2-wheel.K3bwKI/venv/lib/python3.11/site-packages/FEAST/modeling/marginal_alteration.cpython-311.pyc,publication_evidence,25341,dc7a87a767d3f64b364774f4d59e9d808b5d58ea01bd68bd8ef507765fea5ef8,test_evidence
publication,REPRO:publication/outputs/final_gate_20260719_v2/work/cache/pycache/tmp/feast-final-gate-v2-wheel.K3bwKI/venv/lib/python3.11/site-packages/_distutils_hack/__init__.cpython-311.pyc,publication_evidence,11970,6c9b9999efa1c8902a0d541261c10ad0d54e39715add84beeb8da1e8aab8d814,test_evidence
publication,REPRO:publication/outputs/final_gate_20260719_v2/work/cache/pycache/tmp/feast-final-gate-v2-wheel.K3bwKI/venv/lib/python3.11/site-packages/_distutils_hack/override.cpython-311.pyc,publication_evidence,330,dcafc7dbe71da63ded4050c35b36ca5ea15f53087b81439e23398e0f981f10b0,test_evidence
publication,REPRO:publication/outputs/final_gate_20260719_v2/work/cache/pycache/tmp/feast-final-gate-v2-wheel.K3bwKI/venv/lib/python3.11/site-packages/pip/__init__.cpython-311.pyc,publication_evidence,783,ec09eb588c8d641e3ef0fb723a8a3871b9b616d137ffe8a677785e8d59b203ee,test_evidence
publication,REPRO:publication/outputs/final_gate_20260719_v2/work/cache/pycache/tmp/feast-final-gate-v2-wheel.K3bwKI/venv/lib/python3.11/site-packages/pip/__main__.cpython-311.pyc,publication_evidence,902,6f66ec22e9f517014525ae2f6228ad9531e07898a6005f461391e5151243bf1f,test_evidence
publication,REPRO:publication/outputs/final_gate_20260719_v2/work/cache/pycache/tmp/feast-final-gate-v2-wheel.K3bwKI/venv/lib/python3.11/site-packages/pip/__pip-runner__.cpython-311.pyc,publication_evidence,2521,ea66eea9f8edd840b7f21f747048da1b50f758393bf1866ffc579002890d5d3d,test_evidence
publication,REPRO:publication/outputs/final_gate_20260719_v2/work/cache/pycache/tmp/feast-final-gate-v2-wheel.K3bwKI/venv/lib/python3.11/site-packages/pip/_internal/__init__.cpython-311.pyc,publication_evidence,899,3953092e7b2fb628049f2cd23ed4744be06d0022702ab6f7f5422744d193ef2e,test_evidence
publication,REPRO:publication/outputs/final_gate_20260719_v2/work/cache/pycache/tmp/feast-final-gate-v2-wheel.K3bwKI/venv/lib/python3.11/site-packages/pip/_internal/build_env.cpython-311.pyc,publication_evidence,16088,e8837eb0b70160e2a0bc922ece60274ddae044dc536d6345ce98ced93157136d,test_evidence
publication,REPRO:publication/outputs/final_gate_20260719_v2/work/cache/pycache/tmp/feast-final-gate-v2-wheel.K3bwKI/venv/lib/python3.11/site-packages/pip/_internal/cache.cpython-311.pyc,publication_evidence,14403,328e8ce2b508497fb7436c2034e721f5c9e9a476d73113730c159e956b88418b,test_evidence
publication,REPRO:publication/outputs/final_gate_20260719_v2/work/cache/pycache/tmp/feast-final-gate-v2-wheel.K3bwKI/venv/lib/python3.11/site-packages/pip/_internal/cli/__init__.cpython-311.pyc,publication_evidence,303,2bf9c340c31499377a0c9b7ebd56ee6635e1b6ff75b72c344e785e0b01a7ae2a,test_evidence
publication,REPRO:publication/outputs/final_gate_20260719_v2/work/cache/pycache/tmp/feast-final-gate-v2-wheel.K3bwKI/venv/lib/python3.11/site-packages/pip/_internal/cli/autocompletion.cpython-311.pyc,publication_evidence,10258,9373a0ee12832547f18b5e67a3f6939708f6102b3378677bd11bc051bf4801dc,test_evidence
publication,REPRO:publication/outputs/final_gate_20260719_v2/work/cache/pycache/tmp/feast-final-gate-v2-wheel.K3bwKI/venv/lib/python3.11/site-packages/pip/_internal/cli/base_command.cpython-311.pyc,publication_evidence,11877,8d3b8985463445b3bebc9b7742d30a7f019f0381ba6121b0a950b7cf12dd7b12,test_evidence
publication,REPRO:publication/outputs/final_gate_20260719_v2/work/cache/pycache/tmp/feast-final-gate-v2-wheel.K3bwKI/venv/lib/python3.11/site-packages/pip/_internal/cli/cmdoptions.cpython-311.pyc,publication_evidence,33783,86077268ac84cb03fb844fd348097ea8518abd3a6dba29734a557ca8bfa3e394,test_evidence
publication,REPRO:publication/outputs/final_gate_20260719_v2/work/cache/pycache/tmp/feast-final-gate-v2-wheel.K3bwKI/venv/lib/python3.11/site-packages/pip/_internal/cli/command_context.cpython-311.pyc,publication_evidence,2125,b3ff6dcee197f44337d1997ff6d4fd483d88470ece22a976120c8e406ad2420f,test_evidence
publication,REPRO:publication/outputs/final_gate_20260719_v2/work/cache/pycache/tmp/feast-final-gate-v2-wheel.K3bwKI/venv/lib/python3.11/site-packages/pip/_internal/cli/main.cpython-311.pyc,publication_evidence,2595,103fc31f7eecb0572ca7b953b050e5cb633a374ae13180e7cb076b87a943ad4e,test_evidence
publication,REPRO:publication/outputs/final_gate_20260719_v2/work/cache/pycache/tmp/feast-final-gate-v2-wheel.K3bwKI/venv/lib/python3.11/site-packages/pip/_internal/cli/main_parser.cpython-311.pyc,publication_evidence,5539,20af19ee00686da65238f1f675b91b0796792ce22adb712631f50fe56f0c2b97,test_evidence
publication,REPRO:publication/outputs/final_gate_20260719_v2/work/cache/pycache/tmp/feast-final-gate-v2-wheel.K3bwKI/venv/lib/python3.11/site-packages/pip/_internal/cli/parser.cpython-311.pyc,publication_evidence,16964,576901990cdaf2d68ee7afc1ec5a600b91f88340383a500bc06e28751c47baaa,test_evidence
publication,REPRO:publication/outputs/final_gate_20260719_v2/work/cache/pycache/tmp/feast-final-gate-v2-wheel.K3bwKI/venv/lib/python3.11/site-packages/pip/_internal/cli/progress_bars.cpython-311.pyc,publication_evidence,3187,60167a899820aa8d772156e6edba7be8124464ae6a293ae1ee9bdc20a081aafb,test_evidence
publication,REPRO:publication/outputs/final_gate_20260719_v2/work/cache/pycache/tmp/feast-final-gate-v2-wheel.K3bwKI/venv/lib/python3.11/site-packages/pip/_internal/cli/req_command.cpython-311.pyc,publication_evidence,20342,ddeeacdbbade5850e9ea3be7aeb1645ec81e0abc88c25de750b3db66fef60b70,test_evidence
publication,REPRO:publication/outputs/final_gate_20260719_v2/work/cache/pycache/tmp/feast-final-gate-v2-wheel.K3bwKI/venv/lib/python3.11/site-packages/pip/_internal/cli/spinners.cpython-311.pyc,publication_evidence,8852,eb86206a2eca2b4cd68c3afc51d2f9876f8e7ecf0d2e802f02c737a4e6891410,test_evidence
publication,REPRO:publication/outputs/final_gate_20260719_v2/work/cache/pycache/tmp/feast-final-gate-v2-wheel.K3bwKI/venv/lib/python3.11/site-packages/pip/_internal/cli/status_codes.cpython-311.pyc,publication_evidence,391,2582faa03223a7f97ca51110235bcd3bda004f4771e0dbed872961e660fe1dc5,test_evidence
publication,REPRO:publication/outputs/final_gate_20260719_v2/work/cache/pycache/tmp/feast-final-gate-v2-wheel.K3bwKI/venv/lib/python3.11/site-packages/pip/_internal/commands/__init__.cpython-311.pyc,publication_evidence,4471,67052c2d17ae16d4514f0adbbd336c883338e32f633bd58d9803cc2309d7d024,test_evidence
publication,REPRO:publication/outputs/final_gate_20260719_v2/work/cache/pycache/tmp/feast-final-gate-v2-wheel.K3bwKI/venv/lib/python3.11/site-packages/pip/_internal/commands/cache.cpython-311.pyc,publication_evidence,10891,be4d162ebe1e7c76b482b757d6f570f201dceb5292fb30b85afe4173a0d20de0,test_evidence
publication,REPRO:publication/outputs/final_gate_20260719_v2/work/cache/pycache/tmp/feast-final-gate-v2-wheel.K3bwKI/venv/lib/python3.11/site-packages/pip/_internal/commands/check.cpython-311.pyc,publication_evidence,2426,cccc9d21750b491299c90029a45b56b907390b71b1a567558db2d26d8ff4547a,test_evidence
publication,REPRO:publication/outputs/final_gate_20260719_v2/work/cache/pycache/tmp/feast-final-gate-v2-wheel.K3bwKI/venv/lib/python3.11/site-packages/pip/_internal/commands/completion.cpython-311.pyc,publication_evidence,5641,fc828613d672428383a26c236017166d730809d398216f32fb28e4658c9ada2a,test_evidence
publication,REPRO:publication/outputs/final_gate_20260719_v2/work/cache/pycache/tmp/feast-final-gate-v2-wheel.K3bwKI/venv/lib/python3.11/site-packages/pip/_internal/commands/configuration.cpython-311.pyc,publication_evidence,14869,fc092a5ddf10278b6279f40fe78928f3bbc6ff82594be5367a90c9d4336119fa,test_evidence
publication,REPRO:publication/outputs/final_gate_20260719_v2/work/cache/pycache/tmp/feast-final-gate-v2-wheel.K3bwKI/venv/lib/python3.11/site-packages/pip/_internal/commands/debug.cpython-311.pyc,publication_evidence,12214,1e2fd428b022a555b074a737e54d4229c3a4b0b585779dc81eaa8dfa6918da7e,test_evidence
publication,REPRO:publication/outputs/final_gate_20260719_v2/work/cache/pycache/tmp/feast-final-gate-v2-wheel.K3bwKI/venv/lib/python3.11/site-packages/pip/_internal/commands/download.cpython-311.pyc,publication_evidence,7960,86aa08a0ec90c85e1ee5bddd74b0e9c421ccc173cf4824ecdaa21f9243b874a2,test_evidence
publication,REPRO:publication/outputs/final_gate_20260719_v2/work/cache/pycache/tmp/feast-final-gate-v2-wheel.K3bwKI/venv/lib/python3.11/site-packages/pip/_internal/commands/freeze.cpython-311.pyc,publication_evidence,4676,047cb41c752096dd5b608a8bb4e160624c6210e967a5b2a50af4c2b8582aa01b,test_evidence
publication,REPRO:publication/outputs/final_gate_20260719_v2/work/cache/pycache/tmp/feast-final-gate-v2-wheel.K3bwKI/venv/lib/python3.11/site-packages/pip/_internal/commands/hash.cpython-311.pyc,publication_evidence,3373,d07389870aa2472d001973ac0d0160b8eabcfec377b43806f3374aca8122b842,test_evidence
publication,REPRO:publication/outputs/final_gate_20260719_v2/work/cache/pycache/tmp/feast-final-gate-v2-wheel.K3bwKI/venv/lib/python3.11/site-packages/pip/_internal/commands/help.cpython-311.pyc,publication_evidence,1985,020ac524aec3ab9202f9c14f3627ee9ccbde9abc2ea1d093cfee7b667d1af427,test_evidence
publication,REPRO:publication/outputs/final_gate_20260719_v2/work/cache/pycache/tmp/feast-final-gate-v2-wheel.K3bwKI/venv/lib/python3.11/site-packages/pip/_internal/commands/index.cpython-311.pyc,publication_evidence,7739,629cd86411c8bc4d8a9558ba74832d6b990094cb172c1acbac997a9ad2c6f9df,test_evidence
publication,REPRO:publication/outputs/final_gate_20260719_v2/work/cache/pycache/tmp/feast-final-gate-v2-wheel.K3bwKI/venv/lib/python3.11/site-packages/pip/_internal/commands/inspect.cpython-311.pyc,publication_evidence,4461,ac7db5b11cf6e8e1b01ae3e0f8b72289f35a4e6376a1c84cfb70e493b4ef8d84,test_evidence
publication,REPRO:publication/outputs/final_gate_20260719_v2/work/cache/pycache/tmp/feast-final-gate-v2-wheel.K3bwKI/venv/lib/python3.11/site-packages/pip/_internal/commands/install.cpython-311.pyc,publication_evidence,31161,9c1d11f6c95182c664a26966afd72521ba1389c9da2c20e1659d3caa7ab37154,test_evidence
publication,REPRO:publication/outputs/final_gate_20260719_v2/work/cache/pycache/tmp/feast-final-gate-v2-wheel.K3bwKI/venv/lib/python3.11/site-packages/pip/_internal/commands/list.cpython-311.pyc,publication_evidence,17265,e8c0a8ba5f3e145c2a8e9039a9c231be047a49ac9adbecf4c3a8bbd651f6b481,test_evidence
publication,REPRO:publication/outputs/final_gate_20260719_v2/work/cache/pycache/tmp/feast-final-gate-v2-wheel.K3bwKI/venv/lib/python3.11/site-packages/pip/_internal/commands/search.cpython-311.pyc,publication_evidence,8967,d4b31341b19766916fb21f4af81610b384461727fe4a83e64b219e4f3b000682,test_evidence
publication,REPRO:publication/outputs/final_gate_20260719_v2/work/cache/pycache/tmp/feast-final-gate-v2-wheel.K3bwKI/venv/lib/python3.11/site-packages/pip/_internal/commands/show.cpython-311.pyc,publication_evidence,11310,18752a004f495c1bb200bdefc667fb576b0dd3bce5c9be79cd9d8e11835b93de,test_evidence
publication,REPRO:publication/outputs/final_gate_20260719_v2/work/cache/pycache/tmp/feast-final-gate-v2-wheel.K3bwKI/venv/lib/python3.11/site-packages/pip/_internal/commands/uninstall.cpython-311.pyc,publication_evidence,5161,85a254a64c861d23d542001e8157f5a7d056b13273c6b4d7668287735afb3282,test_evidence
publication,REPRO:publication/outputs/final_gate_20260719_v2/work/cache/pycache/tmp/feast-final-gate-v2-wheel.K3bwKI/venv/lib/python3.11/site-packages/pip/_internal/commands/wheel.cpython-311.pyc,publication_evidence,9417,569d5d4e902c70d638528af6445c0c2debde5dca751446ce7b06347e85f3a0c4,test_evidence
publication,REPRO:publication/outputs/final_gate_20260719_v2/work/cache/pycache/tmp/feast-final-gate-v2-wheel.K3bwKI/venv/lib/python3.11/site-packages/pip/_internal/configuration.cpython-311.pyc,publication_evidence,19794,7bd2ca9e9ab4c8a82496458c041e9ffa26841a2099334fc531451e0348c594fa,test_evidence
publication,REPRO:publication/outputs/final_gate_20260719_v2/work/cache/pycache/tmp/feast-final-gate-v2-wheel.K3bwKI/venv/lib/python3.11/site-packages/pip/_internal/distributions/__init__.cpython-311.pyc,publication_evidence,1053,542b5d4f73ea02976eb7b9913eaa8b2dd75917f68392a3191188ff2b0263a462,test_evidence
publication,REPRO:publication/outputs/final_gate_20260719_v2/work/cache/pycache/tmp/feast-final-gate-v2-wheel.K3bwKI/venv/lib/python3.11/site-packages/pip/_internal/distributions/base.cpython-311.pyc,publication_evidence,3145,ccb269b54ae9ff33fb351efc115577811244ded458c4412cb6efbe2eb420b950,test_evidence
publication,REPRO:publication/outputs/final_gate_20260719_v2/work/cache/pycache/tmp/feast-final-gate-v2-wheel.K3bwKI/venv/lib/python3.11/site-packages/pip/_internal/distributions/installed.cpython-311.pyc,publication_evidence,1862,c2bb127f1941cede14f0f6036b466c859d6f290847e0cb76a9d3b9a69a9d8a51,test_evidence
publication,REPRO:publication/outputs/final_gate_20260719_v2/work/cache/pycache/tmp/feast-final-gate-v2-wheel.K3bwKI/venv/lib/python3.11/site-packages/pip/_internal/distributions/sdist.cpython-311.pyc,publication_evidence,9385,bf0118c64442f80a20a4bb0e8734094a4fd187c5d7cb02d519f87500a9fd1638,test_evidence
publication,REPRO:publication/outputs/final_gate_20260719_v2/work/cache/pycache/tmp/feast-final-gate-v2-wheel.K3bwKI/venv/lib/python3.11/site-packages/pip/_internal/distributions/wheel.cpython-311.pyc,publication_evidence,2453,ac43569727fef3a5e93dac30e7ad84a11b40f389c9914707758b81390eb172b1,test_evidence
publication,REPRO:publication/outputs/final_gate_20260719_v2/work/cache/pycache/tmp/feast-final-gate-v2-wheel.K3bwKI/venv/lib/python3.11/site-packages/pip/_internal/exceptions.cpython-311.pyc,publication_evidence,37458,6b814ea2038a1109214f1f0eaa524e11b2c8d9b2eb6741498bcabfc83fa095bd,test_evidence
publication,REPRO:publication/outputs/final_gate_20260719_v2/work/cache/pycache/tmp/feast-final-gate-v2-wheel.K3bwKI/venv/lib/python3.11/site-packages/pip/_internal/index/__init__.cpython-311.pyc,publication_evidence,257,d68d72ed7b84d78b59010b1892abd61aef49f676064055c1ee8886d81bb8ae0b,test_evidence
publication,REPRO:publication/outputs/final_gate_20260719_v2/work/cache/pycache/tmp/feast-final-gate-v2-wheel.K3bwKI/venv/lib/python3.11/site-packages/pip/_internal/index/collector.cpython-311.pyc,publication_evidence,24602,5793e847979212e10c5d9a48c5d7ca9d11cd492a623b9dbcd9f425fb36a71bde,test_evidence
publication,REPRO:publication/outputs/final_gate_20260719_v2/work/cache/pycache/tmp/feast-final-gate-v2-wheel.K3bwKI/venv/lib/python3.11/site-packages/pip/_internal/index/package_finder.cpython-311.pyc,publication_evidence,44166,35a244c159321874163617b5061aff0723d10e97736f2174b7ebde63465a90da,test_evidence
publication,REPRO:publication/outputs/final_gate_20260719_v2/work/cache/pycache/tmp/feast-final-gate-v2-wheel.K3bwKI/venv/lib/python3.11/site-packages/pip/_internal/index/sources.cpython-311.pyc,publication_evidence,13973,fbcad5c4cf8bb267dd20e85b49779764adb25700df17a226d57eef439d8b803c,test_evidence
publication,REPRO:publication/outputs/final_gate_20260719_v2/work/cache/pycache/tmp/feast-final-gate-v2-wheel.K3bwKI/venv/lib/python3.11/site-packages/pip/_internal/locations/__init__.cpython-311.pyc,publication_evidence,18195,8b660b3ed149ec91a84d6b3e814442b131f572e96aeb10d608344a168cb2e399,test_evidence
publication,REPRO:publication/outputs/final_gate_20260719_v2/work/cache/pycache/tmp/feast-final-gate-v2-wheel.K3bwKI/venv/lib/python3.11/site-packages/pip/_internal/locations/_distutils.cpython-311.pyc,publication_evidence,7569,2ca1e79177562fa6bd7c7e4389070f7921645149af408d8be9d774b40c640418,test_evidence
publication,REPRO:publication/outputs/final_gate_20260719_v2/work/cache/pycache/tmp/feast-final-gate-v2-wheel.K3bwKI/venv/lib/python3.11/site-packages/pip/_internal/locations/_sysconfig.cpython-311.pyc,publication_evidence,8899,690248369d83c50a556cdf1a365a986bb1583c7da6b72f103b8d791fdcc5fb00,test_evidence
publication,REPRO:publication/outputs/final_gate_20260719_v2/work/cache/pycache/tmp/feast-final-gate-v2-wheel.K3bwKI/venv/lib/python3.11/site-packages/pip/_internal/locations/base.cpython-311.pyc,publication_evidence,4020,573a4ab3eec0c3754f3d442408546f914843395b4b810a54fe27ff87ac86a254,test_evidence
publication,REPRO:publication/outputs/final_gate_20260719_v2/work/cache/pycache/tmp/feast-final-gate-v2-wheel.K3bwKI/venv/lib/python3.11/site-packages/pip/_internal/main.cpython-311.pyc,publication_evidence,768,9d5be1cfc1cb9de6cba46b488190ed9e9b731b18a86ddb4dd638e8bbbc5b102a,test_evidence
publication,REPRO:publication/outputs/final_gate_20260719_v2/work/cache/pycache/tmp/feast-final-gate-v2-wheel.K3bwKI/venv/lib/python3.11/site-packages/pip/_internal/metadata/__init__.cpython-311.pyc,publication_evidence,6519,ac1720d7f433bf0e9564bab1d4cf43d8f3203284a5b89b98c690b315dfe43e77,test_evidence
publication,REPRO:publication/outputs/final_gate_20260719_v2/work/cache/pycache/tmp/feast-final-gate-v2-wheel.K3bwKI/venv/lib/python3.11/site-packages/pip/_internal/metadata/_json.cpython-311.pyc,publication_evidence,3582,6a61613175b063984fb425b15aab312d851076159b2f2071d7cc1f7e02736221,test_evidence
publication,REPRO:publication/outputs/final_gate_20260719_v2/work/cache/pycache/tmp/feast-final-gate-v2-wheel.K3bwKI/venv/lib/python3.11/site-packages/pip/_internal/metadata/base.cpython-311.pyc,publication_evidence,38696,ca66ef7b506b8bf153a68b3f746533f556713c1d699727e265a21d9f65a196ac,test_evidence
publication,REPRO:publication/outputs/final_gate_20260719_v2/work/cache/pycache/tmp/feast-final-gate-v2-wheel.K3bwKI/venv/lib/python3.11/site-packages/pip/_internal/metadata/importlib/__init__.cpython-311.pyc,publication_evidence,408,62e885920fd791b02dd66aeff3c9b344d30aaeb0a1ccfedeedebd9f6172c68b8,test_evidence
publication,REPRO:publication/outputs/final_gate_20260719_v2/work/cache/pycache/tmp/feast-final-gate-v2-wheel.K3bwKI/venv/lib/python3.11/site-packages/pip/_internal/metadata/importlib/_compat.cpython-311.pyc,publication_evidence,3581,64e2450b41de1d8ff77a804df1ecd1a3f2a8b0a7178d2159d5e0183af9fe5178,test_evidence
publication,REPRO:publication/outputs/final_gate_20260719_v2/work/cache/pycache/tmp/feast-final-gate-v2-wheel.K3bwKI/venv/lib/python3.11/site-packages/pip/_internal/metadata/importlib/_dists.cpython-311.pyc,publication_evidence,14891,a01c1c18e82acc50a66d0dc34edcfbc7be35c0c0618790aaee78363aae011b56,test_evidence
publication,REPRO:publication/outputs/final_gate_20260719_v2/work/cache/pycache/tmp/feast-final-gate-v2-wheel.K3bwKI/venv/lib/python3.11/site-packages/pip/_internal/metadata/importlib/_envs.cpython-311.pyc,publication_evidence,12524,ecd68a404185336610d3934ba7c29c3531b19ca470d5c8eaf36741fbf2985c80,test_evidence
publication,REPRO:publication/outputs/final_gate_20260719_v2/work/cache/pycache/tmp/feast-final-gate-v2-wheel.K3bwKI/venv/lib/python3.11/site-packages/pip/_internal/metadata/pkg_resources.cpython-311.pyc,publication_evidence,17553,4c59bd662c8a29c31fd02835724db8d46ec55876e62ab4b0ee9fd598b636e1b1,test_evidence
publication,REPRO:publication/outputs/final_gate_20260719_v2/work/cache/pycache/tmp/feast-final-gate-v2-wheel.K3bwKI/venv/lib/python3.11/site-packages/pip/_internal/models/__init__.cpython-311.pyc,publication_evidence,291,86865411c6214b807884d9821923044ecd518077a8b20287446bc43a56f8636b,test_evidence
publication,REPRO:publication/outputs/final_gate_20260719_v2/work/cache/pycache/tmp/feast-final-gate-v2-wheel.K3bwKI/venv/lib/python3.11/site-packages/pip/_internal/models/candidate.cpython-311.pyc,publication_evidence,2099,a9fbfdd59e625fd917e9031c32ce55dae4252e7b4625978452b30a1a83044866,test_evidence
publication,REPRO:publication/outputs/final_gate_20260719_v2/work/cache/pycache/tmp/feast-final-gate-v2-wheel.K3bwKI/venv/lib/python3.11/site-packages/pip/_internal/models/direct_url.cpython-311.pyc,publication_evidence,12784,1babef26e2e187d59412e302312459d04c14c98afda992769b8870163261c720,test_evidence
publication,REPRO:publication/outputs/final_gate_20260719_v2/work/cache/pycache/tmp/feast-final-gate-v2-wheel.K3bwKI/venv/lib/python3.11/site-packages/pip/_internal/models/format_control.cpython-311.pyc,publication_evidence,4645,6321b9911720c9cc3e5490b4edca17fde39e31a4d8707f691c6f8d4a83af8119,test_evidence
publication,REPRO:publication/outputs/final_gate_20260719_v2/work/cache/pycache/tmp/feast-final-gate-v2-wheel.K3bwKI/venv/lib/python3.11/site-packages/pip/_internal/models/index.cpython-311.pyc,publication_evidence,1916,06fbcfa8faac13140ca78d2f45a02fbe69daea8e9a3a760f839db28a371b9c2c,test_evidence
publication,REPRO:publication/outputs/final_gate_20260719_v2/work/cache/pycache/tmp/feast-final-gate-v2-wheel.K3bwKI/venv/lib/python3.11/site-packages/pip/_internal/models/installation_report.cpython-311.pyc,publication_evidence,2622,6238151d2538a9e6fe7eca7ca83a7e0bd28d619cc97bb4354f47b2b5abd47af9,test_evidence
publication,REPRO:publication/outputs/final_gate_20260719_v2/work/cache/pycache/tmp/feast-final-gate-v2-wheel.K3bwKI/venv/lib/python3.11/site-packages/pip/_internal/models/link.cpython-311.pyc,publication_evidence,28635,452bd542d3c43d7137b3a00ffe5977c4606fc78a9331545e146eb5c6d67738eb,test_evidence
publication,REPRO:publication/outputs/final_gate_20260719_v2/work/cache/pycache/tmp/feast-final-gate-v2-wheel.K3bwKI/venv/lib/python3.11/site-packages/pip/_internal/models/scheme.cpython-311.pyc,publication_evidence,1282,4411252fef5be561307655469d6dcdab775362b4275d311c94441b7d491653a0,test_evidence
publication,REPRO:publication/outputs/final_gate_20260719_v2/work/cache/pycache/tmp/feast-final-gate-v2-wheel.K3bwKI/venv/lib/python3.11/site-packages/pip/_internal/models/search_scope.cpython-311.pyc,publication_evidence,5845,82bc020b895ae38fd89093f5a8c78054c3258c6241476a90c4f4dda13f2dcf25,test_evidence
publication,REPRO:publication/outputs/final_gate_20260719_v2/work/cache/pycache/tmp/feast-final-gate-v2-wheel.K3bwKI/venv/lib/python3.11/site-packages/pip/_internal/models/selection_prefs.cpython-311.pyc,publication_evidence,2013,9181a945f9762f46504360eb298b4baf7fc72d03192b00ee2e30b9793a367354,test_evidence
publication,REPRO:publication/outputs/final_gate_20260719_v2/work/cache/pycache/tmp/feast-final-gate-v2-wheel.K3bwKI/venv/lib/python3.11/site-packages/pip/_internal/models/target_python.cpython-311.pyc,publication_evidence,5312,1fc31d7accd0becaa90621ae2a72929466d6a6beb525d2fd71406e6325c33343,test_evidence
publication,REPRO:publication/outputs/final_gate_20260719_v2/work/cache/pycache/tmp/feast-final-gate-v2-wheel.K3bwKI/venv/lib/python3.11/site-packages/pip/_internal/models/wheel.cpython-311.pyc,publication_evidence,6438,f7efd62f1f2640a66cd80ad83944ec4038fc87e18a11ea5e292abc0595857635,test_evidence
publication,REPRO:publication/outputs/final_gate_20260719_v2/work/cache/pycache/tmp/feast-final-gate-v2-wheel.K3bwKI/venv/lib/python3.11/site-packages/pip/_internal/network/__init__.cpython-311.pyc,publication_evidence,279,4a018c41d78f144400fc025bb920e88bc8ee8f0e58b4dd28907b75107e20a60b,test_evidence
publication,REPRO:publication/outputs/final_gate_20260719_v2/work/cache/pycache/tmp/feast-final-gate-v2-wheel.K3bwKI/venv/lib/python3.11/site-packages/pip/_internal/network/auth.cpython-311.pyc,publication_evidence,24006,5b815d0591e6c8c17bb5c5936436ed5f04cbe9b003f7887c1de41835d38c67db,test_evidence
publication,REPRO:publication/outputs/final_gate_20260719_v2/work/cache/pycache/tmp/feast-final-gate-v2-wheel.K3bwKI/venv/lib/python3.11/site-packages/pip/_internal/network/cache.cpython-311.pyc,publication_evidence,7947,24d88137ff9f86d2a34363f05f869dc7cc8ed70bd4c66512ebc939e417723636,test_evidence
publication,REPRO:publication/outputs/final_gate_20260719_v2/work/cache/pycache/tmp/feast-final-gate-v2-wheel.K3bwKI/venv/lib/python3.11/site-packages/pip/_internal/network/download.cpython-311.pyc,publication_evidence,9557,69a60e3a47d96589360526f99642b36ca070d80bc2d607228dce94f48899d347,test_evidence
publication,REPRO:publication/outputs/final_gate_20260719_v2/work/cache/pycache/tmp/feast-final-gate-v2-wheel.K3bwKI/venv/lib/python3.11/site-packages/pip/_internal/network/lazy_wheel.cpython-311.pyc,publication_evidence,13040,8853afe69926254ecbc056b95b1ecafa52cecc68ad40a65d91cbb0011f0338ca,test_evidence
publication,REPRO:publication/outputs/final_gate_20260719_v2/work/cache/pycache/tmp/feast-final-gate-v2-wheel.K3bwKI/venv/lib/python3.11/site-packages/pip/_internal/network/session.cpython-311.pyc,publication_evidence,21456,17ea155041847f84533a3862be7d8a5dd881840904b061f86c6dcd2495b3952f,test_evidence
publication,REPRO:publication/outputs/final_gate_20260719_v2/work/cache/pycache/tmp/feast-final-gate-v2-wheel.K3bwKI/venv/lib/python3.11/site-packages/pip/_internal/network/utils.cpython-311.pyc,publication_evidence,2428,6c3867b18debf166ea99b3d20e9ca1360333858517297136d1a49f89b9c16e4a,test_evidence
publication,REPRO:publication/outputs/final_gate_20260719_v2/work/cache/pycache/tmp/feast-final-gate-v2-wheel.K3bwKI/venv/lib/python3.11/site-packages/pip/_internal/network/xmlrpc.cpython-311.pyc,publication_evidence,3265,85d4da181d3832630cf422412fd942a347907b6ebd719362500298b9df8cc895,test_evidence
publication,REPRO:publication/outputs/final_gate_20260719_v2/work/cache/pycache/tmp/feast-final-gate-v2-wheel.K3bwKI/venv/lib/python3.11/site-packages/pip/_internal/operations/__init__.cpython-311.pyc,publication_evidence,217,70913477f137f678d19ef28937c5c857d40a4827056ccc65a549c4de732ba504,test_evidence
publication,REPRO:publication/outputs/final_gate_20260719_v2/work/cache/pycache/tmp/feast-final-gate-v2-wheel.K3bwKI/venv/lib/python3.11/site-packages/pip/_internal/operations/build/__init__.cpython-311.pyc,publication_evidence,223,8dac8d3fb5a9cb6a83da29d07b5cfd6d7936a885775739d72cca880921eaf9ad,test_evidence
publication,REPRO:publication/outputs/final_gate_20260719_v2/work/cache/pycache/tmp/feast-final-gate-v2-wheel.K3bwKI/venv/lib/python3.11/site-packages/pip/_internal/operations/build/build_tracker.cpython-311.pyc,publication_evidence,8944,990fff85440046bb7f5617c01fe8c2b55d92453796fe3744d15439b750a053e3,test_evidence
publication,REPRO:publication/outputs/final_gate_20260719_v2/work/cache/pycache/tmp/feast-final-gate-v2-wheel.K3bwKI/venv/lib/python3.11/site-packages/pip/_internal/operations/build/metadata.cpython-311.pyc,publication_evidence,2294,c586841b542f25f2b24635c54d67125418f6548b1cb6f99aaa17071f0a6ecf9d,test_evidence
publication,REPRO:publication/outputs/final_gate_20260719_v2/work/cache/pycache/tmp/feast-final-gate-v2-wheel.K3bwKI/venv/lib/python3.11/site-packages/pip/_internal/operations/build/metadata_editable.cpython-311.pyc,publication_evidence,2330,48593480916bd9085e34e805706ee92dd4089b1707f7568f690e314e70c64e64,test_evidence
publication,REPRO:publication/outputs/final_gate_20260719_v2/work/cache/pycache/tmp/feast-final-gate-v2-wheel.K3bwKI/venv/lib/python3.11/site-packages/pip/_internal/operations/build/metadata_legacy.cpython-311.pyc,publication_evidence,3730,ccc2fb8eca51991ead74b789d51f566bb1aa33693ad28176cfc03098af94aff5,test_evidence
publication,REPRO:publication/outputs/final_gate_20260719_v2/work/cache/pycache/tmp/feast-final-gate-v2-wheel.K3bwKI/venv/lib/python3.11/site-packages/pip/_internal/operations/build/wheel.cpython-311.pyc,publication_evidence,1960,6a0d523cb737f1ada549376665f18fe345945d541162444dc31679b77c5672aa,test_evidence
publication,REPRO:publication/outputs/final_gate_20260719_v2/work/cache/pycache/tmp/feast-final-gate-v2-wheel.K3bwKI/venv/lib/python3.11/site-packages/pip/_internal/operations/build/wheel_editable.cpython-311.pyc,publication_evidence,2404,9c550f28ac7604dcded37457c7a6f6cc9e28d83c93f7e1fa8d6a090d0d5d3c19,test_evidence
publication,REPRO:publication/outputs/final_gate_20260719_v2/work/cache/pycache/tmp/feast-final-gate-v2-wheel.K3bwKI/venv/lib/python3.11/site-packages/pip/_internal/operations/build/wheel_legacy.cpython-311.pyc,publication_evidence,4511,1dad05820e68f03d8ae7dab4b0f56fa7f74d3a8cd17384f61ebed739f56e920b,test_evidence
publication,REPRO:publication/outputs/final_gate_20260719_v2/work/cache/pycache/tmp/feast-final-gate-v2-wheel.K3bwKI/venv/lib/python3.11/site-packages/pip/_internal/operations/check.cpython-311.pyc,publication_evidence,8480,c70c3b9666508b1f77089fa65e36b1ad0cf776b135fc73176c9f525a0b989257,test_evidence
publication,REPRO:publication/outputs/final_gate_20260719_v2/work/cache/pycache/tmp/feast-final-gate-v2-wheel.K3bwKI/venv/lib/python3.11/site-packages/pip/_internal/operations/freeze.cpython-311.pyc,publication_evidence,11613,525bb8d52178dd099b34278a95e7530a42f2112a03f773bb21a49221897d50fa,test_evidence
publication,REPRO:publication/outputs/final_gate_20260719_v2/work/cache/pycache/tmp/feast-final-gate-v2-wheel.K3bwKI/venv/lib/python3.11/site-packages/pip/_internal/operations/install/__init__.cpython-311.pyc,publication_evidence,291,2934a22f47751909345d02eb4ff374e446575c8ad57fab48b0fe8ec078ca180d,test_evidence
publication,REPRO:publication/outputs/final_gate_20260719_v2/work/cache/pycache/tmp/feast-final-gate-v2-wheel.K3bwKI/venv/lib/python3.11/site-packages/pip/_internal/operations/install/editable_legacy.cpython-311.pyc,publication_evidence,2204,82ec2f93066b733c2f5b5a6e07795ecca09a9b8a47422c3eb02ccd9bb8a5dac1,test_evidence
publication,REPRO:publication/outputs/final_gate_20260719_v2/work/cache/pycache/tmp/feast-final-gate-v2-wheel.K3bwKI/venv/lib/python3.11/site-packages/pip/_internal/operations/install/wheel.cpython-311.pyc,publication_evidence,40185,74a75a6b6cf979f49a69ed8f1a89adc997cf1a11d247d3d0c15e87365dbc3fc3,test_evidence
publication,REPRO:publication/outputs/final_gate_20260719_v2/work/cache/pycache/tmp/feast-final-gate-v2-wheel.K3bwKI/venv/lib/python3.11/site-packages/pip/_internal/operations/prepare.cpython-311.pyc,publication_evidence,27838,95d29e866ec104c6d803b02f7bd2717db361b99a9836a4e6a4957bcb46aa8a63,test_evidence
publication,REPRO:publication/outputs/final_gate_20260719_v2/work/cache/pycache/tmp/feast-final-gate-v2-wheel.K3bwKI/venv/lib/python3.11/site-packages/pip/_internal/pyproject.cpython-311.pyc,publication_evidence,5626,08845b19123e0917067ed1ef8e8afdecb90b9074c27137d588d859637b9fe3f6,test_evidence
publication,REPRO:publication/outputs/final_gate_20260719_v2/work/cache/pycache/tmp/feast-final-gate-v2-wheel.K3bwKI/venv/lib/python3.11/site-packages/pip/_internal/req/__init__.cpython-311.pyc,publication_evidence,4404,ed8d416b871829f1cae12d8e3f22c0e5aec2bd99633966c22a847c43f4c376b3,test_evidence
publication,REPRO:publication/outputs/final_gate_20260719_v2/work/cache/pycache/tmp/feast-final-gate-v2-wheel.K3bwKI/venv/lib/python3.11/site-packages/pip/_internal/req/constructors.cpython-311.pyc,publication_evidence,23413,74a45dc76f2267029114f627b9b814a9fe4088903c37421d060fc562b57190a0,test_evidence
publication,REPRO:publication/outputs/final_gate_20260719_v2/work/cache/pycache/tmp/feast-final-gate-v2-wheel.K3bwKI/venv/lib/python3.11/site-packages/pip/_internal/req/req_file.cpython-311.pyc,publication_evidence,23125,6ff0ccc0b011ac651385bc840eceb09ff6148e43afd6a8405266dd51852c673c,test_evidence
publication,REPRO:publication/outputs/final_gate_20260719_v2/work/cache/pycache/tmp/feast-final-gate-v2-wheel.K3bwKI/venv/lib/python3.11/site-packages/pip/_internal/req/req_install.cpython-311.pyc,publication_evidence,40261,b5b2c07d755b16b1369aab6e506436e5e36c594b75de65752e2ec06c8929c287,test_evidence
publication,REPRO:publication/outputs/final_gate_20260719_v2/work/cache/pycache/tmp/feast-final-gate-v2-wheel.K3bwKI/venv/lib/python3.11/site-packages/pip/_internal/req/req_set.cpython-311.pyc,publication_evidence,7973,693f4cdf0062612205597b74bea455eb51eb2d6ca0c2fe937ef239e3902069c1,test_evidence
publication,REPRO:publication/outputs/final_gate_20260719_v2/work/cache/pycache/tmp/feast-final-gate-v2-wheel.K3bwKI/venv/lib/python3.11/site-packages/pip/_internal/req/req_uninstall.cpython-311.pyc,publication_evidence,37338,eba25a39ac46c55ee71d67e5c05f9f6d5e4dc327d2dde02386c8e893b7f965a2,test_evidence
publication,REPRO:publication/outputs/final_gate_20260719_v2/work/cache/pycache/tmp/feast-final-gate-v2-wheel.K3bwKI/venv/lib/python3.11/site-packages/pip/_internal/resolution/__init__.cpython-311.pyc,publication_evidence,217,6ed07acba8fa7f509f8ca57c0d7e62cf5923fc84abad58387bef43189b880c97,test_evidence
publication,REPRO:publication/outputs/final_gate_20260719_v2/work/cache/pycache/tmp/feast-final-gate-v2-wheel.K3bwKI/venv/lib/python3.11/site-packages/pip/_internal/resolution/base.cpython-311.pyc,publication_evidence,1388,f9ffb27b28a39e43b3cf6b281c6634d7cdfec8e3aae796e1dcf2bfab98fa311c,test_evidence
publication,REPRO:publication/outputs/final_gate_20260719_v2/work/cache/pycache/tmp/feast-final-gate-v2-wheel.K3bwKI/venv/lib/python3.11/site-packages/pip/_internal/resolution/legacy/__init__.cpython-311.pyc,publication_evidence,224,00428557b46dc2b69dcf08fcb2f3388d47772eb2062bbedbd98b29d56f602685,test_evidence
publication,REPRO:publication/outputs/final_gate_20260719_v2/work/cache/pycache/tmp/feast-final-gate-v2-wheel.K3bwKI/venv/lib/python3.11/site-packages/pip/_internal/resolution/legacy/resolver.cpython-311.pyc,publication_evidence,23681,8b8a4d864af2b8acca57adbfd923dd98bc6226279da52b1ddb215a887bc57c8b,test_evidence
publication,REPRO:publication/outputs/final_gate_20260719_v2/work/cache/pycache/tmp/feast-final-gate-v2-wheel.K3bwKI/venv/lib/python3.11/site-packages/pip/_internal/resolution/resolvelib/__init__.cpython-311.pyc,publication_evidence,228,8b8e64fb450544961f7dead6493ee374641ff8a8fe195e803a89a980e44bcbe6,test_evidence
publication,REPRO:publication/outputs/final_gate_20260719_v2/work/cache/pycache/tmp/feast-final-gate-v2-wheel.K3bwKI/venv/lib/python3.11/site-packages/pip/_internal/resolution/resolvelib/base.cpython-311.pyc,publication_evidence,9316,41ca981c69ee6c61c3a6ce0d34425b3215ddf890b85f28cbe41ad62f6bc2de08,test_evidence
publication,REPRO:publication/outputs/final_gate_20260719_v2/work/cache/pycache/tmp/feast-final-gate-v2-wheel.K3bwKI/venv/lib/python3.11/site-packages/pip/_internal/resolution/resolvelib/candidates.cpython-311.pyc,publication_evidence,31410,d7787c1773a96ac8008373d7a2b055d662e0dd7735c2b2ba9f3d046b4d56b843,test_evidence
publication,REPRO:publication/outputs/final_gate_20260719_v2/work/cache/pycache/tmp/feast-final-gate-v2-wheel.K3bwKI/venv/lib/python3.11/site-packages/pip/_internal/resolution/resolvelib/factory.cpython-311.pyc,publication_evidence,35798,983ca9799041b6e2cab6d31def7d0c47a0fbd3eb83cb2b1d4cee16cd0b131864,test_evidence
publication,REPRO:publication/outputs/final_gate_20260719_v2/work/cache/pycache/tmp/feast-final-gate-v2-wheel.K3bwKI/venv/lib/python3.11/site-packages/pip/_internal/resolution/resolvelib/found_candidates.cpython-311.pyc,publication_evidence,6776,6c13404596adcffbc0514a32a876a89b7d6d20d58c9b7fc6618e12230da86c77,test_evidence
publication,REPRO:publication/outputs/final_gate_20260719_v2/work/cache/pycache/tmp/feast-final-gate-v2-wheel.K3bwKI/venv/lib/python3.11/site-packages/pip/_internal/resolution/resolvelib/provider.cpython-311.pyc,publication_evidence,11467,a3716accd6337dffe9648131e2eac0d8ce7af490696bff66c8059ef97d1dcac8,test_evidence
publication,REPRO:publication/outputs/final_gate_20260719_v2/work/cache/pycache/tmp/feast-final-gate-v2-wheel.K3bwKI/venv/lib/python3.11/site-packages/pip/_internal/resolution/resolvelib/reporter.cpython-311.pyc,publication_evidence,5458,95bb3202030ba91b98c5a13b13cf92eca975d3d5756c0b835610a02a9fad5d7a,test_evidence
publication,REPRO:publication/outputs/final_gate_20260719_v2/work/cache/pycache/tmp/feast-final-gate-v2-wheel.K3bwKI/venv/lib/python3.11/site-packages/pip/_internal/resolution/resolvelib/requirements.cpython-311.pyc,publication_evidence,12230,61bbcf97bee1237547da02ddaf750c1c89bb6777b1c8ced0b3a2d5a5a1b585bf,test_evidence
publication,REPRO:publication/outputs/final_gate_20260719_v2/work/cache/pycache/tmp/feast-final-gate-v2-wheel.K3bwKI/venv/lib/python3.11/site-packages/pip/_internal/resolution/resolvelib/resolver.cpython-311.pyc,publication_evidence,13468,b35e9a53549df1f63e66f6f8072fbc38c0e2d6b898d6838a41f65428e500caa5,test_evidence
publication,REPRO:publication/outputs/final_gate_20260719_v2/work/cache/pycache/tmp/feast-final-gate-v2-wheel.K3bwKI/venv/lib/python3.11/site-packages/pip/_internal/self_outdated_check.cpython-311.pyc,publication_evidence,11783,7408065d32fad6a08d0f6499e5d919c6ff75322f530fc9c67a095b41c6c51bc2,test_evidence
publication,REPRO:publication/outputs/final_gate_20260719_v2/work/cache/pycache/tmp/feast-final-gate-v2-wheel.K3bwKI/venv/lib/python3.11/site-packages/pip/_internal/utils/__init__.cpython-311.pyc,publication_evidence,212,f50b3360639199771aef4f68f04efc6755d9a1aa4e9a25882bb82b30ffa3cb71,test_evidence
publication,REPRO:publication/outputs/final_gate_20260719_v2/work/cache/pycache/tmp/feast-final-gate-v2-wheel.K3bwKI/venv/lib/python3.11/site-packages/pip/_internal/utils/_jaraco_text.cpython-311.pyc,publication_evidence,4776,6a95599adbbc2cad3b324546d37ae20979befd88e9d8097ae33e42ff737b0bc7,test_evidence
publication,REPRO:publication/outputs/final_gate_20260719_v2/work/cache/pycache/tmp/feast-final-gate-v2-wheel.K3bwKI/venv/lib/python3.11/site-packages/pip/_internal/utils/_log.cpython-311.pyc,publication_evidence,2033,2f24abe0d8de3d1e7d18fc06d40ce76d9725f723b436ca73bf6d9b1690b89b8f,test_evidence
publication,REPRO:publication/outputs/final_gate_20260719_v2/work/cache/pycache/tmp/feast-final-gate-v2-wheel.K3bwKI/venv/lib/python3.11/site-packages/pip/_internal/utils/appdirs.cpython-311.pyc,publication_evidence,2571,784245d3445d54e40947a11c9f5a1ac531c56ac903a9b945f94a4a20d4206168,test_evidence
publication,REPRO:publication/outputs/final_gate_20260719_v2/work/cache/pycache/tmp/feast-final-gate-v2-wheel.K3bwKI/venv/lib/python3.11/site-packages/pip/_internal/utils/compat.cpython-311.pyc,publication_evidence,2279,a56fb2bda2ed572c2ad405bbb14714461a327ece636a72527fc0e8f4a51f1b83,test_evidence
publication,REPRO:publication/outputs/final_gate_20260719_v2/work/cache/pycache/tmp/feast-final-gate-v2-wheel.K3bwKI/venv/lib/python3.11/site-packages/pip/_internal/utils/compatibility_tags.cpython-311.pyc,publication_evidence,6771,64811bf262b22068dc059506a00f9db7ae08e7f0a238a8799cc051dac19898c1,test_evidence
publication,REPRO:publication/outputs/final_gate_20260719_v2/work/cache/pycache/tmp/feast-final-gate-v2-wheel.K3bwKI/venv/lib/python3.11/site-packages/pip/_internal/utils/datetime.cpython-311.pyc,publication_evidence,729,5b233ef8feea8c522e2d199548ff1f31d56fc874ec3e554067ed99a0cadee55f,test_evidence
publication,REPRO:publication/outputs/final_gate_20260719_v2/work/cache/pycache/tmp/feast-final-gate-v2-wheel.K3bwKI/venv/lib/python3.11/site-packages/pip/_internal/utils/deprecation.cpython-311.pyc,publication_evidence,4698,3f5685cccf5fcd6870ab6945de82b8b35044956aa6f4e6c397fa69a6b2f7c64f,test_evidence
publication,REPRO:publication/outputs/final_gate_20260719_v2/work/cache/pycache/tmp/feast-final-gate-v2-wheel.K3bwKI/venv/lib/python3.11/site-packages/pip/_internal/utils/direct_url_helpers.cpython-311.pyc,publication_evidence,3733,ac54f7127938457c225aeedf6960c1dcb2164489b9a7251d86e51012e35dcd93,test_evidence
publication,REPRO:publication/outputs/final_gate_20260719_v2/work/cache/pycache/tmp/feast-final-gate-v2-wheel.K3bwKI/venv/lib/python3.11/site-packages/pip/_internal/utils/egg_link.cpython-311.pyc,publication_evidence,3567,cbf1cfaccbd1952c154481125dd30ec2596e3aa7f47c86c258142b3bb85b5e09,test_evidence
publication,REPRO:publication/outputs/final_gate_20260719_v2/work/cache/pycache/tmp/feast-final-gate-v2-wheel.K3bwKI/venv/lib/python3.11/site-packages/pip/_internal/utils/encoding.cpython-311.pyc,publication_evidence,2335,999c1694bb25930040540388a6e78b1ab0798fb4bccde357e0a930487662af73,test_evidence
publication,REPRO:publication/outputs/final_gate_20260719_v2/work/cache/pycache/tmp/feast-final-gate-v2-wheel.K3bwKI/venv/lib/python3.11/site-packages/pip/_internal/utils/entrypoints.cpython-311.pyc,publication_evidence,4257,1d76b97311142fd0dbdc29c810b7e9baa1a5268d2c4159ca09e769d7277b51da,test_evidence
publication,REPRO:publication/outputs/final_gate_20260719_v2/work/cache/pycache/tmp/feast-final-gate-v2-wheel.K3bwKI/venv/lib/python3.11/site-packages/pip/_internal/utils/filesystem.cpython-311.pyc,publication_evidence,8242,be3a651cab27428f559b6ba362661958a9426b54fe814c164b6c07c649181ada,test_evidence
publication,REPRO:publication/outputs/final_gate_20260719_v2/work/cache/pycache/tmp/feast-final-gate-v2-wheel.K3bwKI/venv/lib/python3.11/site-packages/pip/_internal/utils/filetypes.cpython-311.pyc,publication_evidence,1328,4421a1a63fd18f82d0f875834ce030a0591cf85ea8de6d72239905d1fea08fb3,test_evidence
publication,REPRO:publication/outputs/final_gate_20260719_v2/work/cache/pycache/tmp/feast-final-gate-v2-wheel.K3bwKI/venv/lib/python3.11/site-packages/pip/_internal/utils/glibc.cpython-311.pyc,publication_evidence,2624,9f5de7e9fac6e3cadceefe4091f568b11e757e92b22759a21387ff5041bb397c,test_evidence
publication,REPRO:publication/outputs/final_gate_20260719_v2/work/cache/pycache/tmp/feast-final-gate-v2-wheel.K3bwKI/venv/lib/python3.11/site-packages/pip/_internal/utils/hashes.cpython-311.pyc,publication_evidence,8783,5ea51fb77cdd48ff09f7f0f8b3d7a6b34603397f1fb479cfa126e9b99cf92598,test_evidence
publication,REPRO:publication/outputs/final_gate_20260719_v2/work/cache/pycache/tmp/feast-final-gate-v2-wheel.K3bwKI/venv/lib/python3.11/site-packages/pip/_internal/utils/logging.cpython-311.pyc,publication_evidence,15383,d52a69c0b66ea32d77dcd000ce6f4d78fd92aa2d3374650ff61f9f4fbd5a5924,test_evidence
publication,REPRO:publication/outputs/final_gate_20260719_v2/work/cache/pycache/tmp/feast-final-gate-v2-wheel.K3bwKI/venv/lib/python3.11/site-packages/pip/_internal/utils/misc.cpython-311.pyc,publication_evidence,38629,2b64ac41a898bdd5bb11541889645ddcc3847a67a340ea8cef1153790f135fd5,test_evidence
publication,REPRO:publication/outputs/final_gate_20260719_v2/work/cache/pycache/tmp/feast-final-gate-v2-wheel.K3bwKI/venv/lib/python3.11/site-packages/pip/_internal/utils/models.cpython-311.pyc,publication_evidence,2952,fa353885e45d5d350e62f4211427cb6a09bf8385120b7e1fbe7df6f123cc4612,test_evidence
publication,REPRO:publication/outputs/final_gate_20260719_v2/work/cache/pycache/tmp/feast-final-gate-v2-wheel.K3bwKI/venv/lib/python3.11/site-packages/pip/_internal/utils/packaging.cpython-311.pyc,publication_evidence,2819,361e10fef7cdf1ba8720b5a219737bb2eec97df216f09b9cda30e29a1ccfd0be,test_evidence
publication,REPRO:publication/outputs/final_gate_20260719_v2/work/cache/pycache/tmp/feast-final-gate-v2-wheel.K3bwKI/venv/lib/python3.11/site-packages/pip/_internal/utils/setuptools_build.cpython-311.pyc,publication_evidence,4884,43a71976401ecd2c85a6bb2703da76c4d7167f1d1b86aea14fc70adcd8f7a772,test_evidence
publication,REPRO:publication/outputs/final_gate_20260719_v2/work/cache/pycache/tmp/feast-final-gate-v2-wheel.K3bwKI/venv/lib/python3.11/site-packages/pip/_internal/utils/subprocess.cpython-311.pyc,publication_evidence,9911,2f8c7416280217ea1315a530f774267bc4804d675f6d6448abe9b6ad06cdb6b7,test_evidence
publication,REPRO:publication/outputs/final_gate_20260719_v2/work/cache/pycache/tmp/feast-final-gate-v2-wheel.K3bwKI/venv/lib/python3.11/site-packages/pip/_internal/utils/temp_dir.cpython-311.pyc,publication_evidence,13396,a4d995b00e8d23e007bf3cf9621c7f69dc5a90843e943846684d556940a47b75,test_evidence
publication,REPRO:publication/outputs/final_gate_20260719_v2/work/cache/pycache/tmp/feast-final-gate-v2-wheel.K3bwKI/venv/lib/python3.11/site-packages/pip/_internal/utils/unpacking.cpython-311.pyc,publication_evidence,12908,97f6a9e1e26581438ae173d8d1d1413bb3dd7a4be5f31ac6c64552504a8c6de2,test_evidence
publication,REPRO:publication/outputs/final_gate_20260719_v2/work/cache/pycache/tmp/feast-final-gate-v2-wheel.K3bwKI/venv/lib/python3.11/site-packages/pip/_internal/utils/urls.cpython-311.pyc,publication_evidence,2704,e26158185ad091720812c5c6a857aa6f107305b22ac6415b313eefa29f14acb9,test_evidence
publication,REPRO:publication/outputs/final_gate_20260719_v2/work/cache/pycache/tmp/feast-final-gate-v2-wheel.K3bwKI/venv/lib/python3.11/site-packages/pip/_internal/utils/virtualenv.cpython-311.pyc,publication_evidence,4952,e3e52b36b049d5ef39414b28ed9b4f5dba90e9f09aba663c47504a27bb22075e,test_evidence
publication,REPRO:publication/outputs/final_gate_20260719_v2/work/cache/pycache/tmp/feast-final-gate-v2-wheel.K3bwKI/venv/lib/python3.11/site-packages/pip/_internal/utils/wheel.cpython-311.pyc,publication_evidence,7040,46c25a5bcb2ddbfcb88029675dd5ce64b5e0f10ae49d171fb4fc4805b4db8d6b,test_evidence
publication,REPRO:publication/outputs/final_gate_20260719_v2/work/cache/pycache/tmp/feast-final-gate-v2-wheel.K3bwKI/venv/lib/python3.11/site-packages/pip/_internal/vcs/__init__.cpython-311.pyc,publication_evidence,647,63e18910dbfeae0681f3f855100055c6f69e6903c1629ea1fd2c646518b0c73b,test_evidence
publication,REPRO:publication/outputs/final_gate_20260719_v2/work/cache/pycache/tmp/feast-final-gate-v2-wheel.K3bwKI/venv/lib/python3.11/site-packages/pip/_internal/vcs/bazaar.cpython-311.pyc,publication_evidence,5872,42de6dc0c4efc45ba139e8884965ca8cba1db18663c53298f77b93cbbefe5037,test_evidence
publication,REPRO:publication/outputs/final_gate_20260719_v2/work/cache/pycache/tmp/feast-final-gate-v2-wheel.K3bwKI/venv/lib/python3.11/site-packages/pip/_internal/vcs/git.cpython-311.pyc,publication_evidence,21387,0e17ca3dd6663e6d10ed3c6013298112ae441d31c8a00b0171dd71d8ddef9820,test_evidence
publication,REPRO:publication/outputs/final_gate_20260719_v2/work/cache/pycache/tmp/feast-final-gate-v2-wheel.K3bwKI/venv/lib/python3.11/site-packages/pip/_internal/vcs/mercurial.cpython-311.pyc,publication_evidence,8740,17371edab1f6cd572e08f313d142d1becdda36bec1f4d9f2586966681ec51927,test_evidence
publication,REPRO:publication/outputs/final_gate_20260719_v2/work/cache/pycache/tmp/feast-final-gate-v2-wheel.K3bwKI/venv/lib/python3.11/site-packages/pip/_internal/vcs/subversion.cpython-311.pyc,publication_evidence,14615,d082689d701ed436ea7215aa2416f3445d7d8d7c670acbe4f54dd33df2c8b3c6,test_evidence
publication,REPRO:publication/outputs/final_gate_20260719_v2/work/cache/pycache/tmp/feast-final-gate-v2-wheel.K3bwKI/venv/lib/python3.11/site-packages/pip/_internal/vcs/versioncontrol.cpython-311.pyc,publication_evidence,31779,141965cc7d22b92cecbd9a09ca7d8e9521b5c438dc86191308ee00f15e742f03,test_evidence
publication,REPRO:publication/outputs/final_gate_20260719_v2/work/cache/pycache/tmp/feast-final-gate-v2-wheel.K3bwKI/venv/lib/python3.11/site-packages/pip/_internal/wheel_builder.cpython-311.pyc,publication_evidence,15184,a6f485c1b26e3fa06ff29259a135355f162a293c1774042676902d1eeeac1b4f,test_evidence
publication,REPRO:publication/outputs/final_gate_20260719_v2/work/cache/pycache/tmp/feast-final-gate-v2-wheel.K3bwKI/venv/lib/python3.11/site-packages/pip/_vendor/__init__.cpython-311.pyc,publication_evidence,5675,03b52c4828cfcdfd9bcebc1639489c8d9958b57ef9106e6073b1234eaaa126a6,test_evidence
publication,REPRO:publication/outputs/final_gate_20260719_v2/work/cache/pycache/tmp/feast-final-gate-v2-wheel.K3bwKI/venv/lib/python3.11/site-packages/pip/_vendor/cachecontrol/__init__.cpython-311.pyc,publication_evidence,991,1d13974a513c83e60b67f1482f9b21ff7026720853f10536d9c220dcf21e8994,test_evidence
publication,REPRO:publication/outputs/final_gate_20260719_v2/work/cache/pycache/tmp/feast-final-gate-v2-wheel.K3bwKI/venv/lib/python3.11/site-packages/pip/_vendor/cachecontrol/_cmd.cpython-311.pyc,publication_evidence,3042,1edd39e1570098c49298633a66d2ecf7a9158b59c5fd9c0d82d2f5d5e89a472a,test_evidence
publication,REPRO:publication/outputs/final_gate_20260719_v2/work/cache/pycache/tmp/feast-final-gate-v2-wheel.K3bwKI/venv/lib/python3.11/site-packages/pip/_vendor/cachecontrol/adapter.cpython-311.pyc,publication_evidence,6918,20dc2146d157303ba2b909daff1fec10b47dffbcec2782fd08750890abe2bf98,test_evidence
publication,REPRO:publication/outputs/final_gate_20260719_v2/work/cache/pycache/tmp/feast-final-gate-v2-wheel.K3bwKI/venv/lib/python3.11/site-packages/pip/_vendor/cachecontrol/cache.cpython-311.pyc,publication_evidence,4515,d53d70e46796382f3e75307ca470146c9e69f72aa4bf74ab911223f6d6f33a5c,test_evidence
publication,REPRO:publication/outputs/final_gate_20260719_v2/work/cache/pycache/tmp/feast-final-gate-v2-wheel.K3bwKI/venv/lib/python3.11/site-packages/pip/_vendor/cachecontrol/caches/__init__.cpython-311.pyc,publication_evidence,492,2c1d26608393358f394ace6f10902e8b20f7a0a74b3e5974c1af550604fb21b8,test_evidence
publication,REPRO:publication/outputs/final_gate_20260719_v2/work/cache/pycache/tmp/feast-final-gate-v2-wheel.K3bwKI/venv/lib/python3.11/site-packages/pip/_vendor/cachecontrol/caches/file_cache.cpython-311.pyc,publication_evidence,8998,2161af814d27af960cf65f06ac934c067973c9f10f92eded63a69b27540bf425,test_evidence
publication,REPRO:publication/outputs/final_gate_20260719_v2/work/cache/pycache/tmp/feast-final-gate-v2-wheel.K3bwKI/venv/lib/python3.11/site-packages/pip/_vendor/cachecontrol/caches/redis_cache.cpython-311.pyc,publication_evidence,3099,aa09e96a320023b3880d25173c9b6fceef481d0f8e0d36879261397521af819a,test_evidence
publication,REPRO:publication/outputs/final_gate_20260719_v2/work/cache/pycache/tmp/feast-final-gate-v2-wheel.K3bwKI/venv/lib/python3.11/site-packages/pip/_vendor/cachecontrol/controller.cpython-311.pyc,publication_evidence,18268,c1f96f6012455c46ea606ee4b9807191ac6ebdabffd1bc98e64c33c2a1e748cd,test_evidence
publication,REPRO:publication/outputs/final_gate_20260719_v2/work/cache/pycache/tmp/feast-final-gate-v2-wheel.K3bwKI/venv/lib/python3.11/site-packages/pip/_vendor/cachecontrol/filewrapper.cpython-311.pyc,publication_evidence,4771,c5e047b207e59f6da0772795dcc4c75821a212e016787851e366f02053e370e6,test_evidence
publication,REPRO:publication/outputs/final_gate_20260719_v2/work/cache/pycache/tmp/feast-final-gate-v2-wheel.K3bwKI/venv/lib/python3.11/site-packages/pip/_vendor/cachecontrol/heuristics.cpython-311.pyc,publication_evidence,7574,f9b320c8168c995c25439ab29663cba1e1bfe89f8ceca9bea7a8231ac76a0eb2,test_evidence
publication,REPRO:publication/outputs/final_gate_20260719_v2/work/cache/pycache/tmp/feast-final-gate-v2-wheel.K3bwKI/venv/lib/python3.11/site-packages/pip/_vendor/cachecontrol/serialize.cpython-311.pyc,publication_evidence,7050,5c995d4ce074912b5ed3d96c3dce8434fbd1859032c4cea4e0c49fbb3f2ffc31,test_evidence
publication,REPRO:publication/outputs/final_gate_20260719_v2/work/cache/pycache/tmp/feast-final-gate-v2-wheel.K3bwKI/venv/lib/python3.11/site-packages/pip/_vendor/cachecontrol/wrapper.cpython-311.pyc,publication_evidence,1883,33dfb2e469a9b7238a5d4b3523c60e615b0109f624f1117739f64f57c0a7faed,test_evidence
publication,REPRO:publication/outputs/final_gate_20260719_v2/work/cache/pycache/tmp/feast-final-gate-v2-wheel.K3bwKI/venv/lib/python3.11/site-packages/pip/_vendor/certifi/__init__.cpython-311.pyc,publication_evidence,354,9c370eded3b393f63c8251bee0fdf356bcdebcda16880a8543fba6fd2b99d831,test_evidence
publication,REPRO:publication/outputs/final_gate_20260719_v2/work/cache/pycache/tmp/feast-final-gate-v2-wheel.K3bwKI/venv/lib/python3.11/site-packages/pip/_vendor/certifi/__main__.cpython-311.pyc,publication_evidence,755,be4ce7f4969ad67ce3bf6696d75aae847684b89c26689094997c31d93d1b3e80,test_evidence
publication,REPRO:publication/outputs/final_gate_20260719_v2/work/cache/pycache/tmp/feast-final-gate-v2-wheel.K3bwKI/venv/lib/python3.11/site-packages/pip/_vendor/certifi/core.cpython-311.pyc,publication_evidence,3377,8a644ab447e3cc007c31d57dc75d09bcaf572b13d9e42398cec7f892e7ca5973,test_evidence
publication,REPRO:publication/outputs/final_gate_20260719_v2/work/cache/pycache/tmp/feast-final-gate-v2-wheel.K3bwKI/venv/lib/python3.11/site-packages/pip/_vendor/chardet/__init__.cpython-311.pyc,publication_evidence,5086,29fa818b898c49a0be398478ed8c8503261001f890317eabe0fa1c3851e73ef2,test_evidence
publication,REPRO:publication/outputs/final_gate_20260719_v2/work/cache/pycache/tmp/feast-final-gate-v2-wheel.K3bwKI/venv/lib/python3.11/site-packages/pip/_vendor/chardet/big5freq.cpython-311.pyc,publication_evidence,27216,f83403c84caf239a8a60ae70fc910c7e43fa5a8c81efcdea1cd665997dbc430d,test_evidence
publication,REPRO:publication/outputs/final_gate_20260719_v2/work/cache/pycache/tmp/feast-final-gate-v2-wheel.K3bwKI/venv/lib/python3.11/site-packages/pip/_vendor/chardet/big5prober.cpython-311.pyc,publication_evidence,1691,4b2757d584b17729f4dd9d9e6c844a142df3c16be33e5d053cc683e103cd2b53,test_evidence
publication,REPRO:publication/outputs/final_gate_20260719_v2/work/cache/pycache/tmp/feast-final-gate-v2-wheel.K3bwKI/venv/lib/python3.11/site-packages/pip/_vendor/chardet/chardistribution.cpython-311.pyc,publication_evidence,11283,7dd716a0cbd57e477e5b27594a967b688efd530a6057d98ac92c242ca65aac65,test_evidence
publication,REPRO:publication/outputs/final_gate_20260719_v2/work/cache/pycache/tmp/feast-final-gate-v2-wheel.K3bwKI/venv/lib/python3.11/site-packages/pip/_vendor/chardet/charsetgroupprober.cpython-311.pyc,publication_evidence,4313,746164972a5c68e0d4b7d99859ff293fb500dad3f9caf60528400e9f09faa0a4,test_evidence
publication,REPRO:publication/outputs/final_gate_20260719_v2/work/cache/pycache/tmp/feast-final-gate-v2-wheel.K3bwKI/venv/lib/python3.11/site-packages/pip/_vendor/chardet/charsetprober.cpython-311.pyc,publication_evidence,5559,33a183f0f016050e2317b184c93971670a1f07a6c105190602f424840cd49960,test_evidence
publication,REPRO:publication/outputs/final_gate_20260719_v2/work/cache/pycache/tmp/feast-final-gate-v2-wheel.K3bwKI/venv/lib/python3.11/site-packages/pip/_vendor/chardet/cli/__init__.cpython-311.pyc,publication_evidence,216,0899d7ca0056a8e393922071fa040d554e96f021b6ccbf94e7c92a5047688215,test_evidence
publication,REPRO:publication/outputs/final_gate_20260719_v2/work/cache/pycache/tmp/feast-final-gate-v2-wheel.K3bwKI/venv/lib/python3.11/site-packages/pip/_vendor/chardet/cli/chardetect.cpython-311.pyc,publication_evidence,4355,722200b182f090c4c9c71da1766221b934c17f63c5e01a012430faa5077baa30,test_evidence
publication,REPRO:publication/outputs/final_gate_20260719_v2/work/cache/pycache/tmp/feast-final-gate-v2-wheel.K3bwKI/venv/lib/python3.11/site-packages/pip/_vendor/chardet/codingstatemachine.cpython-311.pyc,publication_evidence,4010,6fddd5c02023983b8432ab408bd98d7c3a041ef8ff96f3e274643a42bcf448a5,test_evidence
publication,REPRO:publication/outputs/final_gate_20260719_v2/work/cache/pycache/tmp/feast-final-gate-v2-wheel.K3bwKI/venv/lib/python3.11/site-packages/pip/_vendor/chardet/codingstatemachinedict.cpython-311.pyc,publication_evidence,966,6b35021e5e84ed857e75a89eacadb48811a05b9bff7930d12a73639660d2d848,test_evidence
publication,REPRO:publication/outputs/final_gate_20260719_v2/work/cache/pycache/tmp/feast-final-gate-v2-wheel.K3bwKI/venv/lib/python3.11/site-packages/pip/_vendor/chardet/cp949prober.cpython-311.pyc,publication_evidence,1700,c8adad16083328ef811fda117890aacb94a0fbf0fce59a7aa8af2add8883fd79,test_evidence
publication,REPRO:publication/outputs/final_gate_20260719_v2/work/cache/pycache/tmp/feast-final-gate-v2-wheel.K3bwKI/venv/lib/python3.11/site-packages/pip/_vendor/chardet/enums.cpython-311.pyc,publication_evidence,3401,b2e137a2c95565d82c216753e7fbddeef1005a485cfd1dba8fa416e6cf93e4b4,test_evidence
publication,REPRO:publication/outputs/final_gate_20260719_v2/work/cache/pycache/tmp/feast-final-gate-v2-wheel.K3bwKI/venv/lib/python3.11/site-packages/pip/_vendor/chardet/escprober.cpython-311.pyc,publication_evidence,4917,15b5434d405ccbc41398ae17d413c2326edcb73582a331a4d926c9c09df992b4,test_evidence
publication,REPRO:publication/outputs/final_gate_20260719_v2/work/cache/pycache/tmp/feast-final-gate-v2-wheel.K3bwKI/venv/lib/python3.11/site-packages/pip/_vendor/chardet/escsm.cpython-311.pyc,publication_evidence,12656,c1b39f6cdf1019ffd0472ca70d5260440e9dde75e934643ac5b06e816c88d2cc,test_evidence
publication,REPRO:publication/outputs/final_gate_20260719_v2/work/cache/pycache/tmp/feast-final-gate-v2-wheel.K3bwKI/venv/lib/python3.11/site-packages/pip/_vendor/chardet/eucjpprober.cpython-311.pyc,publication_evidence,4743,b263dba04059d81fadd267e22a0ed472f5bf71e685d03ad28d13ebe20011e9f3,test_evidence
publication,REPRO:publication/outputs/final_gate_20260719_v2/work/cache/pycache/tmp/feast-final-gate-v2-wheel.K3bwKI/venv/lib/python3.11/site-packages/pip/_vendor/chardet/euckrfreq.cpython-311.pyc,publication_evidence,12099,a118560a3c49fa0a9e1cf7e97e6806e0307fc22e4f69eacc26b9339ce529275f,test_evidence
publication,REPRO:publication/outputs/final_gate_20260719_v2/work/cache/pycache/tmp/feast-final-gate-v2-wheel.K3bwKI/venv/lib/python3.11/site-packages/pip/_vendor/chardet/euckrprober.cpython-311.pyc,publication_evidence,1692,e2ecba65eb3dc8a243b3d3d9e043d74742687b4bc7951bcf2c0f6f5b43bfe9de,test_evidence
publication,REPRO:publication/outputs/final_gate_20260719_v2/work/cache/pycache/tmp/feast-final-gate-v2-wheel.K3bwKI/venv/lib/python3.11/site-packages/pip/_vendor/chardet/euctwfreq.cpython-311.pyc,publication_evidence,27221,4bacbd6f79744bed81e734a220a21240990cd57f7583c872d70413018e6140e0,test_evidence
publication,REPRO:publication/outputs/final_gate_20260719_v2/work/cache/pycache/tmp/feast-final-gate-v2-wheel.K3bwKI/venv/lib/python3.11/site-packages/pip/_vendor/chardet/euctwprober.cpython-311.pyc,publication_evidence,1692,cc5f824f19e72f6a20849ab5b2daf6c52f431d14e66e0787eb0c45d0e5ca0cac,test_evidence
publication,REPRO:publication/outputs/final_gate_20260719_v2/work/cache/pycache/tmp/feast-final-gate-v2-wheel.K3bwKI/venv/lib/python3.11/site-packages/pip/_vendor/chardet/gb2312freq.cpython-311.pyc,publication_evidence,19143,9c1a6bb01bb1bea3621e9a870f958ca9a10d57b35a97370815f6ceaac878d270,test_evidence
publication,REPRO:publication/outputs/final_gate_20260719_v2/work/cache/pycache/tmp/feast-final-gate-v2-wheel.K3bwKI/venv/lib/python3.11/site-packages/pip/_vendor/chardet/gb2312prober.cpython-311.pyc,publication_evidence,1707,332c932cfcd59e8e2408ad3a47618634be8a0909c87e6b907974b452e9339f4f,test_evidence
publication,REPRO:publication/outputs/final_gate_20260719_v2/work/cache/pycache/tmp/feast-final-gate-v2-wheel.K3bwKI/venv/lib/python3.11/site-packages/pip/_vendor/chardet/hebrewprober.cpython-311.pyc,publication_evidence,5696,98e525e8b4278e18cf1051a5e24d981a520a5ad79665566fcab3ba7899ece2e5,test_evidence
publication,REPRO:publication/outputs/final_gate_20260719_v2/work/cache/pycache/tmp/feast-final-gate-v2-wheel.K3bwKI/venv/lib/python3.11/site-packages/pip/_vendor/chardet/jisfreq.cpython-311.pyc,publication_evidence,22172,0bf1da5362dfa396f91cc2e031c32871f3b83d179c2590f3d81453be814539de,test_evidence
publication,REPRO:publication/outputs/final_gate_20260719_v2/work/cache/pycache/tmp/feast-final-gate-v2-wheel.K3bwKI/venv/lib/python3.11/site-packages/pip/_vendor/chardet/johabfreq.cpython-311.pyc,publication_evidence,84676,2bf3beb1f6c4bbf8aa50eda6b702043ffae6a4a39c7443d99d92c7503acc72a9,test_evidence
publication,REPRO:publication/outputs/final_gate_20260719_v2/work/cache/pycache/tmp/feast-final-gate-v2-wheel.K3bwKI/venv/lib/python3.11/site-packages/pip/_vendor/chardet/johabprober.cpython-311.pyc,publication_evidence,1698,0952b9b3ecccae4a10abe19cee53fae3986fd3214a2739c261b7e037f1887222,test_evidence
publication,REPRO:publication/outputs/final_gate_20260719_v2/work/cache/pycache/tmp/feast-final-gate-v2-wheel.K3bwKI/venv/lib/python3.11/site-packages/pip/_vendor/chardet/jpcntx.cpython-311.pyc,publication_evidence,40180,b194a88ff1b9809db12d0f4a32307235237d8f2087ee0f25fe52b7018e68be9a,test_evidence
publication,REPRO:publication/outputs/final_gate_20260719_v2/work/cache/pycache/tmp/feast-final-gate-v2-wheel.K3bwKI/venv/lib/python3.11/site-packages/pip/_vendor/chardet/langbulgarianmodel.cpython-311.pyc,publication_evidence,85850,e0f3a8b51c411d484e02241dbec7a807d4c80d0bd95e24d56e3f6922eaa467e8,test_evidence
publication,REPRO:publication/outputs/final_gate_20260719_v2/work/cache/pycache/tmp/feast-final-gate-v2-wheel.K3bwKI/venv/lib/python3.11/site-packages/pip/_vendor/chardet/langgreekmodel.cpython-311.pyc,publication_evidence,79272,53d3356d2b15a93a43640ad8531e4f0e825403edf5ddf32fe66197157b9699fc,test_evidence
publication,REPRO:publication/outputs/final_gate_20260719_v2/work/cache/pycache/tmp/feast-final-gate-v2-wheel.K3bwKI/venv/lib/python3.11/site-packages/pip/_vendor/chardet/langhebrewmodel.cpython-311.pyc,publication_evidence,80034,1afe8326a8724cde028dabc26aa9e9a0863ad5b1a6dc1cae41c866ce041cfae0,test_evidence
publication,REPRO:publication/outputs/final_gate_20260719_v2/work/cache/pycache/tmp/feast-final-gate-v2-wheel.K3bwKI/venv/lib/python3.11/site-packages/pip/_vendor/chardet/langhungarianmodel.cpython-311.pyc,publication_evidence,85804,d521196d015ff0712ad2e250d6874e58982c50142fe29b30779b6789c3a04661,test_evidence
publication,REPRO:publication/outputs/final_gate_20260719_v2/work/cache/pycache/tmp/feast-final-gate-v2-wheel.K3bwKI/venv/lib/python3.11/site-packages/pip/_vendor/chardet/langrussianmodel.cpython-311.pyc,publication_evidence,108751,792856fbccc08edc0530fd7ce6c24d28d369dbace7f14f5719a38242d07048a6,test_evidence
publication,REPRO:publication/outputs/final_gate_20260719_v2/work/cache/pycache/tmp/feast-final-gate-v2-wheel.K3bwKI/venv/lib/python3.11/site-packages/pip/_vendor/chardet/langthaimodel.cpython-311.pyc,publication_evidence,80212,38497622e50dc7cbd9a55e1ed6b7e41ce1debdff27a8cc8704aede29db00c7cf,test_evidence
publication,REPRO:publication/outputs/final_gate_20260719_v2/work/cache/pycache/tmp/feast-final-gate-v2-wheel.K3bwKI/venv/lib/python3.11/site-packages/pip/_vendor/chardet/langturkishmodel.cpython-311.pyc,publication_evidence,80051,a455886b59f9f5a9f9046ebbcb97806838074948d6ac4e40a52596d2570b9bef,test_evidence
publication,REPRO:publication/outputs/final_gate_20260719_v2/work/cache/pycache/tmp/feast-final-gate-v2-wheel.K3bwKI/venv/lib/python3.11/site-packages/pip/_vendor/chardet/latin1prober.cpython-311.pyc,publication_evidence,7347,6c2598334b2f33c04d03dba1759df461ab8ddd65dd68cd0be15489b422b14af4,test_evidence
publication,REPRO:publication/outputs/final_gate_20260719_v2/work/cache/pycache/tmp/feast-final-gate-v2-wheel.K3bwKI/venv/lib/python3.11/site-packages/pip/_vendor/chardet/macromanprober.cpython-311.pyc,publication_evidence,7514,c71eadc4308cd7afda452e440924665f64f6ec79d640ded3fb5516b7c7ec2c0c,test_evidence
publication,REPRO:publication/outputs/final_gate_20260719_v2/work/cache/pycache/tmp/feast-final-gate-v2-wheel.K3bwKI/venv/lib/python3.11/site-packages/pip/_vendor/chardet/mbcharsetprober.cpython-311.pyc,publication_evidence,4135,fb77de807eb590a9cc23bb58315ab4a5a99ef5a7fdf2d9b79c5a2ec23812e380,test_evidence
publication,REPRO:publication/outputs/final_gate_20260719_v2/work/cache/pycache/tmp/feast-final-gate-v2-wheel.K3bwKI/venv/lib/python3.11/site-packages/pip/_vendor/chardet/mbcsgroupprober.cpython-311.pyc,publication_evidence,2005,a0a67ca2907c3cdc43e821a1eebf26e0416caca6695aa1ec33c03c52a60901b2,test_evidence
publication,REPRO:publication/outputs/final_gate_20260719_v2/work/cache/pycache/tmp/feast-final-gate-v2-wheel.K3bwKI/venv/lib/python3.11/site-packages/pip/_vendor/chardet/mbcssm.cpython-311.pyc,publication_evidence,31745,177b6c3caf95179f0872bdd34ef11eeddaf9a6169a756f1b69648b7998ac6ca9,test_evidence
publication,REPRO:publication/outputs/final_gate_20260719_v2/work/cache/pycache/tmp/feast-final-gate-v2-wheel.K3bwKI/venv/lib/python3.11/site-packages/pip/_vendor/chardet/metadata/__init__.cpython-311.pyc,publication_evidence,221,bea4dbf91fb431f1fce31c7658da5154e6b526951344b9175f5a25dc0991d38a,test_evidence
publication,REPRO:publication/outputs/final_gate_20260719_v2/work/cache/pycache/tmp/feast-final-gate-v2-wheel.K3bwKI/venv/lib/python3.11/site-packages/pip/_vendor/chardet/metadata/languages.cpython-311.pyc,publication_evidence,10821,4e96010ae5e1dc373bb1ea9825a9c19c6ab9690ab7821ee465e89e34e849df8e,test_evidence
publication,REPRO:publication/outputs/final_gate_20260719_v2/work/cache/pycache/tmp/feast-final-gate-v2-wheel.K3bwKI/venv/lib/python3.11/site-packages/pip/_vendor/chardet/resultdict.cpython-311.pyc,publication_evidence,784,ba733522dc9a171698be5ed29be3c03850a472b0192c737b7e95cee7cc899d77,test_evidence
publication,REPRO:publication/outputs/final_gate_20260719_v2/work/cache/pycache/tmp/feast-final-gate-v2-wheel.K3bwKI/venv/lib/python3.11/site-packages/pip/_vendor/chardet/sbcharsetprober.cpython-311.pyc,publication_evidence,6410,2b5b4becdf69c34de2514ef62975f000a154fcc011b9255d5e6fe253c6b4cdab,test_evidence
publication,REPRO:publication/outputs/final_gate_20260719_v2/work/cache/pycache/tmp/feast-final-gate-v2-wheel.K3bwKI/venv/lib/python3.11/site-packages/pip/_vendor/chardet/sbcsgroupprober.cpython-311.pyc,publication_evidence,2955,5029276f9b43ceb171dc02c9cba19d9eaabf065b3da2ae4b56fe12832ec78853,test_evidence
publication,REPRO:publication/outputs/final_gate_20260719_v2/work/cache/pycache/tmp/feast-final-gate-v2-wheel.K3bwKI/venv/lib/python3.11/site-packages/pip/_vendor/chardet/sjisprober.cpython-311.pyc,publication_evidence,4848,023591a8a73f101932b7443c80ceb35145d8d049d57482af4b406e7a3a3d7add,test_evidence
publication,REPRO:publication/outputs/final_gate_20260719_v2/work/cache/pycache/tmp/feast-final-gate-v2-wheel.K3bwKI/venv/lib/python3.11/site-packages/pip/_vendor/chardet/universaldetector.cpython-311.pyc,publication_evidence,12476,dfd90536a0d10205a9185e210a4d4dc48c71ba49bca594bad3a835c2d04f578e,test_evidence
publication,REPRO:publication/outputs/final_gate_20260719_v2/work/cache/pycache/tmp/feast-final-gate-v2-wheel.K3bwKI/venv/lib/python3.11/site-packages/pip/_vendor/chardet/utf1632prober.cpython-311.pyc,publication_evidence,10596,7f60304d89dbe33fd166486232af1fc91d86de563c51e92fd12a71b575becd4f,test_evidence
publication,REPRO:publication/outputs/final_gate_20260719_v2/work/cache/pycache/tmp/feast-final-gate-v2-wheel.K3bwKI/venv/lib/python3.11/site-packages/pip/_vendor/chardet/utf8prober.cpython-311.pyc,publication_evidence,3483,cfb7fbce08186d56beea915bcb2b2ba90c4aca0c2f33b6e3deb76e4bb8e37ca2,test_evidence
publication,REPRO:publication/outputs/final_gate_20260719_v2/work/cache/pycache/tmp/feast-final-gate-v2-wheel.K3bwKI/venv/lib/python3.11/site-packages/pip/_vendor/chardet/version.cpython-311.pyc,publication_evidence,519,1c9870ca80f62cd1c92c73547b7ad5eb25c6b4df0f8e01091d46f04184957b23,test_evidence
publication,REPRO:publication/outputs/final_gate_20260719_v2/work/cache/pycache/tmp/feast-final-gate-v2-wheel.K3bwKI/venv/lib/python3.11/site-packages/pip/_vendor/colorama/__init__.cpython-311.pyc,publication_evidence,588,ea092ab974f386fe932c5931633220310ef037996dfa84695d51738b524d250f,test_evidence
publication,REPRO:publication/outputs/final_gate_20260719_v2/work/cache/pycache/tmp/feast-final-gate-v2-wheel.K3bwKI/venv/lib/python3.11/site-packages/pip/_vendor/colorama/ansi.cpython-311.pyc,publication_evidence,4586,d308c985006e7909fe318099a4810bd3325c81bd957c681c85464f9a674d3fda,test_evidence
publication,REPRO:publication/outputs/final_gate_20260719_v2/work/cache/pycache/tmp/feast-final-gate-v2-wheel.K3bwKI/venv/lib/python3.11/site-packages/pip/_vendor/colorama/ansitowin32.cpython-311.pyc,publication_evidence,16232,962330e5fac823da8723ac6af89f03c732c7c1e96ee51eaf517fa95c3ab09ec7,test_evidence
publication,REPRO:publication/outputs/final_gate_20260719_v2/work/cache/pycache/tmp/feast-final-gate-v2-wheel.K3bwKI/venv/lib/python3.11/site-packages/pip/_vendor/colorama/initialise.cpython-311.pyc,publication_evidence,3949,dfb97c02e47e4b095cbb32b4c8c75a9c5d5b1e43da97971f2916ec324c179d45,test_evidence
publication,REPRO:publication/outputs/final_gate_20260719_v2/work/cache/pycache/tmp/feast-final-gate-v2-wheel.K3bwKI/venv/lib/python3.11/site-packages/pip/_vendor/colorama/tests/__init__.cpython-311.pyc,publication_evidence,219,73b98fdc380b68e2b8fa03bb7c0b8dc16c435842485dbc6f9e72d1adeed499ab,test_evidence
publication,REPRO:publication/outputs/final_gate_20260719_v2/work/cache/pycache/tmp/feast-final-gate-v2-wheel.K3bwKI/venv/lib/python3.11/site-packages/pip/_vendor/colorama/tests/ansi_test.cpython-311.pyc,publication_evidence,5864,9acdda08bd5d753ff891517feddac8503b0a132602d93311e5f142de32a6ae96,test_evidence
publication,REPRO:publication/outputs/final_gate_20260719_v2/work/cache/pycache/tmp/feast-final-gate-v2-wheel.K3bwKI/venv/lib/python3.11/site-packages/pip/_vendor/colorama/tests/ansitowin32_test.cpython-311.pyc,publication_evidence,21531,d6fd7a3f2e64fa7ec128284b4155d5de2f8021ef3279eff9feca7631b3b73adc,test_evidence
publication,REPRO:publication/outputs/final_gate_20260719_v2/work/cache/pycache/tmp/feast-final-gate-v2-wheel.K3bwKI/venv/lib/python3.11/site-packages/pip/_vendor/colorama/tests/initialise_test.cpython-311.pyc,publication_evidence,14158,9d93ad8b8d94ada48ae5e3872cd83e8b08cb65d0dbdc81f3eafcb2fd0e13de0f,test_evidence
publication,REPRO:publication/outputs/final_gate_20260719_v2/work/cache/pycache/tmp/feast-final-gate-v2-wheel.K3bwKI/venv/lib/python3.11/site-packages/pip/_vendor/colorama/tests/isatty_test.cpython-311.pyc,publication_evidence,6723,2419deaf7d734c5b3ec48acfb8ed1c203a16d3f01b7b94320bc653dee6f158a7,test_evidence
publication,REPRO:publication/outputs/final_gate_20260719_v2/work/cache/pycache/tmp/feast-final-gate-v2-wheel.K3bwKI/venv/lib/python3.11/site-packages/pip/_vendor/colorama/tests/utils.cpython-311.pyc,publication_evidence,2898,5fcbfdcfa7faf8e1a1399899f514774cb2d3a5b2129ebeaea2568964f4ef6e60,test_evidence
publication,REPRO:publication/outputs/final_gate_20260719_v2/work/cache/pycache/tmp/feast-final-gate-v2-wheel.K3bwKI/venv/lib/python3.11/site-packages/pip/_vendor/colorama/tests/winterm_test.cpython-311.pyc,publication_evidence,7251,bdcf13a5ba294e510e0cf67be47f0163354767dffbd14a8e524cc924babf995e,test_evidence
publication,REPRO:publication/outputs/final_gate_20260719_v2/work/cache/pycache/tmp/feast-final-gate-v2-wheel.K3bwKI/venv/lib/python3.11/site-packages/pip/_vendor/colorama/win32.cpython-311.pyc,publication_evidence,7937,68e7c0fb102b87b903658b470f62e3b474ba3cc9e0d543b179a8ec3ceef3c0de,test_evidence
publication,REPRO:publication/outputs/final_gate_20260719_v2/work/cache/pycache/tmp/feast-final-gate-v2-wheel.K3bwKI/venv/lib/python3.11/site-packages/pip/_vendor/colorama/winterm.cpython-311.pyc,publication_evidence,9163,5b7ce21da522be84340efa8533196f5cfbb732a06e0c510f7f6f1f344408831c,test_evidence
publication,REPRO:publication/outputs/final_gate_20260719_v2/work/cache/pycache/tmp/feast-final-gate-v2-wheel.K3bwKI/venv/lib/python3.11/site-packages/pip/_vendor/distlib/__init__.cpython-311.pyc,publication_evidence,1481,cf5342ee4ea088150cd6c6882f5d496b7516d21d781f5d9e1cc594ae63bec992,test_evidence
publication,REPRO:publication/outputs/final_gate_20260719_v2/work/cache/pycache/tmp/feast-final-gate-v2-wheel.K3bwKI/venv/lib/python3.11/site-packages/pip/_vendor/distlib/compat.cpython-311.pyc,publication_evidence,52418,b3ad4106957c20405cf6b27bc85d39eaa4282850caee4c417d8641d436026b2e,test_evidence
publication,REPRO:publication/outputs/final_gate_20260719_v2/work/cache/pycache/tmp/feast-final-gate-v2-wheel.K3bwKI/venv/lib/python3.11/site-packages/pip/_vendor/distlib/database.cpython-311.pyc,publication_evidence,72199,eef81914f301ec31301b7c381232ba29e76154854ca2e53c60792df4d14b367e,test_evidence
publication,REPRO:publication/outputs/final_gate_20260719_v2/work/cache/pycache/tmp/feast-final-gate-v2-wheel.K3bwKI/venv/lib/python3.11/site-packages/pip/_vendor/distlib/index.cpython-311.pyc,publication_evidence,26680,6f1f2f1341823abe508fc7509930065d8d65acb349841b973582a2fa505bf843,test_evidence
publication,REPRO:publication/outputs/final_gate_20260719_v2/work/cache/pycache/tmp/feast-final-gate-v2-wheel.K3bwKI/venv/lib/python3.11/site-packages/pip/_vendor/distlib/locators.cpython-311.pyc,publication_evidence,65805,98ecb13db5e2435dd5a8bc8da5125f69d4528ab7070e18f1a0f22511aea1c7ac,test_evidence
publication,REPRO:publication/outputs/final_gate_20260719_v2/work/cache/pycache/tmp/feast-final-gate-v2-wheel.K3bwKI/venv/lib/python3.11/site-packages/pip/_vendor/distlib/manifest.cpython-311.pyc,publication_evidence,17030,dd543e46550fc144164803e9f07985ce32f7ee9ccff282c4bfc3c5aee22b66a4,test_evidence
publication,REPRO:publication/outputs/final_gate_20260719_v2/work/cache/pycache/tmp/feast-final-gate-v2-wheel.K3bwKI/venv/lib/python3.11/site-packages/pip/_vendor/distlib/markers.cpython-311.pyc,publication_evidence,8564,800f0a45d74b3828762bd1a8cc8763ce70a34ded2fc51bf12f330f1af8fcc238,test_evidence
publication,REPRO:publication/outputs/final_gate_20260719_v2/work/cache/pycache/tmp/feast-final-gate-v2-wheel.K3bwKI/venv/lib/python3.11/site-packages/pip/_vendor/distlib/metadata.cpython-311.pyc,publication_evidence,47445,387949da64772ea594b73b75914296f9a1068f718be982ec48e12f52cfa6b251,test_evidence
publication,REPRO:publication/outputs/final_gate_20260719_v2/work/cache/pycache/tmp/feast-final-gate-v2-wheel.K3bwKI/venv/lib/python3.11/site-packages/pip/_vendor/distlib/resources.cpython-311.pyc,publication_evidence,19006,cf1bc8f3498226cb040e66692484218a142947be29500e43d989d0384cc7f141,test_evidence
publication,REPRO:publication/outputs/final_gate_20260719_v2/work/cache/pycache/tmp/feast-final-gate-v2-wheel.K3bwKI/venv/lib/python3.11/site-packages/pip/_vendor/distlib/scripts.cpython-311.pyc,publication_evidence,21258,f932b41291fc39ae9b5fe7e3debd0cd75e53f2f7f2ee9f78194d0060915e7ac5,test_evidence
publication,REPRO:publication/outputs/final_gate_20260719_v2/work/cache/pycache/tmp/feast-final-gate-v2-wheel.K3bwKI/venv/lib/python3.11/site-packages/pip/_vendor/distlib/util.cpython-311.pyc,publication_evidence,98209,cce336e550f8f9c7166ed1662120066758da34fd79dc27bc937fd3dc9b1b6fb4,test_evidence
publication,REPRO:publication/outputs/final_gate_20260719_v2/work/cache/pycache/tmp/feast-final-gate-v2-wheel.K3bwKI/venv/lib/python3.11/site-packages/pip/_vendor/distlib/version.cpython-311.pyc,publication_evidence,34828,3abcdab7ee5fbcc3dfea6de140a939f6a1d498d36c2dc40245a7529799cceec6,test_evidence
publication,REPRO:publication/outputs/final_gate_20260719_v2/work/cache/pycache/tmp/feast-final-gate-v2-wheel.K3bwKI/venv/lib/python3.11/site-packages/pip/_vendor/distlib/wheel.cpython-311.pyc,publication_evidence,59491,a09f9b83ff94b09497e13e20d25d1c194f5f2fea11af27da729f5ccebb1404b7,test_evidence
publication,REPRO:publication/outputs/final_gate_20260719_v2/work/cache/pycache/tmp/feast-final-gate-v2-wheel.K3bwKI/venv/lib/python3.11/site-packages/pip/_vendor/distro/__init__.cpython-311.pyc,publication_evidence,1210,4b47deb4d83209b839d2f5ee15a9d6e3d063b1071c50140541ac82c85a6811cf,test_evidence
publication,REPRO:publication/outputs/final_gate_20260719_v2/work/cache/pycache/tmp/feast-final-gate-v2-wheel.K3bwKI/venv/lib/python3.11/site-packages/pip/_vendor/distro/__main__.cpython-311.pyc,publication_evidence,344,faddfb1309df8e2a4f842fa61cfe8570eedfd262982ba0641b3159b442af665c,test_evidence
publication,REPRO:publication/outputs/final_gate_20260719_v2/work/cache/pycache/tmp/feast-final-gate-v2-wheel.K3bwKI/venv/lib/python3.11/site-packages/pip/_vendor/distro/distro.cpython-311.pyc,publication_evidence,57743,b4234f202af178aa5f0471153dc9082d5b101746496366c07cb69313be3c1720,test_evidence
publication,REPRO:publication/outputs/final_gate_20260719_v2/work/cache/pycache/tmp/feast-final-gate-v2-wheel.K3bwKI/venv/lib/python3.11/site-packages/pip/_vendor/idna/__init__.cpython-311.pyc,publication_evidence,1111,a61cc9fb000c47e690e643a96395fd03c3973c6dd59ed3c598b29410eccd7912,test_evidence
publication,REPRO:publication/outputs/final_gate_20260719_v2/work/cache/pycache/tmp/feast-final-gate-v2-wheel.K3bwKI/venv/lib/python3.11/site-packages/pip/_vendor/idna/codec.cpython-311.pyc,publication_evidence,5402,2253bba9a97a2939660f029e298b6ef03b94b47ef4057d6f79d887fcd20227b2,test_evidence
publication,REPRO:publication/outputs/final_gate_20260719_v2/work/cache/pycache/tmp/feast-final-gate-v2-wheel.K3bwKI/venv/lib/python3.11/site-packages/pip/_vendor/idna/compat.cpython-311.pyc,publication_evidence,1028,81427635b0db51dd49d741b15efe154c5362d96e5e6eeade9a0a2312a0266997,test_evidence
publication,REPRO:publication/outputs/final_gate_20260719_v2/work/cache/pycache/tmp/feast-final-gate-v2-wheel.K3bwKI/venv/lib/python3.11/site-packages/pip/_vendor/idna/core.cpython-311.pyc,publication_evidence,19463,888a61553ccc338aa6a78ac43baa5413a20f29fa2fe9e7c63056fb2930f70ae7,test_evidence
publication,REPRO:publication/outputs/final_gate_20260719_v2/work/cache/pycache/tmp/feast-final-gate-v2-wheel.K3bwKI/venv/lib/python3.11/site-packages/pip/_vendor/idna/idnadata.cpython-311.pyc,publication_evidence,38987,257d102cbd7234db32e2db6d09e8b22e9d549a0e1a7a7e64c415a6a9a1db28c7,test_evidence
publication,REPRO:publication/outputs/final_gate_20260719_v2/work/cache/pycache/tmp/feast-final-gate-v2-wheel.K3bwKI/venv/lib/python3.11/site-packages/pip/_vendor/idna/intranges.cpython-311.pyc,publication_evidence,2996,23b563ce7e5568d8f51b75a0caf25e6184b7a2309ff14e4f20e6f7c4fe743785,test_evidence
publication,REPRO:publication/outputs/final_gate_20260719_v2/work/cache/pycache/tmp/feast-final-gate-v2-wheel.K3bwKI/venv/lib/python3.11/site-packages/pip/_vendor/idna/package_data.cpython-311.pyc,publication_evidence,231,98c066346e4ad4943a50124dba3b873ff08b43a67bf0e1db7d4a4afb2a3d016f,test_evidence
publication,REPRO:publication/outputs/final_gate_20260719_v2/work/cache/pycache/tmp/feast-final-gate-v2-wheel.K3bwKI/venv/lib/python3.11/site-packages/pip/_vendor/idna/uts46data.cpython-311.pyc,publication_evidence,163211,5b40e706eba29377f54acd31dcb501e3370c4d7918538f413401e33cfc43d7a8,test_evidence
publication,REPRO:publication/outputs/final_gate_20260719_v2/work/cache/pycache/tmp/feast-final-gate-v2-wheel.K3bwKI/venv/lib/python3.11/site-packages/pip/_vendor/msgpack/__init__.cpython-311.pyc,publication_evidence,2090,865828ec1d75d071c8b1c108d9b1e3a188f74df1d9c1a522f07c0eccea39d3fe,test_evidence
publication,REPRO:publication/outputs/final_gate_20260719_v2/work/cache/pycache/tmp/feast-final-gate-v2-wheel.K3bwKI/venv/lib/python3.11/site-packages/pip/_vendor/msgpack/exceptions.cpython-311.pyc,publication_evidence,2391,61acf8cdd0d68890eea017e1c8394a8093156e42702af413b7d0d993d3cdea56,test_evidence
publication,REPRO:publication/outputs/final_gate_20260719_v2/work/cache/pycache/tmp/feast-final-gate-v2-wheel.K3bwKI/venv/lib/python3.11/site-packages/pip/_vendor/msgpack/ext.cpython-311.pyc,publication_evidence,9176,ba4551293c9dbe495111a42301ee532c68ce9a89cfe99b4edba82ea7ef4ee6c2,test_evidence
publication,REPRO:publication/outputs/final_gate_20260719_v2/work/cache/pycache/tmp/feast-final-gate-v2-wheel.K3bwKI/venv/lib/python3.11/site-packages/pip/_vendor/msgpack/fallback.cpython-311.pyc,publication_evidence,47163,5c83e879da0568395c5fa961112830dff0aea917ed7fc13e8f04ec9149d2f085,test_evidence
publication,REPRO:publication/outputs/final_gate_20260719_v2/work/cache/pycache/tmp/feast-final-gate-v2-wheel.K3bwKI/venv/lib/python3.11/site-packages/pip/_vendor/packaging/__about__.cpython-311.pyc,publication_evidence,655,69f4683aebc5e87c8cd668f7add31510e16d09bc8a9e173e73272fe3e2593618,test_evidence
publication,REPRO:publication/outputs/final_gate_20260719_v2/work/cache/pycache/tmp/feast-final-gate-v2-wheel.K3bwKI/venv/lib/python3.11/site-packages/pip/_vendor/packaging/__init__.cpython-311.pyc,publication_evidence,576,71ba91a9fe2e819f81ddf8bb5abe0e3596c431f91356fab4e89446b7b004b934,test_evidence
publication,REPRO:publication/outputs/final_gate_20260719_v2/work/cache/pycache/tmp/feast-final-gate-v2-wheel.K3bwKI/venv/lib/python3.11/site-packages/pip/_vendor/packaging/_manylinux.cpython-311.pyc,publication_evidence,13242,6a594d466c5bd722b2a3d79aea4a8401f9e02f86eeff187323b3ce8bc125b4a3,test_evidence
publication,REPRO:publication/outputs/final_gate_20260719_v2/work/cache/pycache/tmp/feast-final-gate-v2-wheel.K3bwKI/venv/lib/python3.11/site-packages/pip/_vendor/packaging/_musllinux.cpython-311.pyc,publication_evidence,8010,cde7e2de6b3ed6f5e8c03a3c871e34fe1948bc477fce9e4c79a22667795b1c2a,test_evidence
publication,REPRO:publication/outputs/final_gate_20260719_v2/work/cache/pycache/tmp/feast-final-gate-v2-wheel.K3bwKI/venv/lib/python3.11/site-packages/pip/_vendor/packaging/_structures.cpython-311.pyc,publication_evidence,3698,aff39bdd6bbf29ac0ebecfe93423f393c6eec2cd813356bcbe982ffad812579c,test_evidence
publication,REPRO:publication/outputs/final_gate_20260719_v2/work/cache/pycache/tmp/feast-final-gate-v2-wheel.K3bwKI/venv/lib/python3.11/site-packages/pip/_vendor/packaging/markers.cpython-311.pyc,publication_evidence,16538,b42c11cec79fb9b826553093c239802203b41ddce4a64d2511bbf58a982f5c84,test_evidence
publication,REPRO:publication/outputs/final_gate_20260719_v2/work/cache/pycache/tmp/feast-final-gate-v2-wheel.K3bwKI/venv/lib/python3.11/site-packages/pip/_vendor/packaging/requirements.cpython-311.pyc,publication_evidence,7653,2220b0f67ed27d042a218832452d1ab1506fc2e950ee9a3b89a935f942ff721c,test_evidence
publication,REPRO:publication/outputs/final_gate_20260719_v2/work/cache/pycache/tmp/feast-final-gate-v2-wheel.K3bwKI/venv/lib/python3.11/site-packages/pip/_vendor/packaging/specifiers.cpython-311.pyc,publication_evidence,34376,567eb1602ea98cb2e5b61451088e0d1cdbb6af25d4b1cf739cef6b1f1bd5c39e,test_evidence
publication,REPRO:publication/outputs/final_gate_20260719_v2/work/cache/pycache/tmp/feast-final-gate-v2-wheel.K3bwKI/venv/lib/python3.11/site-packages/pip/_vendor/packaging/tags.cpython-311.pyc,publication_evidence,21361,269c828aa4aa3d489b231e24bf54bd6be7239610aa79849789405246b11f64d1,test_evidence
publication,REPRO:publication/outputs/final_gate_20260719_v2/work/cache/pycache/tmp/feast-final-gate-v2-wheel.K3bwKI/venv/lib/python3.11/site-packages/pip/_vendor/packaging/utils.cpython-311.pyc,publication_evidence,6696,c440b8313d7c23f259b89edc009273dc8442ffab7b3d22c5d8a0747720527518,test_evidence
publication,REPRO:publication/outputs/final_gate_20260719_v2/work/cache/pycache/tmp/feast-final-gate-v2-wheel.K3bwKI/venv/lib/python3.11/site-packages/pip/_vendor/packaging/version.cpython-311.pyc,publication_evidence,21888,676e54db3351507519db18fc841db63e39e94a98cdff2511b10378e2347b69d5,test_evidence
publication,REPRO:publication/outputs/final_gate_20260719_v2/work/cache/pycache/tmp/feast-final-gate-v2-wheel.K3bwKI/venv/lib/python3.11/site-packages/pip/_vendor/pkg_resources/__init__.cpython-311.pyc,publication_evidence,160156,4d535ca9386ca2f8c35398068dcd70885901ce118efdbc83be03311269d52620,test_evidence
publication,REPRO:publication/outputs/final_gate_20260719_v2/work/cache/pycache/tmp/feast-final-gate-v2-wheel.K3bwKI/venv/lib/python3.11/site-packages/pip/_vendor/platformdirs/__init__.cpython-311.pyc,publication_evidence,17509,113f518f32004d507871e2ca08c1a1143d262266e77a2e46747cc30c7b9f9a0a,test_evidence
publication,REPRO:publication/outputs/final_gate_20260719_v2/work/cache/pycache/tmp/feast-final-gate-v2-wheel.K3bwKI/venv/lib/python3.11/site-packages/pip/_vendor/platformdirs/__main__.cpython-311.pyc,publication_evidence,2289,4976a731e2c97d1e85807794c6bc91fbe0dae3c99b6d9f0949a25d8f54fd9904,test_evidence
publication,REPRO:publication/outputs/final_gate_20260719_v2/work/cache/pycache/tmp/feast-final-gate-v2-wheel.K3bwKI/venv/lib/python3.11/site-packages/pip/_vendor/platformdirs/android.cpython-311.pyc,publication_evidence,10475,dedcec9d174d2d50234cff2f1fc089ee350301395b708c1804f6cd9cc9632a69,test_evidence
publication,REPRO:publication/outputs/final_gate_20260719_v2/work/cache/pycache/tmp/feast-final-gate-v2-wheel.K3bwKI/venv/lib/python3.11/site-packages/pip/_vendor/platformdirs/api.cpython-311.pyc,publication_evidence,10568,321730775208f377be0af9f879e86db77a75193560e4803ec04d01ce303114cb,test_evidence
publication,REPRO:publication/outputs/final_gate_20260719_v2/work/cache/pycache/tmp/feast-final-gate-v2-wheel.K3bwKI/venv/lib/python3.11/site-packages/pip/_vendor/platformdirs/macos.cpython-311.pyc,publication_evidence,6080,3ea7d4677d1925f762fd6dc2ec07fab3e4dd7443bfc1b8351f5ad5dc0f35c221,test_evidence
publication,REPRO:publication/outputs/final_gate_20260719_v2/work/cache/pycache/tmp/feast-final-gate-v2-wheel.K3bwKI/venv/lib/python3.11/site-packages/pip/_vendor/platformdirs/unix.cpython-311.pyc,publication_evidence,13786,875e2191f392a82ed9922de552a3f434349c7091009ee990cb9cd6101baa539b,test_evidence
publication,REPRO:publication/outputs/final_gate_20260719_v2/work/cache/pycache/tmp/feast-final-gate-v2-wheel.K3bwKI/venv/lib/python3.11/site-packages/pip/_vendor/platformdirs/version.cpython-311.pyc,publication_evidence,326,0ad6c302ba563ad8fa0cbe21b7befb4d68f4f6610ec622547e1d25a88f7ce615,test_evidence
publication,REPRO:publication/outputs/final_gate_20260719_v2/work/cache/pycache/tmp/feast-final-gate-v2-wheel.K3bwKI/venv/lib/python3.11/site-packages/pip/_vendor/platformdirs/windows.cpython-311.pyc,publication_evidence,13954,aff2fc4a3f4c7f988f90c3b348ae8edab53867d20882305e953f6094d880861c,test_evidence
publication,REPRO:publication/outputs/final_gate_20260719_v2/work/cache/pycache/tmp/feast-final-gate-v2-wheel.K3bwKI/venv/lib/python3.11/site-packages/pip/_vendor/pygments/__init__.cpython-311.pyc,publication_evidence,3845,e43a9781524fc9145d86c32620f776e9655c6f707ee68068bbd1b5894126b737,test_evidence
publication,REPRO:publication/outputs/final_gate_20260719_v2/work/cache/pycache/tmp/feast-final-gate-v2-wheel.K3bwKI/venv/lib/python3.11/site-packages/pip/_vendor/pygments/__main__.cpython-311.pyc,publication_evidence,794,76c665bf582420e1f931e500793de07908245d26f852e4ebbcd164b0a31a9802,test_evidence
publication,REPRO:publication/outputs/final_gate_20260719_v2/work/cache/pycache/tmp/feast-final-gate-v2-wheel.K3bwKI/venv/lib/python3.11/site-packages/pip/_vendor/pygments/cmdline.cpython-311.pyc,publication_evidence,30305,6427902831e2a66acf21659f632caf2c3e800983fd24d8bd56296b60c091413e,test_evidence
publication,REPRO:publication/outputs/final_gate_20260719_v2/work/cache/pycache/tmp/feast-final-gate-v2-wheel.K3bwKI/venv/lib/python3.11/site-packages/pip/_vendor/pygments/console.cpython-311.pyc,publication_evidence,3057,49807194a67f63f3e9165e60072b88a8fd13e23ff432f2e0afddf070ed754f4e,test_evidence
publication,REPRO:publication/outputs/final_gate_20260719_v2/work/cache/pycache/tmp/feast-final-gate-v2-wheel.K3bwKI/venv/lib/python3.11/site-packages/pip/_vendor/pygments/filter.cpython-311.pyc,publication_evidence,3518,63b6308db120ef1dd2f57b7600f37354354514547b2976af3792f42294ec672e,test_evidence
publication,REPRO:publication/outputs/final_gate_20260719_v2/work/cache/pycache/tmp/feast-final-gate-v2-wheel.K3bwKI/venv/lib/python3.11/site-packages/pip/_vendor/pygments/filters/__init__.cpython-311.pyc,publication_evidence,40118,6165804deaefbd50a55cd460c2f8ec34b4954e1403a522ea9749cc3eb2b3e3a8,test_evidence
publication,REPRO:publication/outputs/final_gate_20260719_v2/work/cache/pycache/tmp/feast-final-gate-v2-wheel.K3bwKI/venv/lib/python3.11/site-packages/pip/_vendor/pygments/formatter.cpython-311.pyc,publication_evidence,4833,d9493f1e76257187ee6b76e40de89fb401b9d715b5c78ad2247127aa752db04e,test_evidence
publication,REPRO:publication/outputs/final_gate_20260719_v2/work/cache/pycache/tmp/feast-final-gate-v2-wheel.K3bwKI/venv/lib/python3.11/site-packages/pip/_vendor/pygments/formatters/__init__.cpython-311.pyc,publication_evidence,7776,d1d5481d11c136d0381205676a2dca8fa3ffe92b0efdd9db8bb3a5f5313967cc,test_evidence
publication,REPRO:publication/outputs/final_gate_20260719_v2/work/cache/pycache/tmp/feast-final-gate-v2-wheel.K3bwKI/venv/lib/python3.11/site-packages/pip/_vendor/pygments/formatters/_mapping.cpython-311.pyc,publication_evidence,4236,0c90852e049aef320b6b756f01f987ac549ca1f17c1c9ee91c21d8c9483c560a,test_evidence
publication,REPRO:publication/outputs/final_gate_20260719_v2/work/cache/pycache/tmp/feast-final-gate-v2-wheel.K3bwKI/venv/lib/python3.11/site-packages/pip/_vendor/pygments/formatters/bbcode.cpython-311.pyc,publication_evidence,4492,abb84ff1cc94254134fdd9c7248d4dc66a6b26be511a5ec468a168b5b64a2503,test_evidence
publication,REPRO:publication/outputs/final_gate_20260719_v2/work/cache/pycache/tmp/feast-final-gate-v2-wheel.K3bwKI/venv/lib/python3.11/site-packages/pip/_vendor/pygments/formatters/groff.cpython-311.pyc,publication_evidence,7865,03087f2c5710cabed141e229e35a0ea2da79142de6090eb48af7761bfae173d8,test_evidence
publication,REPRO:publication/outputs/final_gate_20260719_v2/work/cache/pycache/tmp/feast-final-gate-v2-wheel.K3bwKI/venv/lib/python3.11/site-packages/pip/_vendor/pygments/formatters/html.cpython-311.pyc,publication_evidence,42654,be5189eaf6c3fb3faa0c79c8d263f80cfc1724bc22bdfd9e560b990bad8d597f,test_evidence
publication,REPRO:publication/outputs/final_gate_20260719_v2/work/cache/pycache/tmp/feast-final-gate-v2-wheel.K3bwKI/venv/lib/python3.11/site-packages/pip/_vendor/pygments/formatters/img.cpython-311.pyc,publication_evidence,28582,6ffe47f1cacac171ca90166e167bfdfb5f436d32fdc11632d15cccfa84da79ea,test_evidence
publication,REPRO:publication/outputs/final_gate_20260719_v2/work/cache/pycache/tmp/feast-final-gate-v2-wheel.K3bwKI/venv/lib/python3.11/site-packages/pip/_vendor/pygments/formatters/irc.cpython-311.pyc,publication_evidence,6418,d2a52eae8a0a3cbfa31997f6677a06353f51d440b9f0e1e81c8dce4f4e9e3a7e,test_evidence
publication,REPRO:publication/outputs/final_gate_20260719_v2/work/cache/pycache/tmp/feast-final-gate-v2-wheel.K3bwKI/venv/lib/python3.11/site-packages/pip/_vendor/pygments/formatters/latex.cpython-311.pyc,publication_evidence,21818,b62ab029c657e3d5f2ca2f6c4798109ce3e621a6e3b42182d05c01000f7059ea,test_evidence
publication,REPRO:publication/outputs/final_gate_20260719_v2/work/cache/pycache/tmp/feast-final-gate-v2-wheel.K3bwKI/venv/lib/python3.11/site-packages/pip/_vendor/pygments/formatters/other.cpython-311.pyc,publication_evidence,7646,1f7298aced1fca58c93d4f6d7eef590fb369d01898948325e90727521029539a,test_evidence
publication,REPRO:publication/outputs/final_gate_20260719_v2/work/cache/pycache/tmp/feast-final-gate-v2-wheel.K3bwKI/venv/lib/python3.11/site-packages/pip/_vendor/pygments/formatters/pangomarkup.cpython-311.pyc,publication_evidence,3190,5eb72acdfd61f9758dda4ad29ef5e7060049ce77eae18e9cb4df92f12e9f0d73,test_evidence
publication,REPRO:publication/outputs/final_gate_20260719_v2/work/cache/pycache/tmp/feast-final-gate-v2-wheel.K3bwKI/venv/lib/python3.11/site-packages/pip/_vendor/pygments/formatters/rtf.cpython-311.pyc,publication_evidence,6857,28f7c2585caabca3651da666626666d2a2645e6c1a954552c895fbad3fa26087,test_evidence
publication,REPRO:publication/outputs/final_gate_20260719_v2/work/cache/pycache/tmp/feast-final-gate-v2-wheel.K3bwKI/venv/lib/python3.11/site-packages/pip/_vendor/pygments/formatters/svg.cpython-311.pyc,publication_evidence,9677,a74cd386cf0284342376990776cd8f3d041474ed82a94f36b19d29448f8d1d2a,test_evidence
publication,REPRO:publication/outputs/final_gate_20260719_v2/work/cache/pycache/tmp/feast-final-gate-v2-wheel.K3bwKI/venv/lib/python3.11/site-packages/pip/_vendor/pygments/formatters/terminal.cpython-311.pyc,publication_evidence,6056,d2287a5d65357a7a67a4520e401a674daa4f85035ec47c7428e61b780b7f9eeb,test_evidence
publication,REPRO:publication/outputs/final_gate_20260719_v2/work/cache/pycache/tmp/feast-final-gate-v2-wheel.K3bwKI/venv/lib/python3.11/site-packages/pip/_vendor/pygments/formatters/terminal256.cpython-311.pyc,publication_evidence,16422,cc1fb918c66fa9e8549fcda16168a2991fb84281410dde6f416bb6b02a51410d,test_evidence
publication,REPRO:publication/outputs/final_gate_20260719_v2/work/cache/pycache/tmp/feast-final-gate-v2-wheel.K3bwKI/venv/lib/python3.11/site-packages/pip/_vendor/pygments/lexer.cpython-311.pyc,publication_evidence,42321,11762d6bc208c03de63c4a3ed3c5a8a6afbcb70d2998a1fefd1663502f4207d6,test_evidence
publication,REPRO:publication/outputs/final_gate_20260719_v2/work/cache/pycache/tmp/feast-final-gate-v2-wheel.K3bwKI/venv/lib/python3.11/site-packages/pip/_vendor/pygments/lexers/__init__.cpython-311.pyc,publication_evidence,16362,2af4e5c6db672e8a2cdb3aa1981b2d40c845e4ed8d9470744826820f4a40810a,test_evidence
publication,REPRO:publication/outputs/final_gate_20260719_v2/work/cache/pycache/tmp/feast-final-gate-v2-wheel.K3bwKI/venv/lib/python3.11/site-packages/pip/_vendor/pygments/lexers/_mapping.cpython-311.pyc,publication_evidence,64804,a5659915b2c2b72828836ad70203b98b044ce892e02a7616284032b2004b4863,test_evidence
publication,REPRO:publication/outputs/final_gate_20260719_v2/work/cache/pycache/tmp/feast-final-gate-v2-wheel.K3bwKI/venv/lib/python3.11/site-packages/pip/_vendor/pygments/lexers/python.cpython-311.pyc,publication_evidence,43318,f2ebc305ee783a601f9295af71a2f6a1d8de67e54e083abbc36de78152ca9af3,test_evidence
publication,REPRO:publication/outputs/final_gate_20260719_v2/work/cache/pycache/tmp/feast-final-gate-v2-wheel.K3bwKI/venv/lib/python3.11/site-packages/pip/_vendor/pygments/modeline.cpython-311.pyc,publication_evidence,1737,7afc0de7a44b2373546111c2cc27684d305253c15dca1dd8ae34248c6fda2198,test_evidence
publication,REPRO:publication/outputs/final_gate_20260719_v2/work/cache/pycache/tmp/feast-final-gate-v2-wheel.K3bwKI/venv/lib/python3.11/site-packages/pip/_vendor/pygments/plugin.cpython-311.pyc,publication_evidence,3750,69ba8284662e7568361751a81e54ccaf04f8a4c8f3862fb9ccc18b2f7432b984,test_evidence
publication,REPRO:publication/outputs/final_gate_20260719_v2/work/cache/pycache/tmp/feast-final-gate-v2-wheel.K3bwKI/venv/lib/python3.11/site-packages/pip/_vendor/pygments/regexopt.cpython-311.pyc,publication_evidence,5044,fee2a48b568c624bd229d71d3d8bf520ad67d0e14496cbf2ae02e5a7d11f07ff,test_evidence
publication,REPRO:publication/outputs/final_gate_20260719_v2/work/cache/pycache/tmp/feast-final-gate-v2-wheel.K3bwKI/venv/lib/python3.11/site-packages/pip/_vendor/pygments/scanner.cpython-311.pyc,publication_evidence,4899,15851080bf0e741b0d7a5748b9c69fea8ff72ea1b488bf48547f91086b05ffc4,test_evidence
publication,REPRO:publication/outputs/final_gate_20260719_v2/work/cache/pycache/tmp/feast-final-gate-v2-wheel.K3bwKI/venv/lib/python3.11/site-packages/pip/_vendor/pygments/sphinxext.cpython-311.pyc,publication_evidence,12844,bcc842337447a0f0d16c6bcba49d0813f31d62215509f62c76448ac39a0604e5,test_evidence
publication,REPRO:publication/outputs/final_gate_20260719_v2/work/cache/pycache/tmp/feast-final-gate-v2-wheel.K3bwKI/venv/lib/python3.11/site-packages/pip/_vendor/pygments/style.cpython-311.pyc,publication_evidence,7437,2a9d878062d95e74a56a50877b64eea50253fa576e1edc5fa4d8a075e81ac57c,test_evidence
publication,REPRO:publication/outputs/final_gate_20260719_v2/work/cache/pycache/tmp/feast-final-gate-v2-wheel.K3bwKI/venv/lib/python3.11/site-packages/pip/_vendor/pygments/styles/__init__.cpython-311.pyc,publication_evidence,4693,0183f5cbd2265c7ae28f5e41f6a948f9d696e5ed40d842181d62866fdbe8cd57,test_evidence
publication,REPRO:publication/outputs/final_gate_20260719_v2/work/cache/pycache/tmp/feast-final-gate-v2-wheel.K3bwKI/venv/lib/python3.11/site-packages/pip/_vendor/pygments/token.cpython-311.pyc,publication_evidence,7478,d2b7ae3e6cbcad1fdbd1f56b663781a074f11843d480a4c300c5656bf991b3a4,test_evidence
publication,REPRO:publication/outputs/final_gate_20260719_v2/work/cache/pycache/tmp/feast-final-gate-v2-wheel.K3bwKI/venv/lib/python3.11/site-packages/pip/_vendor/pygments/unistring.cpython-311.pyc,publication_evidence,33851,d221347c3faef55b84d789aba6853a11d93be947972a3ca53774b37570d5f5a6,test_evidence
publication,REPRO:publication/outputs/final_gate_20260719_v2/work/cache/pycache/tmp/feast-final-gate-v2-wheel.K3bwKI/venv/lib/python3.11/site-packages/pip/_vendor/pygments/util.cpython-311.pyc,publication_evidence,15703,67d15e3d1d9039614720e251b89812e439628d15c6410028cf7b91d3e7e88ac7,test_evidence
publication,REPRO:publication/outputs/final_gate_20260719_v2/work/cache/pycache/tmp/feast-final-gate-v2-wheel.K3bwKI/venv/lib/python3.11/site-packages/pip/_vendor/pyparsing/__init__.cpython-311.pyc,publication_evidence,8242,05189274ea776264991aa32e146874014bd8c3301e9aa4c7acb8f329cdbe6393,test_evidence
publication,REPRO:publication/outputs/final_gate_20260719_v2/work/cache/pycache/tmp/feast-final-gate-v2-wheel.K3bwKI/venv/lib/python3.11/site-packages/pip/_vendor/pyparsing/actions.cpython-311.pyc,publication_evidence,9133,fd0d1405ba61f2e3ff22640133d1fd0c890934a4bcc093b3dd02f45ef9ab8ade,test_evidence
publication,REPRO:publication/outputs/final_gate_20260719_v2/work/cache/pycache/tmp/feast-final-gate-v2-wheel.K3bwKI/venv/lib/python3.11/site-packages/pip/_vendor/pyparsing/common.cpython-311.pyc,publication_evidence,14880,5a2c398d504566497e5b4bc0cf90514d1e102f60d7f957109d981606543e11e7,test_evidence
publication,REPRO:publication/outputs/final_gate_20260719_v2/work/cache/pycache/tmp/feast-final-gate-v2-wheel.K3bwKI/venv/lib/python3.11/site-packages/pip/_vendor/pyparsing/core.cpython-311.pyc,publication_evidence,295453,1a792468926cec7cd2223f649acda10e8c893b642d1992a02ca4f0c7f709d4dc,test_evidence
publication,REPRO:publication/outputs/final_gate_20260719_v2/work/cache/pycache/tmp/feast-final-gate-v2-wheel.K3bwKI/venv/lib/python3.11/site-packages/pip/_vendor/pyparsing/diagram/__init__.cpython-311.pyc,publication_evidence,28802,96f83ffd32d7e48cb5a5ffdf6065f7d4aaefe3c652c493e406162b63a3931ecd,test_evidence
publication,REPRO:publication/outputs/final_gate_20260719_v2/work/cache/pycache/tmp/feast-final-gate-v2-wheel.K3bwKI/venv/lib/python3.11/site-packages/pip/_vendor/pyparsing/exceptions.cpython-311.pyc,publication_evidence,13720,a91d0d58ab36b07bdf9f3cd29e5eb614d238e6845f39d92f57685bc7463972c6,test_evidence
publication,REPRO:publication/outputs/final_gate_20260719_v2/work/cache/pycache/tmp/feast-final-gate-v2-wheel.K3bwKI/venv/lib/python3.11/site-packages/pip/_vendor/pyparsing/helpers.cpython-311.pyc,publication_evidence,54139,b93d65700082b348d967ed8ca815b6531fe9815aa8f368081a00ae1d49020a37,test_evidence
publication,REPRO:publication/outputs/final_gate_20260719_v2/work/cache/pycache/tmp/feast-final-gate-v2-wheel.K3bwKI/venv/lib/python3.11/site-packages/pip/_vendor/pyparsing/results.cpython-311.pyc,publication_evidence,37860,1b16b64c4e7447ce3474d27c6b4f5f15b49b28154a748cb1122e60d11ad3b050,test_evidence
publication,REPRO:publication/outputs/final_gate_20260719_v2/work/cache/pycache/tmp/feast-final-gate-v2-wheel.K3bwKI/venv/lib/python3.11/site-packages/pip/_vendor/pyparsing/testing.cpython-311.pyc,publication_evidence,19523,f13d30c37465d4a8b9e4c11f750fa9ed7822de63a2d2782eeab75845ae24f0ed,test_evidence
publication,REPRO:publication/outputs/final_gate_20260719_v2/work/cache/pycache/tmp/feast-final-gate-v2-wheel.K3bwKI/venv/lib/python3.11/site-packages/pip/_vendor/pyparsing/unicode.cpython-311.pyc,publication_evidence,15211,ca6e829525cb7921eac22e924d8cfdd12e4eb91ade501778d0405ae96aea8849,test_evidence
publication,REPRO:publication/outputs/final_gate_20260719_v2/work/cache/pycache/tmp/feast-final-gate-v2-wheel.K3bwKI/venv/lib/python3.11/site-packages/pip/_vendor/pyparsing/util.cpython-311.pyc,publication_evidence,16794,c2cd4ccc9931d5cd6e065f91a11820d2cbf6516e336e6bdba671e307a140dc3a,test_evidence
publication,REPRO:publication/outputs/final_gate_20260719_v2/work/cache/pycache/tmp/feast-final-gate-v2-wheel.K3bwKI/venv/lib/python3.11/site-packages/pip/_vendor/pyproject_hooks/__init__.cpython-311.pyc,publication_evidence,719,dc792321712567d37f15f89fd6ced0c02e68573067bce3a31dabd565ccf929f4,test_evidence
publication,REPRO:publication/outputs/final_gate_20260719_v2/work/cache/pycache/tmp/feast-final-gate-v2-wheel.K3bwKI/venv/lib/python3.11/site-packages/pip/_vendor/pyproject_hooks/_compat.cpython-311.pyc,publication_evidence,417,984fe4b864d8a9beef168853bb9e4fc444389bda8509c07f225eed469638b1c5,test_evidence
publication,REPRO:publication/outputs/final_gate_20260719_v2/work/cache/pycache/tmp/feast-final-gate-v2-wheel.K3bwKI/venv/lib/python3.11/site-packages/pip/_vendor/pyproject_hooks/_impl.cpython-311.pyc,publication_evidence,16683,663f2fbe1358ab17f38c0f05517b8a39f74678f077c868453714964bf2d6c21a,test_evidence
publication,REPRO:publication/outputs/final_gate_20260719_v2/work/cache/pycache/tmp/feast-final-gate-v2-wheel.K3bwKI/venv/lib/python3.11/site-packages/pip/_vendor/pyproject_hooks/_in_process/__init__.cpython-311.pyc,publication_evidence,1179,5670db9768259fda88f344143d555aac9118af22caab7364e8ffcb40b4e6e5ee,test_evidence
publication,REPRO:publication/outputs/final_gate_20260719_v2/work/cache/pycache/tmp/feast-final-gate-v2-wheel.K3bwKI/venv/lib/python3.11/site-packages/pip/_vendor/pyproject_hooks/_in_process/_in_process.cpython-311.pyc,publication_evidence,16501,8f86de706d130506bd97ceb8a322ed0c30eaa49fa5cc9fce2c84dbcc61d7f65d,test_evidence
publication,REPRO:publication/outputs/final_gate_20260719_v2/work/cache/pycache/tmp/feast-final-gate-v2-wheel.K3bwKI/venv/lib/python3.11/site-packages/pip/_vendor/requests/__init__.cpython-311.pyc,publication_evidence,6450,628bf52d7399c6d3d98db66d3a0dd333dbb69d23ce0fb621066ab8a54080c647,test_evidence
publication,REPRO:publication/outputs/final_gate_20260719_v2/work/cache/pycache/tmp/feast-final-gate-v2-wheel.K3bwKI/venv/lib/python3.11/site-packages/pip/_vendor/requests/__version__.cpython-311.pyc,publication_evidence,600,b54eec65e66267914a0b4af7140ba7f0deee82d7a67c3aa28d8055e593a5334e,test_evidence
publication,REPRO:publication/outputs/final_gate_20260719_v2/work/cache/pycache/tmp/feast-final-gate-v2-wheel.K3bwKI/venv/lib/python3.11/site-packages/pip/_vendor/requests/_internal_utils.cpython-311.pyc,publication_evidence,2164,1a1b3bc92bc34f52d11fc1d9c1074d1c3132c26feac6b725623d15ffe34bebc2,test_evidence
publication,REPRO:publication/outputs/final_gate_20260719_v2/work/cache/pycache/tmp/feast-final-gate-v2-wheel.K3bwKI/venv/lib/python3.11/site-packages/pip/_vendor/requests/adapters.cpython-311.pyc,publication_evidence,23217,f771f195691613ac1e761a541692a29b9f7d75622460b0cf2c65918085a34aa5,test_evidence
publication,REPRO:publication/outputs/final_gate_20260719_v2/work/cache/pycache/tmp/feast-final-gate-v2-wheel.K3bwKI/venv/lib/python3.11/site-packages/pip/_vendor/requests/api.cpython-311.pyc,publication_evidence,7517,ba6604f75d61a5cdb79ce7a0db65b44b564351c6f899531165822382e93d5402,test_evidence
publication,REPRO:publication/outputs/final_gate_20260719_v2/work/cache/pycache/tmp/feast-final-gate-v2-wheel.K3bwKI/venv/lib/python3.11/site-packages/pip/_vendor/requests/auth.cpython-311.pyc,publication_evidence,14644,bdd91ece43e1981b10c17c6c51380f068413991c537028117c8d71720ad2edf5,test_evidence
publication,REPRO:publication/outputs/final_gate_20260719_v2/work/cache/pycache/tmp/feast-final-gate-v2-wheel.K3bwKI/venv/lib/python3.11/site-packages/pip/_vendor/requests/certs.cpython-311.pyc,publication_evidence,996,f87f80047d276ee521331b84f9e78e364ed09a11390c86eb38e1ccd47f13de13,test_evidence
publication,REPRO:publication/outputs/final_gate_20260719_v2/work/cache/pycache/tmp/feast-final-gate-v2-wheel.K3bwKI/venv/lib/python3.11/site-packages/pip/_vendor/requests/compat.cpython-311.pyc,publication_evidence,1822,547f71edba89bb81c6c8dbe4fc6b62b8bfd39747894b029198176012c6bc5e87,test_evidence
publication,REPRO:publication/outputs/final_gate_20260719_v2/work/cache/pycache/tmp/feast-final-gate-v2-wheel.K3bwKI/venv/lib/python3.11/site-packages/pip/_vendor/requests/cookies.cpython-311.pyc,publication_evidence,27124,3c31472307737c86d65731cad3b07c999c7c2f7e63d9420b1e44e672791d94b3,test_evidence
publication,REPRO:publication/outputs/final_gate_20260719_v2/work/cache/pycache/tmp/feast-final-gate-v2-wheel.K3bwKI/venv/lib/python3.11/site-packages/pip/_vendor/requests/exceptions.cpython-311.pyc,publication_evidence,8539,8cf82eaafcb208e607fd888c3406761d3175f701d5d1cccab6ca4dbc6389ea53,test_evidence
publication,REPRO:publication/outputs/final_gate_20260719_v2/work/cache/pycache/tmp/feast-final-gate-v2-wheel.K3bwKI/venv/lib/python3.11/site-packages/pip/_vendor/requests/help.cpython-311.pyc,publication_evidence,4534,ea79caeaec199d76cda3f9d89ad5b22863adec7c675915ea1199f9ee2c043071,test_evidence
publication,REPRO:publication/outputs/final_gate_20260719_v2/work/cache/pycache/tmp/feast-final-gate-v2-wheel.K3bwKI/venv/lib/python3.11/site-packages/pip/_vendor/requests/hooks.cpython-311.pyc,publication_evidence,1264,9af0b9e52f1f6f47f154667933528ed66dc65c4f94ecd66e0fc64b97fc5a8087,test_evidence
publication,REPRO:publication/outputs/final_gate_20260719_v2/work/cache/pycache/tmp/feast-final-gate-v2-wheel.K3bwKI/venv/lib/python3.11/site-packages/pip/_vendor/requests/models.cpython-311.pyc,publication_evidence,38795,f724fb02ac09be38f17689b3de625b060dbc5bf89caf8115f15655fdec4afb20,test_evidence
publication,REPRO:publication/outputs/final_gate_20260719_v2/work/cache/pycache/tmp/feast-final-gate-v2-wheel.K3bwKI/venv/lib/python3.11/site-packages/pip/_vendor/requests/packages.cpython-311.pyc,publication_evidence,844,ac0183f77f0c808f9dfc39009a5a1291a0f21ff8736528c3d76d450d90611d0a,test_evidence
publication,REPRO:publication/outputs/final_gate_20260719_v2/work/cache/pycache/tmp/feast-final-gate-v2-wheel.K3bwKI/venv/lib/python3.11/site-packages/pip/_vendor/requests/sessions.cpython-311.pyc,publication_evidence,29707,9edd1594e525331eb8300bc5b6f1846f457434c0340514c4bc65e1cb0b4a76a1,test_evidence
publication,REPRO:publication/outputs/final_gate_20260719_v2/work/cache/pycache/tmp/feast-final-gate-v2-wheel.K3bwKI/venv/lib/python3.11/site-packages/pip/_vendor/requests/status_codes.cpython-311.pyc,publication_evidence,6251,9b7b90253ad9e28badd161bb128a36e10c87770d865a1b8c51179431b123ffbe,test_evidence
publication,REPRO:publication/outputs/final_gate_20260719_v2/work/cache/pycache/tmp/feast-final-gate-v2-wheel.K3bwKI/venv/lib/python3.11/site-packages/pip/_vendor/requests/structures.cpython-311.pyc,publication_evidence,6236,d3e6da3fe08d7d71ce5f1f13e6722434f1b4dc785cf52ed81a03803412bcc006,test_evidence
publication,REPRO:publication/outputs/final_gate_20260719_v2/work/cache/pycache/tmp/feast-final-gate-v2-wheel.K3bwKI/venv/lib/python3.11/site-packages/pip/_vendor/requests/utils.cpython-311.pyc,publication_evidence,40270,7cd58943825f9f1c3924b76a3dbc407e15cf61b6577545dea23faca01b619419,test_evidence
publication,REPRO:publication/outputs/final_gate_20260719_v2/work/cache/pycache/tmp/feast-final-gate-v2-wheel.K3bwKI/venv/lib/python3.11/site-packages/pip/_vendor/resolvelib/__init__.cpython-311.pyc,publication_evidence,767,30cdf1c0bf7c5bed126e76a5e714daf6a3f2489fa7a3e224a6bc4d3a066f05e6,test_evidence
publication,REPRO:publication/outputs/final_gate_20260719_v2/work/cache/pycache/tmp/feast-final-gate-v2-wheel.K3bwKI/venv/lib/python3.11/site-packages/pip/_vendor/resolvelib/compat/__init__.cpython-311.pyc,publication_evidence,222,26304675347980e6735687d21ff22df21c6f0ab847066782777f9e6a85cecd34,test_evidence
publication,REPRO:publication/outputs/final_gate_20260719_v2/work/cache/pycache/tmp/feast-final-gate-v2-wheel.K3bwKI/venv/lib/python3.11/site-packages/pip/_vendor/resolvelib/compat/collections_abc.cpython-311.pyc,publication_evidence,497,1c5fa07f6ce743258739f53dacecd7f40c7e9fee353b6574c4118f7401a1df4d,test_evidence
publication,REPRO:publication/outputs/final_gate_20260719_v2/work/cache/pycache/tmp/feast-final-gate-v2-wheel.K3bwKI/venv/lib/python3.11/site-packages/pip/_vendor/resolvelib/providers.cpython-311.pyc,publication_evidence,7085,7ffd59da4b84d04a2673f2864af8c56b9377cdcb34791659965649d7780feaf7,test_evidence
publication,REPRO:publication/outputs/final_gate_20260719_v2/work/cache/pycache/tmp/feast-final-gate-v2-wheel.K3bwKI/venv/lib/python3.11/site-packages/pip/_vendor/resolvelib/reporters.cpython-311.pyc,publication_evidence,2849,58c7828e54cb521fb8fab5d09d90318be8413efc8012dcf73525ab014a9738a3,test_evidence
publication,REPRO:publication/outputs/final_gate_20260719_v2/work/cache/pycache/tmp/feast-final-gate-v2-wheel.K3bwKI/venv/lib/python3.11/site-packages/pip/_vendor/resolvelib/resolvers.cpython-311.pyc,publication_evidence,29249,d3392a5b41d4f16b68c3a1ca8e846855e72c29fff4b22b61c7df32af83d0d262,test_evidence
publication,REPRO:publication/outputs/final_gate_20260719_v2/work/cache/pycache/tmp/feast-final-gate-v2-wheel.K3bwKI/venv/lib/python3.11/site-packages/pip/_vendor/resolvelib/structs.cpython-311.pyc,publication_evidence,11486,0b03c3cea0a10d8fe8d41f1e751ba5388f2d46cf910389b80a0918df2fecc66b,test_evidence
publication,REPRO:publication/outputs/final_gate_20260719_v2/work/cache/pycache/tmp/feast-final-gate-v2-wheel.K3bwKI/venv/lib/python3.11/site-packages/pip/_vendor/rich/__init__.cpython-311.pyc,publication_evidence,7510,c0f0dcc150ffe0a4cfd5ba5a98c57042323f9c27a0dbf39309986b9a09057da4,test_evidence
publication,REPRO:publication/outputs/final_gate_20260719_v2/work/cache/pycache/tmp/feast-final-gate-v2-wheel.K3bwKI/venv/lib/python3.11/site-packages/pip/_vendor/rich/__main__.cpython-311.pyc,publication_evidence,11588,c9414c06bc34d0e465019147da10819e3dede03fbedc29f04074d66147a224a5,test_evidence
publication,REPRO:publication/outputs/final_gate_20260719_v2/work/cache/pycache/tmp/feast-final-gate-v2-wheel.K3bwKI/venv/lib/python3.11/site-packages/pip/_vendor/rich/_cell_widths.cpython-311.pyc,publication_evidence,7849,aa5eac811f5fbe335075d4ab75cf052f407de11d5431ce0ad992672d0ecf8f35,test_evidence
publication,REPRO:publication/outputs/final_gate_20260719_v2/work/cache/pycache/tmp/feast-final-gate-v2-wheel.K3bwKI/venv/lib/python3.11/site-packages/pip/_vendor/rich/_emoji_codes.cpython-311.pyc,publication_evidence,208536,7df540a9f73f9db2bdbf1097bc006a21428526447b5de0a21ec446aa6768d496,test_evidence
publication,REPRO:publication/outputs/final_gate_20260719_v2/work/cache/pycache/tmp/feast-final-gate-v2-wheel.K3bwKI/venv/lib/python3.11/site-packages/pip/_vendor/rich/_emoji_replace.cpython-311.pyc,publication_evidence,1948,34107797084c65ed9665db644c655b017427dabce52bf2ddc55d444922fd1a57,test_evidence
publication,REPRO:publication/outputs/final_gate_20260719_v2/work/cache/pycache/tmp/feast-final-gate-v2-wheel.K3bwKI/venv/lib/python3.11/site-packages/pip/_vendor/rich/_export_format.cpython-311.pyc,publication_evidence,2339,fb64e949e3e5bcee38ac91aac95209ead629c71507359905984044342d459832,test_evidence
publication,REPRO:publication/outputs/final_gate_20260719_v2/work/cache/pycache/tmp/feast-final-gate-v2-wheel.K3bwKI/venv/lib/python3.11/site-packages/pip/_vendor/rich/_extension.cpython-311.pyc,publication_evidence,649,0c4f04571fa7d38aca861cbec3275299fd381073bfc1060225992700482ecf12,test_evidence
publication,REPRO:publication/outputs/final_gate_20260719_v2/work/cache/pycache/tmp/feast-final-gate-v2-wheel.K3bwKI/venv/lib/python3.11/site-packages/pip/_vendor/rich/_fileno.cpython-311.pyc,publication_evidence,991,e7baba1cd7eb1d23c6050f382f566f57faa459c8c1a3efa5d4aaed5403bd517c,test_evidence
publication,REPRO:publication/outputs/final_gate_20260719_v2/work/cache/pycache/tmp/feast-final-gate-v2-wheel.K3bwKI/venv/lib/python3.11/site-packages/pip/_vendor/rich/_inspect.cpython-311.pyc,publication_evidence,14201,5ec4bb45126eb8117f454cdda048ce0e4be2bf26acf50863f2613a6ddbc1f011,test_evidence
publication,REPRO:publication/outputs/final_gate_20260719_v2/work/cache/pycache/tmp/feast-final-gate-v2-wheel.K3bwKI/venv/lib/python3.11/site-packages/pip/_vendor/rich/_log_render.cpython-311.pyc,publication_evidence,4783,37180266d6d0895678f835a8e347c95f2df07db5cc31cfb994de5ac8a500de9b,test_evidence
publication,REPRO:publication/outputs/final_gate_20260719_v2/work/cache/pycache/tmp/feast-final-gate-v2-wheel.K3bwKI/venv/lib/python3.11/site-packages/pip/_vendor/rich/_loop.cpython-311.pyc,publication_evidence,2129,2c3ce986128a76f2e7201bf929632fed94f316126e13f3ac1ecd35886d7ff9e6,test_evidence
publication,REPRO:publication/outputs/final_gate_20260719_v2/work/cache/pycache/tmp/feast-final-gate-v2-wheel.K3bwKI/venv/lib/python3.11/site-packages/pip/_vendor/rich/_null_file.cpython-311.pyc,publication_evidence,4188,c0d6d7de11b51664bff76d75be2d8d335edbb1daa18c54b1a504c90045499c03,test_evidence
publication,REPRO:publication/outputs/final_gate_20260719_v2/work/cache/pycache/tmp/feast-final-gate-v2-wheel.K3bwKI/venv/lib/python3.11/site-packages/pip/_vendor/rich/_palettes.cpython-311.pyc,publication_evidence,5265,cb8abc802013264d739642bd74f61af7328e1049c4a90fdb9e1258646c852c1a,test_evidence
publication,REPRO:publication/outputs/final_gate_20260719_v2/work/cache/pycache/tmp/feast-final-gate-v2-wheel.K3bwKI/venv/lib/python3.11/site-packages/pip/_vendor/rich/_pick.cpython-311.pyc,publication_evidence,809,c813520cb7e86964f3fc04e1c5d96db445c8ef32907151b879b6c77fe96fc471,test_evidence
publication,REPRO:publication/outputs/final_gate_20260719_v2/work/cache/pycache/tmp/feast-final-gate-v2-wheel.K3bwKI/venv/lib/python3.11/site-packages/pip/_vendor/rich/_ratio.cpython-311.pyc,publication_evidence,7948,b03483458fc43dcb74270632aa1934434c2e3fce932034f3f09e109c27f60296,test_evidence
publication,REPRO:publication/outputs/final_gate_20260719_v2/work/cache/pycache/tmp/feast-final-gate-v2-wheel.K3bwKI/venv/lib/python3.11/site-packages/pip/_vendor/rich/_spinners.cpython-311.pyc,publication_evidence,13698,e41a1ef6bd93f7de6b81b9ffc743a39004018430dd09a181b8169a4353a279b2,test_evidence
publication,REPRO:publication/outputs/final_gate_20260719_v2/work/cache/pycache/tmp/feast-final-gate-v2-wheel.K3bwKI/venv/lib/python3.11/site-packages/pip/_vendor/rich/_stack.cpython-311.pyc,publication_evidence,1144,b74294a21dc2ae118671cbe7696da33d4e2b44fb8350f4c134e81be42f2ddf97,test_evidence
publication,REPRO:publication/outputs/final_gate_20260719_v2/work/cache/pycache/tmp/feast-final-gate-v2-wheel.K3bwKI/venv/lib/python3.11/site-packages/pip/_vendor/rich/_timer.cpython-311.pyc,publication_evidence,997,fd4e5159358368713216a2838688ed0653858d9c65270bff6a84e064b851d678,test_evidence
publication,REPRO:publication/outputs/final_gate_20260719_v2/work/cache/pycache/tmp/feast-final-gate-v2-wheel.K3bwKI/venv/lib/python3.11/site-packages/pip/_vendor/rich/_win32_console.cpython-311.pyc,publication_evidence,30185,d72b19e481ae28e6078349389fdc8f56bc27ca172f41ffa4747d83be63309016,test_evidence
publication,REPRO:publication/outputs/final_gate_20260719_v2/work/cache/pycache/tmp/feast-final-gate-v2-wheel.K3bwKI/venv/lib/python3.11/site-packages/pip/_vendor/rich/_windows.cpython-311.pyc,publication_evidence,2844,40d29b2527afc95436ee41f80d1cc93e5c02298caff9539c29b80c89dbaaeb6c,test_evidence
publication,REPRO:publication/outputs/final_gate_20260719_v2/work/cache/pycache/tmp/feast-final-gate-v2-wheel.K3bwKI/venv/lib/python3.11/site-packages/pip/_vendor/rich/_windows_renderer.cpython-311.pyc,publication_evidence,4035,6742cbf8f2cdd16cf6a098cc8fab40d42254cfcfe6d43c1242a535edfb77d705,test_evidence
publication,REPRO:publication/outputs/final_gate_20260719_v2/work/cache/pycache/tmp/feast-final-gate-v2-wheel.K3bwKI/venv/lib/python3.11/site-packages/pip/_vendor/rich/_wrap.cpython-311.pyc,publication_evidence,2800,76ebe097ed6f8119dce3b6fa3243fb6cdf0ba026c5f0c4753e206c411f8088cd,test_evidence
publication,REPRO:publication/outputs/final_gate_20260719_v2/work/cache/pycache/tmp/feast-final-gate-v2-wheel.K3bwKI/venv/lib/python3.11/site-packages/pip/_vendor/rich/abc.cpython-311.pyc,publication_evidence,1941,ffd7d518486127b12f14cd7960b72a20305f1dcf70fb2032e1fb11ee4455876e,test_evidence
publication,REPRO:publication/outputs/final_gate_20260719_v2/work/cache/pycache/tmp/feast-final-gate-v2-wheel.K3bwKI/venv/lib/python3.11/site-packages/pip/_vendor/rich/align.cpython-311.pyc,publication_evidence,13483,bfa8a50c455110273e2c4d2af32bc005b04d064580f9a4a1a3af0728fae908a2,test_evidence
publication,REPRO:publication/outputs/final_gate_20260719_v2/work/cache/pycache/tmp/feast-final-gate-v2-wheel.K3bwKI/venv/lib/python3.11/site-packages/pip/_vendor/rich/ansi.cpython-311.pyc,publication_evidence,10514,d693eaf390b6660dffc1dcc4021436e7d9f476803291c0c8901839b371c45aa2,test_evidence
publication,REPRO:publication/outputs/final_gate_20260719_v2/work/cache/pycache/tmp/feast-final-gate-v2-wheel.K3bwKI/venv/lib/python3.11/site-packages/pip/_vendor/rich/bar.cpython-311.pyc,publication_evidence,4563,cbbf0f8d1f5662ec8d3799920b6c3dec7a6b3f86b05d4ec89203e1a9b971816d,test_evidence
publication,REPRO:publication/outputs/final_gate_20260719_v2/work/cache/pycache/tmp/feast-final-gate-v2-wheel.K3bwKI/venv/lib/python3.11/site-packages/pip/_vendor/rich/box.cpython-311.pyc,publication_evidence,13005,b370bdbac19b1aacb94f55bb884a6cb7c570bbe1cca2af984ccd9ba68f060611,test_evidence
publication,REPRO:publication/outputs/final_gate_20260719_v2/work/cache/pycache/tmp/feast-final-gate-v2-wheel.K3bwKI/venv/lib/python3.11/site-packages/pip/_vendor/rich/cells.cpython-311.pyc,publication_evidence,6635,3c625e262fd9e3d248bfa212b893a64a20da45accedf922550712d358ad1fa0b,test_evidence
publication,REPRO:publication/outputs/final_gate_20260719_v2/work/cache/pycache/tmp/feast-final-gate-v2-wheel.K3bwKI/venv/lib/python3.11/site-packages/pip/_vendor/rich/color.cpython-311.pyc,publication_evidence,27819,255119cd0e678fccd3aa709012993fd94bca23cd4d458cd63c8322fec022e8aa,test_evidence
publication,REPRO:publication/outputs/final_gate_20260719_v2/work/cache/pycache/tmp/feast-final-gate-v2-wheel.K3bwKI/venv/lib/python3.11/site-packages/pip/_vendor/rich/color_triplet.cpython-311.pyc,publication_evidence,1889,fc5bf97c25881040d78282fb3442aa9fb604ef3e7fbce78621e5562d03051ae7,test_evidence
publication,REPRO:publication/outputs/final_gate_20260719_v2/work/cache/pycache/tmp/feast-final-gate-v2-wheel.K3bwKI/venv/lib/python3.11/site-packages/pip/_vendor/rich/columns.cpython-311.pyc,publication_evidence,10660,a2546904c456be5cecbe8e5f6679b72ac51acaec90e7a9b55ea1f16c1f942dca,test_evidence
publication,REPRO:publication/outputs/final_gate_20260719_v2/work/cache/pycache/tmp/feast-final-gate-v2-wheel.K3bwKI/venv/lib/python3.11/site-packages/pip/_vendor/rich/console.cpython-311.pyc,publication_evidence,123755,0464b47a0945dfe9d7b00ff0144bca216c01ff5932356d968152e6be9e4a199c,test_evidence
publication,REPRO:publication/outputs/final_gate_20260719_v2/work/cache/pycache/tmp/feast-final-gate-v2-wheel.K3bwKI/venv/lib/python3.11/site-packages/pip/_vendor/rich/constrain.cpython-311.pyc,publication_evidence,2481,44e1baac94753a79f465d32866d4b33d2cae530d0212ef81def917b33e510b22,test_evidence
publication,REPRO:publication/outputs/final_gate_20260719_v2/work/cache/pycache/tmp/feast-final-gate-v2-wheel.K3bwKI/venv/lib/python3.11/site-packages/pip/_vendor/rich/containers.cpython-311.pyc,publication_evidence,10822,3d8ce946e6461ca0da157f6ec2662b1207e1b2baf63ccfb2a6e9ad5f12eb49e2,test_evidence
publication,REPRO:publication/outputs/final_gate_20260719_v2/work/cache/pycache/tmp/feast-final-gate-v2-wheel.K3bwKI/venv/lib/python3.11/site-packages/pip/_vendor/rich/control.cpython-311.pyc,publication_evidence,11913,be91369e951f3b89e4d2cca32ee369e9b59d0c4821628b719e60b308deb5f4fb,test_evidence
publication,REPRO:publication/outputs/final_gate_20260719_v2/work/cache/pycache/tmp/feast-final-gate-v2-wheel.K3bwKI/venv/lib/python3.11/site-packages/pip/_vendor/rich/default_styles.cpython-311.pyc,publication_evidence,12616,4643b642f98a8a2627e9dbfa656fbd1a33388560879f1685ed780cf513c0f226,test_evidence
publication,REPRO:publication/outputs/final_gate_20260719_v2/work/cache/pycache/tmp/feast-final-gate-v2-wheel.K3bwKI/venv/lib/python3.11/site-packages/pip/_vendor/rich/diagnose.cpython-311.pyc,publication_evidence,1836,a973101b326d76123dda83e755b0bc703b66db16a709cbe531377d7dc3568cd1,test_evidence
publication,REPRO:publication/outputs/final_gate_20260719_v2/work/cache/pycache/tmp/feast-final-gate-v2-wheel.K3bwKI/venv/lib/python3.11/site-packages/pip/_vendor/rich/emoji.cpython-311.pyc,publication_evidence,4814,144dbe73a8e4247c23f2d0873f1ffcc4c6d84bd904a83ae532fee999c0dc48c5,test_evidence
publication,REPRO:publication/outputs/final_gate_20260719_v2/work/cache/pycache/tmp/feast-final-gate-v2-wheel.K3bwKI/venv/lib/python3.11/site-packages/pip/_vendor/rich/errors.cpython-311.pyc,publication_evidence,2345,1692d89d50ef255dea91b43a4a51c33709b2562c81f93494d9e4bae34f859241,test_evidence
publication,REPRO:publication/outputs/final_gate_20260719_v2/work/cache/pycache/tmp/feast-final-gate-v2-wheel.K3bwKI/venv/lib/python3.11/site-packages/pip/_vendor/rich/file_proxy.cpython-311.pyc,publication_evidence,4049,8019981f803721a2a11fa83e466f7058bd4f0c6e240ad1b98e633040d2944d4f,test_evidence
publication,REPRO:publication/outputs/final_gate_20260719_v2/work/cache/pycache/tmp/feast-final-gate-v2-wheel.K3bwKI/venv/lib/python3.11/site-packages/pip/_vendor/rich/filesize.cpython-311.pyc,publication_evidence,3317,8549ec8cc715aa3c17ab204a98ea58027f90ecdf413599d18107fb44199e88f3,test_evidence
publication,REPRO:publication/outputs/final_gate_20260719_v2/work/cache/pycache/tmp/feast-final-gate-v2-wheel.K3bwKI/venv/lib/python3.11/site-packages/pip/_vendor/rich/highlighter.cpython-311.pyc,publication_evidence,11003,38b650a219241bd563e39c81c09864d70a91ece00ac39aae23774952dd62ba54,test_evidence
publication,REPRO:publication/outputs/final_gate_20260719_v2/work/cache/pycache/tmp/feast-final-gate-v2-wheel.K3bwKI/venv/lib/python3.11/site-packages/pip/_vendor/rich/json.cpython-311.pyc,publication_evidence,6560,446c4ce9c7423277e96b324b2ed04ac3b9f7010e16eb2805a8c4a38bf5ca4772,test_evidence
publication,REPRO:publication/outputs/final_gate_20260719_v2/work/cache/pycache/tmp/feast-final-gate-v2-wheel.K3bwKI/venv/lib/python3.11/site-packages/pip/_vendor/rich/jupyter.cpython-311.pyc,publication_evidence,6420,b13bcd2b1b8f3664d038e81e3cd12a9aa4b024c11fada4b0021f83076fbc2a1f,test_evidence
publication,REPRO:publication/outputs/final_gate_20260719_v2/work/cache/pycache/tmp/feast-final-gate-v2-wheel.K3bwKI/venv/lib/python3.11/site-packages/pip/_vendor/rich/layout.cpython-311.pyc,publication_evidence,23327,1c698d6c7926bbd611e8a87f5a6a96c453389ece8fa737c76fb8fdf2fc2f7e93,test_evidence
publication,REPRO:publication/outputs/final_gate_20260719_v2/work/cache/pycache/tmp/feast-final-gate-v2-wheel.K3bwKI/venv/lib/python3.11/site-packages/pip/_vendor/rich/live.cpython-311.pyc,publication_evidence,21313,7d823022f806d6bd2132860c3c6c90d0ce948b7c0a636ca7a19dcaceac548c04,test_evidence
publication,REPRO:publication/outputs/final_gate_20260719_v2/work/cache/pycache/tmp/feast-final-gate-v2-wheel.K3bwKI/venv/lib/python3.11/site-packages/pip/_vendor/rich/live_render.cpython-311.pyc,publication_evidence,5161,bb58ea79cc100f97eb4d7db82e822891e274b945ed8e5b75d692f85f66c4a69c,test_evidence
publication,REPRO:publication/outputs/final_gate_20260719_v2/work/cache/pycache/tmp/feast-final-gate-v2-wheel.K3bwKI/venv/lib/python3.11/site-packages/pip/_vendor/rich/logging.cpython-311.pyc,publication_evidence,14532,b648cd8deefd02c0a52b5d9bcc14cfc66a688fa145d66a4c3d62e354ad08ca21,test_evidence
publication,REPRO:publication/outputs/final_gate_20260719_v2/work/cache/pycache/tmp/feast-final-gate-v2-wheel.K3bwKI/venv/lib/python3.11/site-packages/pip/_vendor/rich/markup.cpython-311.pyc,publication_evidence,10454,38a7f847163a7d1cac64405fdbf203ae1a736d7565752935197835ba3b9f1ef1,test_evidence
publication,REPRO:publication/outputs/final_gate_20260719_v2/work/cache/pycache/tmp/feast-final-gate-v2-wheel.K3bwKI/venv/lib/python3.11/site-packages/pip/_vendor/rich/measure.cpython-311.pyc,publication_evidence,7287,5284effea5e1e6e837ac4a9a56cb2dffa1de537bfa52a206e375922842c6c00f,test_evidence
publication,REPRO:publication/outputs/final_gate_20260719_v2/work/cache/pycache/tmp/feast-final-gate-v2-wheel.K3bwKI/venv/lib/python3.11/site-packages/pip/_vendor/rich/padding.cpython-311.pyc,publication_evidence,7503,228ffeb04d81b35f1c1bdb6b15c38ac15a60b04e53f87754bc3fde513d747c25,test_evidence
publication,REPRO:publication/outputs/final_gate_20260719_v2/work/cache/pycache/tmp/feast-final-gate-v2-wheel.K3bwKI/venv/lib/python3.11/site-packages/pip/_vendor/rich/pager.cpython-311.pyc,publication_evidence,2261,72d5acfa9f7fc7325178a3b723abda03b8bf6ae20adc9951d7ed9c89bedb71d3,test_evidence
publication,REPRO:publication/outputs/final_gate_20260719_v2/work/cache/pycache/tmp/feast-final-gate-v2-wheel.K3bwKI/venv/lib/python3.11/site-packages/pip/_vendor/rich/palette.cpython-311.pyc,publication_evidence,5994,284d7ba3957abe055581cdd6e8ee341026700a6a8e35323f2b439a7d87e7bf7c,test_evidence
publication,REPRO:publication/outputs/final_gate_20260719_v2/work/cache/pycache/tmp/feast-final-gate-v2-wheel.K3bwKI/venv/lib/python3.11/site-packages/pip/_vendor/rich/panel.cpython-311.pyc,publication_evidence,12750,45d64707e07e1c5cef78792186c20ee1c98347f1368140ecb51d026e1150e428,test_evidence
publication,REPRO:publication/outputs/final_gate_20260719_v2/work/cache/pycache/tmp/feast-final-gate-v2-wheel.K3bwKI/venv/lib/python3.11/site-packages/pip/_vendor/rich/pretty.cpython-311.pyc,publication_evidence,44363,4d98cb71813ebb1a680284f63318716f8df59d6ed41f04921114570ce501d72e,test_evidence
publication,REPRO:publication/outputs/final_gate_20260719_v2/work/cache/pycache/tmp/feast-final-gate-v2-wheel.K3bwKI/venv/lib/python3.11/site-packages/pip/_vendor/rich/progress.cpython-311.pyc,publication_evidence,82630,560fce53672ae1cf309c91ecc6e80183841d1241e09c3a1ca00ad56c8b6655d0,test_evidence
publication,REPRO:publication/outputs/final_gate_20260719_v2/work/cache/pycache/tmp/feast-final-gate-v2-wheel.K3bwKI/venv/lib/python3.11/site-packages/pip/_vendor/rich/progress_bar.cpython-311.pyc,publication_evidence,11028,0df2ff98573e5f06e2a3301bbdd37f6844561b313c32fbcaf9214bb510812658,test_evidence
publication,REPRO:publication/outputs/final_gate_20260719_v2/work/cache/pycache/tmp/feast-final-gate-v2-wheel.K3bwKI/venv/lib/python3.11/site-packages/pip/_vendor/rich/prompt.cpython-311.pyc,publication_evidence,16394,c3a45abe0e7cbcbbb1831c6d51c7b4b0fd048102bb8cdeca16b7d6550d2f0a9c,test_evidence
publication,REPRO:publication/outputs/final_gate_20260719_v2/work/cache/pycache/tmp/feast-final-gate-v2-wheel.K3bwKI/venv/lib/python3.11/site-packages/pip/_vendor/rich/protocol.cpython-311.pyc,publication_evidence,2112,6d9cf4316d62157238d9a6801c7c782a50bf5f8a2ed6a58a0884bf7b85db3772,test_evidence
publication,REPRO:publication/outputs/final_gate_20260719_v2/work/cache/pycache/tmp/feast-final-gate-v2-wheel.K3bwKI/venv/lib/python3.11/site-packages/pip/_vendor/rich/region.cpython-311.pyc,publication_evidence,675,d84ebf885d0fd0487b055e9917d28aa9470b87876fa5d31e8be10bc45efbb79e,test_evidence
publication,REPRO:publication/outputs/final_gate_20260719_v2/work/cache/pycache/tmp/feast-final-gate-v2-wheel.K3bwKI/venv/lib/python3.11/site-packages/pip/_vendor/rich/repr.cpython-311.pyc,publication_evidence,7642,8c63426a45f9e5bebcf032bdd6ae5aa8871058b3f695c1696dc23b4fb8c842f0,test_evidence
publication,REPRO:publication/outputs/final_gate_20260719_v2/work/cache/pycache/tmp/feast-final-gate-v2-wheel.K3bwKI/venv/lib/python3.11/site-packages/pip/_vendor/rich/rule.cpython-311.pyc,publication_evidence,7181,139babe20dc9bc3f3dc5a7ec1953e619454252d8940d5c87871041fdd4d1c9ac,test_evidence
publication,REPRO:publication/outputs/final_gate_20260719_v2/work/cache/pycache/tmp/feast-final-gate-v2-wheel.K3bwKI/venv/lib/python3.11/site-packages/pip/_vendor/rich/scope.cpython-311.pyc,publication_evidence,4367,e378df38e46a21b824cc5178c979322ee4adddedde86814fef99f8011beebf37,test_evidence
publication,REPRO:publication/outputs/final_gate_20260719_v2/work/cache/pycache/tmp/feast-final-gate-v2-wheel.K3bwKI/venv/lib/python3.11/site-packages/pip/_vendor/rich/screen.cpython-311.pyc,publication_evidence,2790,12e6295af6cad5c0aae6bdf3d39441207ac61bbb87984e84a8d1e6b802c2dbda,test_evidence
publication,REPRO:publication/outputs/final_gate_20260719_v2/work/cache/pycache/tmp/feast-final-gate-v2-wheel.K3bwKI/venv/lib/python3.11/site-packages/pip/_vendor/rich/segment.cpython-311.pyc,publication_evidence,31620,d450879f5101a215a29638ea19c1d5efe090c48391f56cb5868d2db882270e92,test_evidence
publication,REPRO:publication/outputs/final_gate_20260719_v2/work/cache/pycache/tmp/feast-final-gate-v2-wheel.K3bwKI/venv/lib/python3.11/site-packages/pip/_vendor/rich/spinner.cpython-311.pyc,publication_evidence,6896,45be94151b270d756270eb017ed0b719c748cbc523ed8e44ec16555039d44812,test_evidence
publication,REPRO:publication/outputs/final_gate_20260719_v2/work/cache/pycache/tmp/feast-final-gate-v2-wheel.K3bwKI/venv/lib/python3.11/site-packages/pip/_vendor/rich/status.cpython-311.pyc,publication_evidence,6774,e9180afc32f6c807d30575663aa21ab5023643a4c1b357e3f6c7c900ecb0701b,test_evidence
publication,REPRO:publication/outputs/final_gate_20260719_v2/work/cache/pycache/tmp/feast-final-gate-v2-wheel.K3bwKI/venv/lib/python3.11/site-packages/pip/_vendor/rich/style.cpython-311.pyc,publication_evidence,35214,587927cda994c9c470267a3aa98035407a5825accfd2c7c279bc0999ba65a82a,test_evidence
publication,REPRO:publication/outputs/final_gate_20260719_v2/work/cache/pycache/tmp/feast-final-gate-v2-wheel.K3bwKI/venv/lib/python3.11/site-packages/pip/_vendor/rich/styled.cpython-311.pyc,publication_evidence,2455,25112e84c842360e6b88b83956178e45f8a2d1cca5f91a7ae673fbf036a6eeca,test_evidence
publication,REPRO:publication/outputs/final_gate_20260719_v2/work/cache/pycache/tmp/feast-final-gate-v2-wheel.K3bwKI/venv/lib/python3.11/site-packages/pip/_vendor/rich/syntax.cpython-311.pyc,publication_evidence,42665,fcbb19b1a63b23d779cf61b5d93d82fb5fefc23846bf27f871e566b719d58ecf,test_evidence
publication,REPRO:publication/outputs/final_gate_20260719_v2/work/cache/pycache/tmp/feast-final-gate-v2-wheel.K3bwKI/venv/lib/python3.11/site-packages/pip/_vendor/rich/table.cpython-311.pyc,publication_evidence,48816,25d1d2e2f0bebdadc1a0f1831cae23bdfc8afcabcab21ac0dc961346ee2723b2,test_evidence
publication,REPRO:publication/outputs/final_gate_20260719_v2/work/cache/pycache/tmp/feast-final-gate-v2-wheel.K3bwKI/venv/lib/python3.11/site-packages/pip/_vendor/rich/terminal_theme.cpython-311.pyc,publication_evidence,3721,0ed1e0e9c0d9bd57298a9c48fdf11cf7abdab64a16edf35a4bd49480fd839119,test_evidence
publication,REPRO:publication/outputs/final_gate_20260719_v2/work/cache/pycache/tmp/feast-final-gate-v2-wheel.K3bwKI/venv/lib/python3.11/site-packages/pip/_vendor/rich/text.cpython-311.pyc,publication_evidence,64973,3f0461364e2a93b74594a9729bcd390a290cff31c41d6c356f38b43a5d4ba4f6,test_evidence
publication,REPRO:publication/outputs/final_gate_20260719_v2/work/cache/pycache/tmp/feast-final-gate-v2-wheel.K3bwKI/venv/lib/python3.11/site-packages/pip/_vendor/rich/theme.cpython-311.pyc,publication_evidence,7320,5fed437270621d30f7ca4ac90c490aef9a665d083901fc64dc28307bc6f93334,test_evidence
publication,REPRO:publication/outputs/final_gate_20260719_v2/work/cache/pycache/tmp/feast-final-gate-v2-wheel.K3bwKI/venv/lib/python3.11/site-packages/pip/_vendor/rich/themes.cpython-311.pyc,publication_evidence,371,6e6c63a57eea6073acedcc50e6abe186a0bf6b092dbaac96d077704529cdc7f2,test_evidence
publication,REPRO:publication/outputs/final_gate_20260719_v2/work/cache/pycache/tmp/feast-final-gate-v2-wheel.K3bwKI/venv/lib/python3.11/site-packages/pip/_vendor/rich/traceback.cpython-311.pyc,publication_evidence,34583,37916e3a6ddc4891bd19dd7921c536114b1f8c130bd8b8fd8dca68e50849608a,test_evidence
publication,REPRO:publication/outputs/final_gate_20260719_v2/work/cache/pycache/tmp/feast-final-gate-v2-wheel.K3bwKI/venv/lib/python3.11/site-packages/pip/_vendor/rich/tree.cpython-311.pyc,publication_evidence,12542,e59063c25d85b8e1838555c6eb47d218079c2db3c6c19eebb14830bcca6b9b9e,test_evidence
publication,REPRO:publication/outputs/final_gate_20260719_v2/work/cache/pycache/tmp/feast-final-gate-v2-wheel.K3bwKI/venv/lib/python3.11/site-packages/pip/_vendor/six.cpython-311.pyc,publication_evidence,46427,671fa36e861e44a2c23479a3990963b10fa9d45299e766413b0846a47b97d19a,test_evidence
publication,REPRO:publication/outputs/final_gate_20260719_v2/work/cache/pycache/tmp/feast-final-gate-v2-wheel.K3bwKI/venv/lib/python3.11/site-packages/pip/_vendor/tenacity/__init__.cpython-311.pyc,publication_evidence,29062,47c57cca1ec3317b3a88676e48d43821325c4b07d7323f2fb24042e4d54bd54e,test_evidence
publication,REPRO:publication/outputs/final_gate_20260719_v2/work/cache/pycache/tmp/feast-final-gate-v2-wheel.K3bwKI/venv/lib/python3.11/site-packages/pip/_vendor/tenacity/_asyncio.cpython-311.pyc,publication_evidence,5238,b72d85b52fbf86c4271295adb4a89b8d877a4e956715078c134de1c212b66ef1,test_evidence
publication,REPRO:publication/outputs/final_gate_20260719_v2/work/cache/pycache/tmp/feast-final-gate-v2-wheel.K3bwKI/venv/lib/python3.11/site-packages/pip/_vendor/tenacity/_utils.cpython-311.pyc,publication_evidence,2578,698e93657df22d41549c2f80a5dc6638a103483aa55ce541d6eae8cbe2538c48,test_evidence
publication,REPRO:publication/outputs/final_gate_20260719_v2/work/cache/pycache/tmp/feast-final-gate-v2-wheel.K3bwKI/venv/lib/python3.11/site-packages/pip/_vendor/tenacity/after.cpython-311.pyc,publication_evidence,1773,8bb832457f6cfdc50c3c7c472f58667a39b197a4b10035ba3f6890fdca353a07,test_evidence
publication,REPRO:publication/outputs/final_gate_20260719_v2/work/cache/pycache/tmp/feast-final-gate-v2-wheel.K3bwKI/venv/lib/python3.11/site-packages/pip/_vendor/tenacity/before.cpython-311.pyc,publication_evidence,1607,39fdd475d406f9ed057db73231294787a0b9ff1090c747c97c33e200223cd8b3,test_evidence
publication,REPRO:publication/outputs/final_gate_20260719_v2/work/cache/pycache/tmp/feast-final-gate-v2-wheel.K3bwKI/venv/lib/python3.11/site-packages/pip/_vendor/tenacity/before_sleep.cpython-311.pyc,publication_evidence,2390,327987df306a9479173cc2bce54ede7147e3567192c4627bf95b0d49ad5b3c6c,test_evidence
publication,REPRO:publication/outputs/final_gate_20260719_v2/work/cache/pycache/tmp/feast-final-gate-v2-wheel.K3bwKI/venv/lib/python3.11/site-packages/pip/_vendor/tenacity/nap.cpython-311.pyc,publication_evidence,1581,10dec30ca756c60af72482e5c3329109c292aa21e098e9bfdf4c81f49f93ee33,test_evidence
publication,REPRO:publication/outputs/final_gate_20260719_v2/work/cache/pycache/tmp/feast-final-gate-v2-wheel.K3bwKI/venv/lib/python3.11/site-packages/pip/_vendor/tenacity/retry.cpython-311.pyc,publication_evidence,15957,6cc743882d30f52e1a2717c8b91ac4c0e930c8ce48da58567a62c50eb8167a38,test_evidence
publication,REPRO:publication/outputs/final_gate_20260719_v2/work/cache/pycache/tmp/feast-final-gate-v2-wheel.K3bwKI/venv/lib/python3.11/site-packages/pip/_vendor/tenacity/stop.cpython-311.pyc,publication_evidence,6310,252f3e8b00817cbc7bee55e8ec4eb25c829cd3a445d64e26cfe052d08a76464a,test_evidence
publication,REPRO:publication/outputs/final_gate_20260719_v2/work/cache/pycache/tmp/feast-final-gate-v2-wheel.K3bwKI/venv/lib/python3.11/site-packages/pip/_vendor/tenacity/tornadoweb.cpython-311.pyc,publication_evidence,2927,84ffa17bb78842defa3ed847eb613fd6232261239f9e81e80b58cc08fe621743,test_evidence
publication,REPRO:publication/outputs/final_gate_20260719_v2/work/cache/pycache/tmp/feast-final-gate-v2-wheel.K3bwKI/venv/lib/python3.11/site-packages/pip/_vendor/tenacity/wait.cpython-311.pyc,publication_evidence,13316,281b6e8e0dfbcdcb1e33af1a0b0869e80b9ebb8e7480dbc2596fba28306a01c4,test_evidence
publication,REPRO:publication/outputs/final_gate_20260719_v2/work/cache/pycache/tmp/feast-final-gate-v2-wheel.K3bwKI/venv/lib/python3.11/site-packages/pip/_vendor/tomli/__init__.cpython-311.pyc,publication_evidence,426,30415e011fd7a94a72a4d037f75d11bdc2099085f0a8098edb343482d60051a8,test_evidence
publication,REPRO:publication/outputs/final_gate_20260719_v2/work/cache/pycache/tmp/feast-final-gate-v2-wheel.K3bwKI/venv/lib/python3.11/site-packages/pip/_vendor/tomli/_parser.cpython-311.pyc,publication_evidence,30865,23f6ba7dd80b354ea593f80d1f5a5f99b812efd4d017f0b143f3099d582f3e14,test_evidence
publication,REPRO:publication/outputs/final_gate_20260719_v2/work/cache/pycache/tmp/feast-final-gate-v2-wheel.K3bwKI/venv/lib/python3.11/site-packages/pip/_vendor/tomli/_re.cpython-311.pyc,publication_evidence,4505,35ad811646fb6c63f799882f465da81cc379bb337b3ddaa20f4973746d203fef,test_evidence
publication,REPRO:publication/outputs/final_gate_20260719_v2/work/cache/pycache/tmp/feast-final-gate-v2-wheel.K3bwKI/venv/lib/python3.11/site-packages/pip/_vendor/tomli/_types.cpython-311.pyc,publication_evidence,418,a649e8d9e631a6039c474cfe83ad333bd8c7c5d02d1293d3529128e86c657d83,test_evidence
publication,REPRO:publication/outputs/final_gate_20260719_v2/work/cache/pycache/tmp/feast-final-gate-v2-wheel.K3bwKI/venv/lib/python3.11/site-packages/pip/_vendor/truststore/__init__.cpython-311.pyc,publication_evidence,679,67e31486d2707ef8f36faa44c74326ae863e4a1cfd2f20d9f184516c127d5179,test_evidence
publication,REPRO:publication/outputs/final_gate_20260719_v2/work/cache/pycache/tmp/feast-final-gate-v2-wheel.K3bwKI/venv/lib/python3.11/site-packages/pip/_vendor/truststore/_api.cpython-311.pyc,publication_evidence,16741,1ac2b6127364e2c19ea551bb84061e65ae446c4929ae1c3a5ae304627cca9523,test_evidence
publication,REPRO:publication/outputs/final_gate_20260719_v2/work/cache/pycache/tmp/feast-final-gate-v2-wheel.K3bwKI/venv/lib/python3.11/site-packages/pip/_vendor/truststore/_macos.cpython-311.pyc,publication_evidence,17421,8e4b4a9a69bf9e21cade0e8fc04eb3e863c063d2c7c54d8fdfa542595a870bc5,test_evidence
publication,REPRO:publication/outputs/final_gate_20260719_v2/work/cache/pycache/tmp/feast-final-gate-v2-wheel.K3bwKI/venv/lib/python3.11/site-packages/pip/_vendor/truststore/_openssl.cpython-311.pyc,publication_evidence,2360,3b20f3141891e232cfa5051828521af88884b58d8445e6a3423d6ce60909dfc8,test_evidence
publication,REPRO:publication/outputs/final_gate_20260719_v2/work/cache/pycache/tmp/feast-final-gate-v2-wheel.K3bwKI/venv/lib/python3.11/site-packages/pip/_vendor/truststore/_ssl_constants.cpython-311.pyc,publication_evidence,1135,0018c89fb3d0e93b1da5ed0249b5bcc76023d43b740b5c2db6b53cf18dada46f,test_evidence
publication,REPRO:publication/outputs/final_gate_20260719_v2/work/cache/pycache/tmp/feast-final-gate-v2-wheel.K3bwKI/venv/lib/python3.11/site-packages/pip/_vendor/truststore/_windows.cpython-311.pyc,publication_evidence,17263,aeea552d7e425bfc252fa6696430a3fe5283f3c7e8f0cecef25b04a243bcb0cf,test_evidence
publication,REPRO:publication/outputs/final_gate_20260719_v2/work/cache/pycache/tmp/feast-final-gate-v2-wheel.K3bwKI/venv/lib/python3.11/site-packages/pip/_vendor/typing_extensions.cpython-311.pyc,publication_evidence,131597,184422c41b52deefe2a712898e1c479f02e923d492bb1d4570836c6f8b7fa123,test_evidence
publication,REPRO:publication/outputs/final_gate_20260719_v2/work/cache/pycache/tmp/feast-final-gate-v2-wheel.K3bwKI/venv/lib/python3.11/site-packages/pip/_vendor/urllib3/__init__.cpython-311.pyc,publication_evidence,3724,52d509465991895caa6d3cf5516c5f19871f8bebb9bb2a6d72872024f96f08db,test_evidence
publication,REPRO:publication/outputs/final_gate_20260719_v2/work/cache/pycache/tmp/feast-final-gate-v2-wheel.K3bwKI/venv/lib/python3.11/site-packages/pip/_vendor/urllib3/_collections.cpython-311.pyc,publication_evidence,18312,211e19d81adcef35ecebcb8b739888b29a505dd33bbf83bf2aecbf93a0487de8,test_evidence
publication,REPRO:publication/outputs/final_gate_20260719_v2/work/cache/pycache/tmp/feast-final-gate-v2-wheel.K3bwKI/venv/lib/python3.11/site-packages/pip/_vendor/urllib3/_version.cpython-311.pyc,publication_evidence,234,c9a524383af74aa4155c7e24192cff975ddb7f14af4e09ceb9ed0eab0e827bdb,test_evidence
publication,REPRO:publication/outputs/final_gate_20260719_v2/work/cache/pycache/tmp/feast-final-gate-v2-wheel.K3bwKI/venv/lib/python3.11/site-packages/pip/_vendor/urllib3/connection.cpython-311.pyc,publication_evidence,22080,e3defc43e0f9f03d2b701ebc08dd4110371ee13221d741b2de0c98b5f9df5a8a,test_evidence
publication,REPRO:publication/outputs/final_gate_20260719_v2/work/cache/pycache/tmp/feast-final-gate-v2-wheel.K3bwKI/venv/lib/python3.11/site-packages/pip/_vendor/urllib3/connectionpool.cpython-311.pyc,publication_evidence,38292,16bbd9841808fbdafdf8fb0b9d7a628adf3d04c920ec1ac035cc5b5217346523,test_evidence
publication,REPRO:publication/outputs/final_gate_20260719_v2/work/cache/pycache/tmp/feast-final-gate-v2-wheel.K3bwKI/venv/lib/python3.11/site-packages/pip/_vendor/urllib3/contrib/__init__.cpython-311.pyc,publication_evidence,220,f21cdbbe771853d2324e16eedea831a228ab722fd18ce7d6923e4c6f37b4700d,test_evidence
publication,REPRO:publication/outputs/final_gate_20260719_v2/work/cache/pycache/tmp/feast-final-gate-v2-wheel.K3bwKI/venv/lib/python3.11/site-packages/pip/_vendor/urllib3/contrib/_appengine_environ.cpython-311.pyc,publication_evidence,1959,50b1294d78769378796eafeed7a220f73aa02298d98bb19de578314aae816375,test_evidence
publication,REPRO:publication/outputs/final_gate_20260719_v2/work/cache/pycache/tmp/feast-final-gate-v2-wheel.K3bwKI/venv/lib/python3.11/site-packages/pip/_vendor/urllib3/contrib/_securetransport/__init__.cpython-311.pyc,publication_evidence,237,5807caf2ba8e8e92b6cd47267e6880a9d3e12f12a308a5eace7b06f0327884a7,test_evidence
publication,REPRO:publication/outputs/final_gate_20260719_v2/work/cache/pycache/tmp/feast-final-gate-v2-wheel.K3bwKI/venv/lib/python3.11/site-packages/pip/_vendor/urllib3/contrib/_securetransport/bindings.cpython-311.pyc,publication_evidence,16984,c75f1660a2d43089a1cbbc85d3136a215222f331d612c5edbdc875751c173571,test_evidence
publication,REPRO:publication/outputs/final_gate_20260719_v2/work/cache/pycache/tmp/feast-final-gate-v2-wheel.K3bwKI/venv/lib/python3.11/site-packages/pip/_vendor/urllib3/contrib/_securetransport/low_level.cpython-311.pyc,publication_evidence,15621,e963142d8874465fca3141c583f70d4fb3f27dc2c7e743cad4a9f00c49e581e9,test_evidence
publication,REPRO:publication/outputs/final_gate_20260719_v2/work/cache/pycache/tmp/feast-final-gate-v2-wheel.K3bwKI/venv/lib/python3.11/site-packages/pip/_vendor/urllib3/contrib/appengine.cpython-311.pyc,publication_evidence,12166,ae2095168af7c24709f1bac2da3b7557900b666f12378ef83ce113668f00e0ba,test_evidence
publication,REPRO:publication/outputs/final_gate_20260719_v2/work/cache/pycache/tmp/feast-final-gate-v2-wheel.K3bwKI/venv/lib/python3.11/site-packages/pip/_vendor/urllib3/contrib/ntlmpool.cpython-311.pyc,publication_evidence,6243,8d819af1cc72722e6732568e47e49d178f26cb7e8af82fe7ee012b6340c017a9,test_evidence
publication,REPRO:publication/outputs/final_gate_20260719_v2/work/cache/pycache/tmp/feast-final-gate-v2-wheel.K3bwKI/venv/lib/python3.11/site-packages/pip/_vendor/urllib3/contrib/pyopenssl.cpython-311.pyc,publication_evidence,25752,adf96d0b9d3972f3df00560aef085eb074611bd120e62aec97795f2cc7c0f2d5,test_evidence
publication,REPRO:publication/outputs/final_gate_20260719_v2/work/cache/pycache/tmp/feast-final-gate-v2-wheel.K3bwKI/venv/lib/python3.11/site-packages/pip/_vendor/urllib3/contrib/securetransport.cpython-311.pyc,publication_evidence,36858,e06ee2b4eb941a43ae52b2372d6277ea45f965cfd06b18852dcf4f2c04af286c,test_evidence
publication,REPRO:publication/outputs/final_gate_20260719_v2/work/cache/pycache/tmp/feast-final-gate-v2-wheel.K3bwKI/venv/lib/python3.11/site-packages/pip/_vendor/urllib3/contrib/socks.cpython-311.pyc,publication_evidence,8104,3dec54e181abf938a7c1898245cd4a21e50bf21c1255d13392ee4f1e3a45387d,test_evidence
publication,REPRO:publication/outputs/final_gate_20260719_v2/work/cache/pycache/tmp/feast-final-gate-v2-wheel.K3bwKI/venv/lib/python3.11/site-packages/pip/_vendor/urllib3/exceptions.cpython-311.pyc,publication_evidence,16138,4cc83c837776b0c9b16a65ca1c6a1e1d1985fc50940109cd360698835271fc45,test_evidence
publication,REPRO:publication/outputs/final_gate_20260719_v2/work/cache/pycache/tmp/feast-final-gate-v2-wheel.K3bwKI/venv/lib/python3.11/site-packages/pip/_vendor/urllib3/fields.cpython-311.pyc,publication_evidence,11431,eaf002659e676be0db7a531b40f61bb2d11026c7af0fc4e9a6bb210c13cb562c,test_evidence
publication,REPRO:publication/outputs/final_gate_20260719_v2/work/cache/pycache/tmp/feast-final-gate-v2-wheel.K3bwKI/venv/lib/python3.11/site-packages/pip/_vendor/urllib3/filepost.cpython-311.pyc,publication_evidence,4512,87bd83286028c8eb5c8b2e6641c9c71a9c375eb0e60d2c7a28a8133e6349cf78,test_evidence
publication,REPRO:publication/outputs/final_gate_20260719_v2/work/cache/pycache/tmp/feast-final-gate-v2-wheel.K3bwKI/venv/lib/python3.11/site-packages/pip/_vendor/urllib3/packages/__init__.cpython-311.pyc,publication_evidence,221,e45142fd7e7feae068a7bea8f33f213da018ed486c52bbb8a4d30d97a075b14f,test_evidence
publication,REPRO:publication/outputs/final_gate_20260719_v2/work/cache/pycache/tmp/feast-final-gate-v2-wheel.K3bwKI/venv/lib/python3.11/site-packages/pip/_vendor/urllib3/packages/backports/__init__.cpython-311.pyc,publication_evidence,231,409b6cb0a0b88ec4a025f70b7a902b72a390b7825021bae807d7b5392192a5a8,test_evidence
publication,REPRO:publication/outputs/final_gate_20260719_v2/work/cache/pycache/tmp/feast-final-gate-v2-wheel.K3bwKI/venv/lib/python3.11/site-packages/pip/_vendor/urllib3/packages/backports/makefile.cpython-311.pyc,publication_evidence,1978,ef09fd9f8f41cb3948e764947897594a229daf8cef08d0a0d0a7ae40c533a016,test_evidence
publication,REPRO:publication/outputs/final_gate_20260719_v2/work/cache/pycache/tmp/feast-final-gate-v2-wheel.K3bwKI/venv/lib/python3.11/site-packages/pip/_vendor/urllib3/packages/backports/weakref_finalize.cpython-311.pyc,publication_evidence,8006,a19858f8394779b4e8954f147a88cf2f4d6ae1fbb7519debf5ab3eb89361fc85,test_evidence
publication,REPRO:publication/outputs/final_gate_20260719_v2/work/cache/pycache/tmp/feast-final-gate-v2-wheel.K3bwKI/venv/lib/python3.11/site-packages/pip/_vendor/urllib3/packages/six.cpython-311.pyc,publication_evidence,46463,1fe2ab1bdf05f81d019c1cbd01224445870a0b12dc1d62d28ee5527a208285dc,test_evidence
publication,REPRO:publication/outputs/final_gate_20260719_v2/work/cache/pycache/tmp/feast-final-gate-v2-wheel.K3bwKI/venv/lib/python3.11/site-packages/pip/_vendor/urllib3/poolmanager.cpython-311.pyc,publication_evidence,21630,ed32525668bbab0235ea1cb9f8f92782305d466545cf2f54aa5429ac3832030a,test_evidence
publication,REPRO:publication/outputs/final_gate_20260719_v2/work/cache/pycache/tmp/feast-final-gate-v2-wheel.K3bwKI/venv/lib/python3.11/site-packages/pip/_vendor/urllib3/request.cpython-311.pyc,publication_evidence,7683,e9fa6247282b0ee5a131ae663a3dcf8ea2fd05aa6fed445f2fccdf13f49876c7,test_evidence
publication,REPRO:publication/outputs/final_gate_20260719_v2/work/cache/pycache/tmp/feast-final-gate-v2-wheel.K3bwKI/venv/lib/python3.11/site-packages/pip/_vendor/urllib3/response.cpython-311.pyc,publication_evidence,36558,0288d3fee07175c8fa110b03c1d545e8b70062e02c05fa230f037dbe1d160f7a,test_evidence
publication,REPRO:publication/outputs/final_gate_20260719_v2/work/cache/pycache/tmp/feast-final-gate-v2-wheel.K3bwKI/venv/lib/python3.11/site-packages/pip/_vendor/urllib3/util/__init__.cpython-311.pyc,publication_evidence,1423,653bd24d4e9f374fbfaf0e655c941376a97636bfb6d469dbac7dfa5f330dabcd,test_evidence
publication,REPRO:publication/outputs/final_gate_20260719_v2/work/cache/pycache/tmp/feast-final-gate-v2-wheel.K3bwKI/venv/lib/python3.11/site-packages/pip/_vendor/urllib3/util/connection.cpython-311.pyc,publication_evidence,5150,64971534cab3acef8c11e5cc1f6811b8f7fdaed1db62f5e60a99cab06bbc3f0c,test_evidence
publication,REPRO:publication/outputs/final_gate_20260719_v2/work/cache/pycache/tmp/feast-final-gate-v2-wheel.K3bwKI/venv/lib/python3.11/site-packages/pip/_vendor/urllib3/util/proxy.cpython-311.pyc,publication_evidence,1732,6239baf4ffc601ca565367b2e5fb926d5e29e992df9bb95b5e4dceef25d05a14,test_evidence
publication,REPRO:publication/outputs/final_gate_20260719_v2/work/cache/pycache/tmp/feast-final-gate-v2-wheel.K3bwKI/venv/lib/python3.11/site-packages/pip/_vendor/urllib3/util/queue.cpython-311.pyc,publication_evidence,1515,898d593fae01a99226ec392c3ea26f331b5bd7a9a4bf60cd97d83fe6eb9123fa,test_evidence
publication,REPRO:publication/outputs/final_gate_20260719_v2/work/cache/pycache/tmp/feast-final-gate-v2-wheel.K3bwKI/venv/lib/python3.11/site-packages/pip/_vendor/urllib3/util/request.cpython-311.pyc,publication_evidence,4635,450e4599fa5293e77014c0bc16eccf2768a04ea3d5f7fc75624f14c0f5da814f,test_evidence
publication,REPRO:publication/outputs/final_gate_20260719_v2/work/cache/pycache/tmp/feast-final-gate-v2-wheel.K3bwKI/venv/lib/python3.11/site-packages/pip/_vendor/urllib3/util/response.cpython-311.pyc,publication_evidence,3504,0011a5474122b2cea94382f24b33028bf89f8fcfbf0d633ac20d7638a6e55ab9,test_evidence
publication,REPRO:publication/outputs/final_gate_20260719_v2/work/cache/pycache/tmp/feast-final-gate-v2-wheel.K3bwKI/venv/lib/python3.11/site-packages/pip/_vendor/urllib3/util/retry.cpython-311.pyc,publication_evidence,22784,4d89f8a12af861f91a2589a81831f0bb2f022e009f13e3e780ed12766ed27b20,test_evidence
publication,REPRO:publication/outputs/final_gate_20260719_v2/work/cache/pycache/tmp/feast-final-gate-v2-wheel.K3bwKI/venv/lib/python3.11/site-packages/pip/_vendor/urllib3/util/ssl_.cpython-311.pyc,publication_evidence,16835,8c2d07ff9fc64f7b11f98a5e18aec06942a9fd605720bb6c20da13878d460e7b,test_evidence
publication,REPRO:publication/outputs/final_gate_20260719_v2/work/cache/pycache/tmp/feast-final-gate-v2-wheel.K3bwKI/venv/lib/python3.11/site-packages/pip/_vendor/urllib3/util/ssl_match_hostname.cpython-311.pyc,publication_evidence,5814,0bea4f718843bfcddd749b80db7448aed8170e1fc45311decd4f16e098016e11,test_evidence
publication,REPRO:publication/outputs/final_gate_20260719_v2/work/cache/pycache/tmp/feast-final-gate-v2-wheel.K3bwKI/venv/lib/python3.11/site-packages/pip/_vendor/urllib3/util/ssltransport.cpython-311.pyc,publication_evidence,11643,1382d85ac30db86af37443281a6738382af52d0f6486528173908f80af526db5,test_evidence
publication,REPRO:publication/outputs/final_gate_20260719_v2/work/cache/pycache/tmp/feast-final-gate-v2-wheel.K3bwKI/venv/lib/python3.11/site-packages/pip/_vendor/urllib3/util/timeout.cpython-311.pyc,publication_evidence,11357,109fb07ddf4f7d66b94a3ada68c4cc0779cbf7836affc38ec8773c01f6c65c5e,test_evidence
publication,REPRO:publication/outputs/final_gate_20260719_v2/work/cache/pycache/tmp/feast-final-gate-v2-wheel.K3bwKI/venv/lib/python3.11/site-packages/pip/_vendor/urllib3/util/url.cpython-311.pyc,publication_evidence,17598,cbeec767ed74aa034843a64a02fab1888bcf9ea90ef3a1bfde933108a0d22e63,test_evidence
publication,REPRO:publication/outputs/final_gate_20260719_v2/work/cache/pycache/tmp/feast-final-gate-v2-wheel.K3bwKI/venv/lib/python3.11/site-packages/pip/_vendor/urllib3/util/wait.cpython-311.pyc,publication_evidence,5017,e045aebaee316ebd721647fe860b522fb4e6a7402b8013e0a5b720797b5beaab,test_evidence
publication,REPRO:publication/outputs/final_gate_20260719_v2/work/cache/pycache/tmp/feast-final-gate-v2-wheel.K3bwKI/venv/lib/python3.11/site-packages/pip/_vendor/webencodings/__init__.cpython-311.pyc,publication_evidence,12897,a998521eb918755972b83a28a65b91d0630d27859036185d6a4de59cf1ecbcff,test_evidence
publication,REPRO:publication/outputs/final_gate_20260719_v2/work/cache/pycache/tmp/feast-final-gate-v2-wheel.K3bwKI/venv/lib/python3.11/site-packages/pip/_vendor/webencodings/labels.cpython-311.pyc,publication_evidence,7297,dc3d4253ab623cf47e509ea1899ed3ffdb83327c730018f76432137524e20776,test_evidence
publication,REPRO:publication/outputs/final_gate_20260719_v2/work/cache/pycache/tmp/feast-final-gate-v2-wheel.K3bwKI/venv/lib/python3.11/site-packages/pip/_vendor/webencodings/mklabels.cpython-311.pyc,publication_evidence,3225,4d7f0d575c03a9d32d613bf8c723de157091b2279e9fb20bbb4f3331ee0d4441,test_evidence
publication,REPRO:publication/outputs/final_gate_20260719_v2/work/cache/pycache/tmp/feast-final-gate-v2-wheel.K3bwKI/venv/lib/python3.11/site-packages/pip/_vendor/webencodings/tests.cpython-311.pyc,publication_evidence,11203,e32c11c1664b6b82fbe85142f8b9e95745f712adf3559a83d4b61b8b45a33d16,test_evidence
publication,REPRO:publication/outputs/final_gate_20260719_v2/work/cache/pycache/tmp/feast-final-gate-v2-wheel.K3bwKI/venv/lib/python3.11/site-packages/pip/_vendor/webencodings/x_user_defined.cpython-311.pyc,publication_evidence,3577,46be58aac211185d8accfe55d992cf732c17bbea1400b49c667a87adf30e9433,test_evidence
publication,REPRO:publication/outputs/final_gate_20260719_v2/work/cache/pycache/tmp/feast-final-gate-v2-wheel.K3bwKI/venv/lib/python3.11/site-packages/pkg_resources/__init__.cpython-311.pyc,publication_evidence,179493,5952b36c80979069eaea0370707c9ef6f3c4606cf32c85c5b78ed0e98b1ecf0d,test_evidence
publication,REPRO:publication/outputs/final_gate_20260719_v2/work/cache/pycache/tmp/feast-final-gate-v2-wheel.K3bwKI/venv/lib/python3.11/site-packages/pkg_resources/tests/__init__.cpython-311.pyc,publication_evidence,212,6670dae1bd7c6fcc583895e30932e47a08103b6a159ed2ee74a06da20e8468ba,test_evidence
publication,REPRO:publication/outputs/final_gate_20260719_v2/work/cache/pycache/tmp/feast-final-gate-v2-wheel.K3bwKI/venv/lib/python3.11/site-packages/pkg_resources/tests/data/my-test-package-source/setup.cpython-311.pyc,publication_evidence,403,87829e74c60cbfbd78aeacd63cdeeefdfebc0954b090e7ae25aba4f9ead5d0c9,test_evidence
publication,REPRO:publication/outputs/final_gate_20260719_v2/work/cache/pycache/tmp/feast-final-gate-v2-wheel.K3bwKI/venv/lib/python3.11/site-packages/pkg_resources/tests/test_find_distributions.cpython-311.pyc,publication_evidence,4049,966ff73cc9b4deb15b2d99ca9ec2d4ce396bdca406053217e7637db96680e98d,test_evidence
publication,REPRO:publication/outputs/final_gate_20260719_v2/work/cache/pycache/tmp/feast-final-gate-v2-wheel.K3bwKI/venv/lib/python3.11/site-packages/pkg_resources/tests/test_integration_zope_interface.cpython-311.pyc,publication_evidence,2126,99934505d9b12554f68dac8b075d647de191842beab9dd30c9c7a2cb04e21b09,test_evidence
publication,REPRO:publication/outputs/final_gate_20260719_v2/work/cache/pycache/tmp/feast-final-gate-v2-wheel.K3bwKI/venv/lib/python3.11/site-packages/pkg_resources/tests/test_markers.cpython-311.pyc,publication_evidence,718,35483c4cc433fec806b4c12592719dbe5189c5239d646dbc3b97103f10c29c2b,test_evidence
publication,REPRO:publication/outputs/final_gate_20260719_v2/work/cache/pycache/tmp/feast-final-gate-v2-wheel.K3bwKI/venv/lib/python3.11/site-packages/pkg_resources/tests/test_pkg_resources.cpython-311.pyc,publication_evidence,27861,cc5bfc3354894ba6eaa19464a19e416bbd9d7b025c07b5e7579abcbf728f7175,test_evidence
publication,REPRO:publication/outputs/final_gate_20260719_v2/work/cache/pycache/tmp/feast-final-gate-v2-wheel.K3bwKI/venv/lib/python3.11/site-packages/pkg_resources/tests/test_resources.cpython-311.pyc,publication_evidence,54843,ed4b444e9fd4830bc2f05b6716d720fc87c54ba80cb2296450bfae4843c36582,test_evidence
publication,REPRO:publication/outputs/final_gate_20260719_v2/work/cache/pycache/tmp/feast-final-gate-v2-wheel.K3bwKI/venv/lib/python3.11/site-packages/pkg_resources/tests/test_working_set.cpython-311.pyc,publication_evidence,11427,2f65ef33e362a7f7d7adbc1338db7d76da8c27e51b2a6ac72152d028688b5e63,test_evidence
publication,REPRO:publication/outputs/final_gate_20260719_v2/work/cache/pycache/tmp/feast-final-gate-v2-wheel.K3bwKI/venv/lib/python3.11/site-packages/setuptools/__init__.cpython-311.pyc,publication_evidence,15383,d2b098893def082cdf0301071e25dd2fe655abbd915659c5d9bc9792506f02d3,test_evidence
publication,REPRO:publication/outputs/final_gate_20260719_v2/work/cache/pycache/tmp/feast-final-gate-v2-wheel.K3bwKI/venv/lib/python3.11/site-packages/setuptools/_core_metadata.cpython-311.pyc,publication_evidence,16934,37797273243a8e80d6b1216d6b388bc9bb7efe5ab88421444517ea7327ec5736,test_evidence
publication,REPRO:publication/outputs/final_gate_20260719_v2/work/cache/pycache/tmp/feast-final-gate-v2-wheel.K3bwKI/venv/lib/python3.11/site-packages/setuptools/_distutils/__init__.cpython-311.pyc,publication_evidence,577,326cb7e65647d54d1aa1601e673193085f30a30ffde5b0fae73519050fe10f21,test_evidence
publication,REPRO:publication/outputs/final_gate_20260719_v2/work/cache/pycache/tmp/feast-final-gate-v2-wheel.K3bwKI/venv/lib/python3.11/site-packages/setuptools/_distutils/_log.cpython-311.pyc,publication_evidence,294,2cf1e874c09acbc553a3f3dcbcbf2b145644909ce0a9d6df2302104e131e973e,test_evidence
publication,REPRO:publication/outputs/final_gate_20260719_v2/work/cache/pycache/tmp/feast-final-gate-v2-wheel.K3bwKI/venv/lib/python3.11/site-packages/setuptools/_distutils/_macos_compat.cpython-311.pyc,publication_evidence,588,db1b6178b296df851e3b2fccfef45b451c9f4e42cb3b33d603891ff476fdec4b,test_evidence
publication,REPRO:publication/outputs/final_gate_20260719_v2/work/cache/pycache/tmp/feast-final-gate-v2-wheel.K3bwKI/venv/lib/python3.11/site-packages/setuptools/_distutils/_modified.cpython-311.pyc,publication_evidence,5155,cdfab02e256b23758767a362ae1cdaad07889de1c7b6eaa5a57d21b1f3120fc7,test_evidence
publication,REPRO:publication/outputs/final_gate_20260719_v2/work/cache/pycache/tmp/feast-final-gate-v2-wheel.K3bwKI/venv/lib/python3.11/site-packages/setuptools/_distutils/_msvccompiler.cpython-311.pyc,publication_evidence,775,bc6449ba27099acba0e4276e39ddedcdcf83b7ec690a583259353698da6bdf6c,test_evidence
publication,REPRO:publication/outputs/final_gate_20260719_v2/work/cache/pycache/tmp/feast-final-gate-v2-wheel.K3bwKI/venv/lib/python3.11/site-packages/setuptools/_distutils/archive_util.cpython-311.pyc,publication_evidence,11315,469162d1b40be156b8e0acff71d846e869aea578a5acec0841523f2ce35c48bb,test_evidence
publication,REPRO:publication/outputs/final_gate_20260719_v2/work/cache/pycache/tmp/feast-final-gate-v2-wheel.K3bwKI/venv/lib/python3.11/site-packages/setuptools/_distutils/ccompiler.cpython-311.pyc,publication_evidence,837,242fb5efefcf162b6e81bfe75c9d7b9aea29c53e5bd7030f4451398f79fdb2a0,test_evidence
publication,REPRO:publication/outputs/final_gate_20260719_v2/work/cache/pycache/tmp/feast-final-gate-v2-wheel.K3bwKI/venv/lib/python3.11/site-packages/setuptools/_distutils/cmd.cpython-311.pyc,publication_evidence,23564,1a2d03e0d6a8d0e59f607ee955c719ba6c8e42e3f83a3ab32cbf14b6428b8ded,test_evidence
publication,REPRO:publication/outputs/final_gate_20260719_v2/work/cache/pycache/tmp/feast-final-gate-v2-wheel.K3bwKI/venv/lib/python3.11/site-packages/setuptools/_distutils/command/__init__.cpython-311.pyc,publication_evidence,542,f35c484f875325570898985ec8f9957d20295e0634bcc8058d06b93eed9a8e7b,test_evidence
publication,REPRO:publication/outputs/final_gate_20260719_v2/work/cache/pycache/tmp/feast-final-gate-v2-wheel.K3bwKI/venv/lib/python3.11/site-packages/setuptools/_distutils/command/_framework_compat.cpython-311.pyc,publication_evidence,2753,0988570a54d4d6ddd14d33414fc9b957e50be620615b56c3fedd9566541edd74,test_evidence
publication,REPRO:publication/outputs/final_gate_20260719_v2/work/cache/pycache/tmp/feast-final-gate-v2-wheel.K3bwKI/venv/lib/python3.11/site-packages/setuptools/_distutils/command/bdist.cpython-311.pyc,publication_evidence,7200,3d2b8f9bb7b663173873e1787366d9f35a71235042b90802b976d84cafc757f6,test_evidence
publication,REPRO:publication/outputs/final_gate_20260719_v2/work/cache/pycache/tmp/feast-final-gate-v2-wheel.K3bwKI/venv/lib/python3.11/site-packages/setuptools/_distutils/command/bdist_dumb.cpython-311.pyc,publication_evidence,5793,5771f05ef027256f38a0df4e1fe97b43a9ee434ac80f567c3ad62a3569536cf6,test_evidence
publication,REPRO:publication/outputs/final_gate_20260719_v2/work/cache/pycache/tmp/feast-final-gate-v2-wheel.K3bwKI/venv/lib/python3.11/site-packages/setuptools/_distutils/command/bdist_rpm.cpython-311.pyc,publication_evidence,23465,5dbc948174ca293af4724647a997fc000fdc4d13dd016090ebd73476b39c9072,test_evidence
publication,REPRO:publication/outputs/final_gate_20260719_v2/work/cache/pycache/tmp/feast-final-gate-v2-wheel.K3bwKI/venv/lib/python3.11/site-packages/setuptools/_distutils/command/build.cpython-311.pyc,publication_evidence,6484,a7d3743f0b67ab495e1d2b59faf56a5046e87538d3a47a872731c6279fb247aa,test_evidence
publication,REPRO:publication/outputs/final_gate_20260719_v2/work/cache/pycache/tmp/feast-final-gate-v2-wheel.K3bwKI/venv/lib/python3.11/site-packages/setuptools/_distutils/command/build_clib.cpython-311.pyc,publication_evidence,8117,8172f0a9bdad4be3b196d1ad643ddbdff20a58a53328c96c4c745f4c791c5e1d,test_evidence
publication,REPRO:publication/outputs/final_gate_20260719_v2/work/cache/pycache/tmp/feast-final-gate-v2-wheel.K3bwKI/venv/lib/python3.11/site-packages/setuptools/_distutils/command/build_ext.cpython-311.pyc,publication_evidence,32096,0989be5b2aba3e5f03fee87adc827b2fb847504ebc725bf0c4fcd22ffea80ec2,test_evidence
publication,REPRO:publication/outputs/final_gate_20260719_v2/work/cache/pycache/tmp/feast-final-gate-v2-wheel.K3bwKI/venv/lib/python3.11/site-packages/setuptools/_distutils/command/build_py.cpython-311.pyc,publication_evidence,17999,bcf4db34d04e70540672e6cf70c04f93bf3ddb10f02d4dc2a8af5f72c05a7eaa,test_evidence
publication,REPRO:publication/outputs/final_gate_20260719_v2/work/cache/pycache/tmp/feast-final-gate-v2-wheel.K3bwKI/venv/lib/python3.11/site-packages/setuptools/_distutils/command/build_scripts.cpython-311.pyc,publication_evidence,7583,cc578fbb5568c0abee7917af10bcd97594667c6acb5b7849f03886df7f1e96bc,test_evidence
publication,REPRO:publication/outputs/final_gate_20260719_v2/work/cache/pycache/tmp/feast-final-gate-v2-wheel.K3bwKI/venv/lib/python3.11/site-packages/setuptools/_distutils/command/check.cpython-311.pyc,publication_evidence,7978,82a9b5706446fa0e8c86180dba05b556fc6d287e3341a98bf1f990360055d772,test_evidence
publication,REPRO:publication/outputs/final_gate_20260719_v2/work/cache/pycache/tmp/feast-final-gate-v2-wheel.K3bwKI/venv/lib/python3.11/site-packages/setuptools/_distutils/command/clean.cpython-311.pyc,publication_evidence,3355,884af4504d3cc68654486beb4737f994e364841c18e210fe9d815fc21af0a846,test_evidence
publication,REPRO:publication/outputs/final_gate_20260719_v2/work/cache/pycache/tmp/feast-final-gate-v2-wheel.K3bwKI/venv/lib/python3.11/site-packages/setuptools/_distutils/command/config.cpython-311.pyc,publication_evidence,16433,4370e52d2aa408867f742e16c6bdadd39b466be9152394865b166e293be57d94,test_evidence
publication,REPRO:publication/outputs/final_gate_20260719_v2/work/cache/pycache/tmp/feast-final-gate-v2-wheel.K3bwKI/venv/lib/python3.11/site-packages/setuptools/_distutils/command/install.cpython-311.pyc,publication_evidence,29145,c34f892136a1152404d05e949e247578d4704e4c26ed896e1aeb8bb44f38dec8,test_evidence
publication,REPRO:publication/outputs/final_gate_20260719_v2/work/cache/pycache/tmp/feast-final-gate-v2-wheel.K3bwKI/venv/lib/python3.11/site-packages/setuptools/_distutils/command/install_data.cpython-311.pyc,publication_evidence,4793,84bb47a3bd1783d2f34eac2d3788b4eb576956aa0967fecbee239236f47e3f89,test_evidence
publication,REPRO:publication/outputs/final_gate_20260719_v2/work/cache/pycache/tmp/feast-final-gate-v2-wheel.K3bwKI/venv/lib/python3.11/site-packages/setuptools/_distutils/command/install_egg_info.cpython-311.pyc,publication_evidence,5507,5cd31a38a4aa530e204a4c4b8d9bef0d01e8aee4510c8d8f2648e65660276235,test_evidence
publication,REPRO:publication/outputs/final_gate_20260719_v2/work/cache/pycache/tmp/feast-final-gate-v2-wheel.K3bwKI/venv/lib/python3.11/site-packages/setuptools/_distutils/command/install_headers.cpython-311.pyc,publication_evidence,2623,d5d1a04e8be48cd246e9427a385d05906c925b1dd329bd3f43a098d1b9cb4a73,test_evidence
publication,REPRO:publication/outputs/final_gate_20260719_v2/work/cache/pycache/tmp/feast-final-gate-v2-wheel.K3bwKI/venv/lib/python3.11/site-packages/setuptools/_distutils/command/install_lib.cpython-311.pyc,publication_evidence,9149,5a3597e5851774311260c1255586bb7c31bb7a3e034e30e05e3c1984d40c0271,test_evidence
publication,REPRO:publication/outputs/final_gate_20260719_v2/work/cache/pycache/tmp/feast-final-gate-v2-wheel.K3bwKI/venv/lib/python3.11/site-packages/setuptools/_distutils/command/install_scripts.cpython-311.pyc,publication_evidence,3353,ec263a9fd9b49f2916b2594a36a29b1e82b2327b7b75475d5b922bfcd0c77d4e,test_evidence
publication,REPRO:publication/outputs/final_gate_20260719_v2/work/cache/pycache/tmp/feast-final-gate-v2-wheel.K3bwKI/venv/lib/python3.11/site-packages/setuptools/_distutils/command/sdist.cpython-311.pyc,publication_evidence,24344,94b87c628034c3ee95a30b657d1a00063b9332cb0ad2bc80699fa62db0fc50d3,test_evidence
publication,REPRO:publication/outputs/final_gate_20260719_v2/work/cache/pycache/tmp/feast-final-gate-v2-wheel.K3bwKI/venv/lib/python3.11/site-packages/setuptools/_distutils/compat/__init__.cpython-311.pyc,publication_evidence,1523,41e6ce02e1304b34f29bc731c87b2944e3860a5a7a5e74b3c0f18bc9f2021551,test_evidence
publication,REPRO:publication/outputs/final_gate_20260719_v2/work/cache/pycache/tmp/feast-final-gate-v2-wheel.K3bwKI/venv/lib/python3.11/site-packages/setuptools/_distutils/compat/numpy.cpython-311.pyc,publication_evidence,322,f9c58f4dbf8cc3adf76212991b4aba2199abbc08217acaace3f95b916150a6c1,test_evidence
publication,REPRO:publication/outputs/final_gate_20260719_v2/work/cache/pycache/tmp/feast-final-gate-v2-wheel.K3bwKI/venv/lib/python3.11/site-packages/setuptools/_distutils/compat/py39.cpython-311.pyc,publication_evidence,3051,fa2dd57092e63728bf27fb524d87269071ac2d2fbd2f2c79ba99162e0dcaf030,test_evidence
publication,REPRO:publication/outputs/final_gate_20260719_v2/work/cache/pycache/tmp/feast-final-gate-v2-wheel.K3bwKI/venv/lib/python3.11/site-packages/setuptools/_distutils/compilers/C/base.cpython-311.pyc,publication_evidence,54681,f1c1ba15e11ee31641ff8a3ff9ff4dbaea08dbc7a98ef9e75fcc3bb14bee3872,test_evidence
publication,REPRO:publication/outputs/final_gate_20260719_v2/work/cache/pycache/tmp/feast-final-gate-v2-wheel.K3bwKI/venv/lib/python3.11/site-packages/setuptools/_distutils/compilers/C/cygwin.cpython-311.pyc,publication_evidence,13106,456127a77a023ad6098d652ffee1e690fd6a59b0c696ab13752f4808d7c7c9b4,test_evidence
publication,REPRO:publication/outputs/final_gate_20260719_v2/work/cache/pycache/tmp/feast-final-gate-v2-wheel.K3bwKI/venv/lib/python3.11/site-packages/setuptools/_distutils/compilers/C/errors.cpython-311.pyc,publication_evidence,1875,919236adc1c112b55d58ed5299e1299d635f450433f09b7f369b58da514036cb,test_evidence
publication,REPRO:publication/outputs/final_gate_20260719_v2/work/cache/pycache/tmp/feast-final-gate-v2-wheel.K3bwKI/venv/lib/python3.11/site-packages/setuptools/_distutils/compilers/C/msvc.cpython-311.pyc,publication_evidence,27371,0685fad5f62e96b0766430759dfd815051136b40074dda83507e70250ffd0efe,test_evidence
publication,REPRO:publication/outputs/final_gate_20260719_v2/work/cache/pycache/tmp/feast-final-gate-v2-wheel.K3bwKI/venv/lib/python3.11/site-packages/setuptools/_distutils/compilers/C/tests/test_base.cpython-311.pyc,publication_evidence,4684,59a6fc3c376eeef25877f72dedff229bc77b5a911607484e7ab91ee0190792ec,test_evidence
publication,REPRO:publication/outputs/final_gate_20260719_v2/work/cache/pycache/tmp/feast-final-gate-v2-wheel.K3bwKI/venv/lib/python3.11/site-packages/setuptools/_distutils/compilers/C/tests/test_cygwin.cpython-311.pyc,publication_evidence,4937,5d7c756c8293f4e37c19aa3fb21bd0cf4bd28a4ad21f934b7d01784aca654693,test_evidence
publication,REPRO:publication/outputs/final_gate_20260719_v2/work/cache/pycache/tmp/feast-final-gate-v2-wheel.K3bwKI/venv/lib/python3.11/site-packages/setuptools/_distutils/compilers/C/tests/test_mingw.cpython-311.pyc,publication_evidence,4426,77c3f23e97345104a2aced5e71a20bb30dcd2d9a888e74f6df878bae2aa0d3e6,test_evidence
publication,REPRO:publication/outputs/final_gate_20260719_v2/work/cache/pycache/tmp/feast-final-gate-v2-wheel.K3bwKI/venv/lib/python3.11/site-packages/setuptools/_distutils/compilers/C/tests/test_msvc.cpython-311.pyc,publication_evidence,8641,b17e9eefca6c5691dbe999f875d9c25ad2237c85084e8194f4ad3858f3580471,test_evidence
publication,REPRO:publication/outputs/final_gate_20260719_v2/work/cache/pycache/tmp/feast-final-gate-v2-wheel.K3bwKI/venv/lib/python3.11/site-packages/setuptools/_distutils/compilers/C/tests/test_unix.cpython-311.pyc,publication_evidence,21897,1238ef075cb496fac1c50af43684443bf4cb9029b90678fe3425178e6a85310b,test_evidence
publication,REPRO:publication/outputs/final_gate_20260719_v2/work/cache/pycache/tmp/feast-final-gate-v2-wheel.K3bwKI/venv/lib/python3.11/site-packages/setuptools/_distutils/compilers/C/unix.cpython-311.pyc,publication_evidence,17353,e64ff5f9ac23874eb0758d3f4a7ca63884e2c036bf209ab9b8788905e41e6446,test_evidence
publication,REPRO:publication/outputs/final_gate_20260719_v2/work/cache/pycache/tmp/feast-final-gate-v2-wheel.K3bwKI/venv/lib/python3.11/site-packages/setuptools/_distutils/compilers/C/zos.cpython-311.pyc,publication_evidence,7076,f99d11d78056f33dd0786dac03e6ab16e0e9f8861ab4ab99f03d7c9ed99b88e5,test_evidence
publication,REPRO:publication/outputs/final_gate_20260719_v2/work/cache/pycache/tmp/feast-final-gate-v2-wheel.K3bwKI/venv/lib/python3.11/site-packages/setuptools/_distutils/core.cpython-311.pyc,publication_evidence,9979,374146c6411cb6b7a9c202e43a021a8e5bb50e793b327881f4ae51792e9bd518,test_evidence
publication,REPRO:publication/outputs/final_gate_20260719_v2/work/cache/pycache/tmp/feast-final-gate-v2-wheel.K3bwKI/venv/lib/python3.11/site-packages/setuptools/_distutils/cygwinccompiler.cpython-311.pyc,publication_evidence,743,853d2cfecfe831d10ae04ec4f22ab105bb9845eb71db8e8785133ba77257c45e,test_evidence
publication,REPRO:publication/outputs/final_gate_20260719_v2/work/cache/pycache/tmp/feast-final-gate-v2-wheel.K3bwKI/venv/lib/python3.11/site-packages/setuptools/_distutils/debug.cpython-311.pyc,publication_evidence,340,c015e98792ddb829daece69d08fc8a2f7716d8328e2e1e95b15aa21c12b6d727,test_evidence
publication,REPRO:publication/outputs/final_gate_20260719_v2/work/cache/pycache/tmp/feast-final-gate-v2-wheel.K3bwKI/venv/lib/python3.11/site-packages/setuptools/_distutils/dep_util.cpython-311.pyc,publication_evidence,806,6072459518b53f732bf3c3379d90ff9845cc625d38afd6a70f0a45815a46eb12,test_evidence
publication,REPRO:publication/outputs/final_gate_20260719_v2/work/cache/pycache/tmp/feast-final-gate-v2-wheel.K3bwKI/venv/lib/python3.11/site-packages/setuptools/_distutils/dir_util.cpython-311.pyc,publication_evidence,11400,9d800aa6455835ef8985cd2aaec01627f300b2e7d2f2d6717701a26f614ba04a,test_evidence
publication,REPRO:publication/outputs/final_gate_20260719_v2/work/cache/pycache/tmp/feast-final-gate-v2-wheel.K3bwKI/venv/lib/python3.11/site-packages/setuptools/_distutils/dist.cpython-311.pyc,publication_evidence,62196,a1a4f8e9a9d3189d78d25cbd5b893ce63df7b69a63a245ce44ee040ac38a92c7,test_evidence
publication,REPRO:publication/outputs/final_gate_20260719_v2/work/cache/pycache/tmp/feast-final-gate-v2-wheel.K3bwKI/venv/lib/python3.11/site-packages/setuptools/_distutils/errors.cpython-311.pyc,publication_evidence,5337,1f757d5ed760ebd07e2fa95d28743e51cf722fe185c427fdfc131cfdd7cba3f0,test_evidence
publication,REPRO:publication/outputs/final_gate_20260719_v2/work/cache/pycache/tmp/feast-final-gate-v2-wheel.K3bwKI/venv/lib/python3.11/site-packages/setuptools/_distutils/extension.cpython-311.pyc,publication_evidence,10935,4da3891d577a9d05bec4e625cacd4cfa18a05288d9a0a033ea236dd9e4acd38d,test_evidence
publication,REPRO:publication/outputs/final_gate_20260719_v2/work/cache/pycache/tmp/feast-final-gate-v2-wheel.K3bwKI/venv/lib/python3.11/site-packages/setuptools/_distutils/fancy_getopt.cpython-311.pyc,publication_evidence,17563,f9b794e4d3f8a6806a598827832715bd36b98ea6f1e7db5df53c231fbc48da83,test_evidence
publication,REPRO:publication/outputs/final_gate_20260719_v2/work/cache/pycache/tmp/feast-final-gate-v2-wheel.K3bwKI/venv/lib/python3.11/site-packages/setuptools/_distutils/file_util.cpython-311.pyc,publication_evidence,10612,0b86c99c5924c289dd8c6639455bd5f80bee65d988f2c3569f8fa64c2b658589,test_evidence
publication,REPRO:publication/outputs/final_gate_20260719_v2/work/cache/pycache/tmp/feast-final-gate-v2-wheel.K3bwKI/venv/lib/python3.11/site-packages/setuptools/_distutils/filelist.cpython-311.pyc,publication_evidence,19596,9aeeca323182d8ed93e62e17b9a2daa47cdec9cd4055a7d5ad19b7db911b08b5,test_evidence
publication,REPRO:publication/outputs/final_gate_20260719_v2/work/cache/pycache/tmp/feast-final-gate-v2-wheel.K3bwKI/venv/lib/python3.11/site-packages/setuptools/_distutils/log.cpython-311.pyc,publication_evidence,2709,6b18c7eaf29f27f45ca2491a2e9bb9fd42525e1b9cb2942e89eeaf5cf896eb49,test_evidence
publication,REPRO:publication/outputs/final_gate_20260719_v2/work/cache/pycache/tmp/feast-final-gate-v2-wheel.K3bwKI/venv/lib/python3.11/site-packages/setuptools/_distutils/spawn.cpython-311.pyc,publication_evidence,6182,21c2f144218bc82af44adbdb682c3ea2a4aaa70b282d5c25a6415b7e1dbaff43,test_evidence
publication,REPRO:publication/outputs/final_gate_20260719_v2/work/cache/pycache/tmp/feast-final-gate-v2-wheel.K3bwKI/venv/lib/python3.11/site-packages/setuptools/_distutils/sysconfig.cpython-311.pyc,publication_evidence,25122,abb588156ee1ad24f056763c57b49c7f6c1477c6b152f047d8c28b55709cbb8f,test_evidence
publication,REPRO:publication/outputs/final_gate_20260719_v2/work/cache/pycache/tmp/feast-final-gate-v2-wheel.K3bwKI/venv/lib/python3.11/site-packages/setuptools/_distutils/tests/__init__.cpython-311.pyc,publication_evidence,2104,4a632ac5f62f097dcdf6fef017f74dd4f8252524afb617a8b27775fefecc3ada,test_evidence
publication,REPRO:publication/outputs/final_gate_20260719_v2/work/cache/pycache/tmp/feast-final-gate-v2-wheel.K3bwKI/venv/lib/python3.11/site-packages/setuptools/_distutils/tests/compat/__init__.cpython-311.pyc,publication_evidence,227,bbb1b27a8b5c2239b35c586c5800e064b38c6f19c339e35ec8bbcf69b28c7894,test_evidence
publication,REPRO:publication/outputs/final_gate_20260719_v2/work/cache/pycache/tmp/feast-final-gate-v2-wheel.K3bwKI/venv/lib/python3.11/site-packages/setuptools/_distutils/tests/compat/py39.cpython-311.pyc,publication_evidence,1021,9f9ed1b276de95a619f5a06e429e70d6863000f9ae6befb8338d17c1af19c7ae,test_evidence
publication,REPRO:publication/outputs/final_gate_20260719_v2/work/cache/pycache/tmp/feast-final-gate-v2-wheel.K3bwKI/venv/lib/python3.11/site-packages/setuptools/_distutils/tests/support.cpython-311.pyc,publication_evidence,7154,50fd42bc7d7221bf1aa7ff9ad06c49f44dc212d8e8e7a7853889d3469f28355d,test_evidence
publication,REPRO:publication/outputs/final_gate_20260719_v2/work/cache/pycache/tmp/feast-final-gate-v2-wheel.K3bwKI/venv/lib/python3.11/site-packages/setuptools/_distutils/tests/test_archive_util.cpython-311.pyc,publication_evidence,23410,4dae17d51dbf1d08dbd43c116cb97ddc4e1fb5d745090050cb157e3638ea877d,test_evidence
publication,REPRO:publication/outputs/final_gate_20260719_v2/work/cache/pycache/tmp/feast-final-gate-v2-wheel.K3bwKI/venv/lib/python3.11/site-packages/setuptools/_distutils/tests/test_bdist.cpython-311.pyc,publication_evidence,2150,fde8583e6938823d969bfc0d5d224213d9c9bfe0dea349b78207421ef3f9ded0,test_evidence
publication,REPRO:publication/outputs/final_gate_20260719_v2/work/cache/pycache/tmp/feast-final-gate-v2-wheel.K3bwKI/venv/lib/python3.11/site-packages/setuptools/_distutils/tests/test_bdist_dumb.cpython-311.pyc,publication_evidence,4193,a9618f98c459e4c3b63723b0e9150f509d5745180d9e612378aabd4f4b22366c,test_evidence
publication,REPRO:publication/outputs/final_gate_20260719_v2/work/cache/pycache/tmp/feast-final-gate-v2-wheel.K3bwKI/venv/lib/python3.11/site-packages/setuptools/_distutils/tests/test_bdist_rpm.cpython-311.pyc,publication_evidence,6193,ac091ceb4971c476bd71cb12fe4c57fefb4b04c82906ecb5b3535f7ee24f1d4b,test_evidence
publication,REPRO:publication/outputs/final_gate_20260719_v2/work/cache/pycache/tmp/feast-final-gate-v2-wheel.K3bwKI/venv/lib/python3.11/site-packages/setuptools/_distutils/tests/test_build.cpython-311.pyc,publication_evidence,2828,2aca34a0d5449b0cb3f69e4408d89f721c72bd0a7c46c5bdfe9060032a7e23f1,test_evidence
publication,REPRO:publication/outputs/final_gate_20260719_v2/work/cache/pycache/tmp/feast-final-gate-v2-wheel.K3bwKI/venv/lib/python3.11/site-packages/setuptools/_distutils/tests/test_build_clib.cpython-311.pyc,publication_evidence,8103,ee9561c647367e44d48b4a348402c64f927ae16442932c5a933acb1e70a67581,test_evidence
publication,REPRO:publication/outputs/final_gate_20260719_v2/work/cache/pycache/tmp/feast-final-gate-v2-wheel.K3bwKI/venv/lib/python3.11/site-packages/setuptools/_distutils/tests/test_build_ext.cpython-311.pyc,publication_evidence,33578,24a6edbc9468b70db38eac93cc3e8da8a98919d99d8077c5c6430e9eff6bba33,test_evidence
publication,REPRO:publication/outputs/final_gate_20260719_v2/work/cache/pycache/tmp/feast-final-gate-v2-wheel.K3bwKI/venv/lib/python3.11/site-packages/setuptools/_distutils/tests/test_build_py.cpython-311.pyc,publication_evidence,10706,e99de0f5a1a6ba84b76e367cbb247c5adffcceca85b512e1b52a1c81d4c0ae4c,test_evidence
publication,REPRO:publication/outputs/final_gate_20260719_v2/work/cache/pycache/tmp/feast-final-gate-v2-wheel.K3bwKI/venv/lib/python3.11/site-packages/setuptools/_distutils/tests/test_build_scripts.cpython-311.pyc,publication_evidence,5376,1b9b97dda0b67e64a66da542267b18cf0066ab2a7f2d6bf70529d8a0c3df6613,test_evidence
publication,REPRO:publication/outputs/final_gate_20260719_v2/work/cache/pycache/tmp/feast-final-gate-v2-wheel.K3bwKI/venv/lib/python3.11/site-packages/setuptools/_distutils/tests/test_check.cpython-311.pyc,publication_evidence,8033,279befd62d1b9a946ba71d801bfc21d603c7e4184c1f179a213caed2e483018e,test_evidence
publication,REPRO:publication/outputs/final_gate_20260719_v2/work/cache/pycache/tmp/feast-final-gate-v2-wheel.K3bwKI/venv/lib/python3.11/site-packages/setuptools/_distutils/tests/test_clean.cpython-311.pyc,publication_evidence,2358,48faee66f743ac21b921a61dd451135df5bb08cf176c6ccfc18590aa18c99be0,test_evidence
publication,REPRO:publication/outputs/final_gate_20260719_v2/work/cache/pycache/tmp/feast-final-gate-v2-wheel.K3bwKI/venv/lib/python3.11/site-packages/setuptools/_distutils/tests/test_cmd.cpython-311.pyc,publication_evidence,7720,6878d8ece76614151d997fb48912dfad618bfa2efc24371e550d56018f3ceb6e,test_evidence
publication,REPRO:publication/outputs/final_gate_20260719_v2/work/cache/pycache/tmp/feast-final-gate-v2-wheel.K3bwKI/venv/lib/python3.11/site-packages/setuptools/_distutils/tests/test_config_cmd.cpython-311.pyc,publication_evidence,5709,a80c2ecd50129b78b15095a7aa0d4beb750d2c030a594f50b2640aece2562e6c,test_evidence
publication,REPRO:publication/outputs/final_gate_20260719_v2/work/cache/pycache/tmp/feast-final-gate-v2-wheel.K3bwKI/venv/lib/python3.11/site-packages/setuptools/_distutils/tests/test_core.cpython-311.pyc,publication_evidence,6660,b067a36b8837cc1556f2baeaec74a5318deb601db2a266f64937b27b8e787612,test_evidence
publication,REPRO:publication/outputs/final_gate_20260719_v2/work/cache/pycache/tmp/feast-final-gate-v2-wheel.K3bwKI/venv/lib/python3.11/site-packages/setuptools/_distutils/tests/test_dir_util.cpython-311.pyc,publication_evidence,9267,b61f1824a4896a29fe260be8058644a7c74760c84f8ebffd4e5e87700e265140,test_evidence
publication,REPRO:publication/outputs/final_gate_20260719_v2/work/cache/pycache/tmp/feast-final-gate-v2-wheel.K3bwKI/venv/lib/python3.11/site-packages/setuptools/_distutils/tests/test_dist.cpython-311.pyc,publication_evidence,30293,0685908567eaa3fd13068dde404050d48f2ff41ad0f9eff36d8fc19311f4c8a2,test_evidence
publication,REPRO:publication/outputs/final_gate_20260719_v2/work/cache/pycache/tmp/feast-final-gate-v2-wheel.K3bwKI/venv/lib/python3.11/site-packages/setuptools/_distutils/tests/test_extension.cpython-311.pyc,publication_evidence,4979,c1632a8319386813dd35613f7bc6931bb273d4d85c06fca68623d9625eba5e48,test_evidence
publication,REPRO:publication/outputs/final_gate_20260719_v2/work/cache/pycache/tmp/feast-final-gate-v2-wheel.K3bwKI/venv/lib/python3.11/site-packages/setuptools/_distutils/tests/test_file_util.cpython-311.pyc,publication_evidence,7598,4bb36681a2336d5e5dd0b08bf6ff75c9fc3c4c72c80749d87bf7d89b2ba61576,test_evidence
publication,REPRO:publication/outputs/final_gate_20260719_v2/work/cache/pycache/tmp/feast-final-gate-v2-wheel.K3bwKI/venv/lib/python3.11/site-packages/setuptools/_distutils/tests/test_filelist.cpython-311.pyc,publication_evidence,16597,4ac192c7d73441c9671cd2adcfcaf6e20135419683b535721c7165bb688285e6,test_evidence
publication,REPRO:publication/outputs/final_gate_20260719_v2/work/cache/pycache/tmp/feast-final-gate-v2-wheel.K3bwKI/venv/lib/python3.11/site-packages/setuptools/_distutils/tests/test_install.cpython-311.pyc,publication_evidence,15515,b84d0c4bcd8c79f0be5e63dfdae8e07d22b4f5ccad1a5fb1600194a96af7e9bf,test_evidence
publication,REPRO:publication/outputs/final_gate_20260719_v2/work/cache/pycache/tmp/feast-final-gate-v2-wheel.K3bwKI/venv/lib/python3.11/site-packages/setuptools/_distutils/tests/test_install_data.cpython-311.pyc,publication_evidence,5245,73c7b5ad7c2aca8c7c8ca9a088814aca925d8e2debebbda55be0b0a77ce17e73,test_evidence
publication,REPRO:publication/outputs/final_gate_20260719_v2/work/cache/pycache/tmp/feast-final-gate-v2-wheel.K3bwKI/venv/lib/python3.11/site-packages/setuptools/_distutils/tests/test_install_headers.cpython-311.pyc,publication_evidence,2147,acab37f30d7ad925dd128fe19c0fe32dd29066158dc8d7987b217cc5844fe3f6,test_evidence
publication,REPRO:publication/outputs/final_gate_20260719_v2/work/cache/pycache/tmp/feast-final-gate-v2-wheel.K3bwKI/venv/lib/python3.11/site-packages/setuptools/_distutils/tests/test_install_lib.cpython-311.pyc,publication_evidence,6824,8ca02b560394d12ce6862c55256eec32323df55456a39d1563f612004ee63e8f,test_evidence
publication,REPRO:publication/outputs/final_gate_20260719_v2/work/cache/pycache/tmp/feast-final-gate-v2-wheel.K3bwKI/venv/lib/python3.11/site-packages/setuptools/_distutils/tests/test_install_scripts.cpython-311.pyc,publication_evidence,2867,52722b9bb01be2ce5dd4af3c3e77d6db8823c0bce8b1d7efb10ca7d4b02e1f9c,test_evidence
publication,REPRO:publication/outputs/final_gate_20260719_v2/work/cache/pycache/tmp/feast-final-gate-v2-wheel.K3bwKI/venv/lib/python3.11/site-packages/setuptools/_distutils/tests/test_log.cpython-311.pyc,publication_evidence,1089,e08486d545fd74e2b70f97522c1928c215dc2fffa1295b8b49a12012487eb562,test_evidence
publication,REPRO:publication/outputs/final_gate_20260719_v2/work/cache/pycache/tmp/feast-final-gate-v2-wheel.K3bwKI/venv/lib/python3.11/site-packages/setuptools/_distutils/tests/test_modified.cpython-311.pyc,publication_evidence,8443,b577b9205a7b1241441bf81dcbb68114a5225f484298950883c972abb1db0275,test_evidence
publication,REPRO:publication/outputs/final_gate_20260719_v2/work/cache/pycache/tmp/feast-final-gate-v2-wheel.K3bwKI/venv/lib/python3.11/site-packages/setuptools/_distutils/tests/test_sdist.cpython-311.pyc,publication_evidence,23526,a8bbd91f1a3ecceb19f345c03d79c08251cf9ca93353dbb155c74fc303d9645f,test_evidence
publication,REPRO:publication/outputs/final_gate_20260719_v2/work/cache/pycache/tmp/feast-final-gate-v2-wheel.K3bwKI/venv/lib/python3.11/site-packages/setuptools/_distutils/tests/test_spawn.cpython-311.pyc,publication_evidence,8680,3ce7fa862a59a8b3851d0b325c2c920b170e6eb4060c93cfa2bc2e87476f794c,test_evidence
publication,REPRO:publication/outputs/final_gate_20260719_v2/work/cache/pycache/tmp/feast-final-gate-v2-wheel.K3bwKI/venv/lib/python3.11/site-packages/setuptools/_distutils/tests/test_sysconfig.cpython-311.pyc,publication_evidence,19477,f7e7a2d3178e57ea2f517cf215fae5fbb65e5169eca9887544004d41ad90b5e6,test_evidence
publication,REPRO:publication/outputs/final_gate_20260719_v2/work/cache/pycache/tmp/feast-final-gate-v2-wheel.K3bwKI/venv/lib/python3.11/site-packages/setuptools/_distutils/tests/test_text_file.cpython-311.pyc,publication_evidence,3898,660e760bfd731d9faf114ebcdc445f0e27b5a2918fcd191e5bf808c10a879707,test_evidence
publication,REPRO:publication/outputs/final_gate_20260719_v2/work/cache/pycache/tmp/feast-final-gate-v2-wheel.K3bwKI/venv/lib/python3.11/site-packages/setuptools/_distutils/tests/test_util.cpython-311.pyc,publication_evidence,15851,2536f22ac182eeb4a72614721998808456d045c69a8d1243d9e3932787e47fda,test_evidence
publication,REPRO:publication/outputs/final_gate_20260719_v2/work/cache/pycache/tmp/feast-final-gate-v2-wheel.K3bwKI/venv/lib/python3.11/site-packages/setuptools/_distutils/tests/test_version.cpython-311.pyc,publication_evidence,4505,c0608e4468c53ef12623135f6af3888bdce8223ded4e10ae9f93e7df3e550597,test_evidence
publication,REPRO:publication/outputs/final_gate_20260719_v2/work/cache/pycache/tmp/feast-final-gate-v2-wheel.K3bwKI/venv/lib/python3.11/site-packages/setuptools/_distutils/tests/test_versionpredicate.cpython-311.pyc,publication_evidence,233,921f84fd9807bdd6c175cac2aab11869462e21aca092e4575b648eca16e04bfa,test_evidence
publication,REPRO:publication/outputs/final_gate_20260719_v2/work/cache/pycache/tmp/feast-final-gate-v2-wheel.K3bwKI/venv/lib/python3.11/site-packages/setuptools/_distutils/tests/unix_compat.cpython-311.pyc,publication_evidence,824,317967cbd98b766d1f3878fb7c0a0ee8c1e789c78cf43684dd3ed3b98e70022a,test_evidence
publication,REPRO:publication/outputs/final_gate_20260719_v2/work/cache/pycache/tmp/feast-final-gate-v2-wheel.K3bwKI/venv/lib/python3.11/site-packages/setuptools/_distutils/text_file.cpython-311.pyc,publication_evidence,11347,cfab212512792a709ccb140539c4f0ca568dfbfb560cfa9da01827aba803a76b,test_evidence
publication,REPRO:publication/outputs/final_gate_20260719_v2/work/cache/pycache/tmp/feast-final-gate-v2-wheel.K3bwKI/venv/lib/python3.11/site-packages/setuptools/_distutils/unixccompiler.cpython-311.pyc,publication_evidence,445,950ba03b3af2000649d2ecdc2169f5f5c6844cb666e06390b1afda1a2ce0ec59,test_evidence
publication,REPRO:publication/outputs/final_gate_20260719_v2/work/cache/pycache/tmp/feast-final-gate-v2-wheel.K3bwKI/venv/lib/python3.11/site-packages/setuptools/_distutils/util.cpython-311.pyc,publication_evidence,21392,f3a0b2eb0452b9e7570ae30be4671be370f08e8b8a92f0ec5889ede1e0e4fa3a,test_evidence
publication,REPRO:publication/outputs/final_gate_20260719_v2/work/cache/pycache/tmp/feast-final-gate-v2-wheel.K3bwKI/venv/lib/python3.11/site-packages/setuptools/_distutils/version.cpython-311.pyc,publication_evidence,11542,920bbc0d97da9400cba1047e9c05bbf517adace974968a6ff1779b3a884b72d2,test_evidence
publication,REPRO:publication/outputs/final_gate_20260719_v2/work/cache/pycache/tmp/feast-final-gate-v2-wheel.K3bwKI/venv/lib/python3.11/site-packages/setuptools/_distutils/versionpredicate.cpython-311.pyc,publication_evidence,7640,9890451a7783298abb6223a34db3d06bb1a50c83094749f065bed3df05d5f951,test_evidence
publication,REPRO:publication/outputs/final_gate_20260719_v2/work/cache/pycache/tmp/feast-final-gate-v2-wheel.K3bwKI/venv/lib/python3.11/site-packages/setuptools/_distutils/zosccompiler.cpython-311.pyc,publication_evidence,314,d3c9275e97cf214fa5ce14a57e45cff792bb333eb79c3039ca41d480b8e0e901,test_evidence
publication,REPRO:publication/outputs/final_gate_20260719_v2/work/cache/pycache/tmp/feast-final-gate-v2-wheel.K3bwKI/venv/lib/python3.11/site-packages/setuptools/_entry_points.cpython-311.pyc,publication_evidence,5163,328d0f3b26a0039461c7dbc49240ffabb65be0559fd0dea257d9ac54f7d4672f,test_evidence
publication,REPRO:publication/outputs/final_gate_20260719_v2/work/cache/pycache/tmp/feast-final-gate-v2-wheel.K3bwKI/venv/lib/python3.11/site-packages/setuptools/_imp.cpython-311.pyc,publication_evidence,3714,51889de28d172d1a1e5cacaf780cd771bd002e2291544082527750296bddd27d,test_evidence
publication,REPRO:publication/outputs/final_gate_20260719_v2/work/cache/pycache/tmp/feast-final-gate-v2-wheel.K3bwKI/venv/lib/python3.11/site-packages/setuptools/_importlib.cpython-311.pyc,publication_evidence,456,5fb5d4912d48d419df4f83a9163141094549ca687a11ef33dddd44ccda4d2949,test_evidence
publication,REPRO:publication/outputs/final_gate_20260719_v2/work/cache/pycache/tmp/feast-final-gate-v2-wheel.K3bwKI/venv/lib/python3.11/site-packages/setuptools/_itertools.cpython-311.pyc,publication_evidence,1152,0e13f0bb4aa52cbdb2d07c9c595adbf44906c12afe66254e02574cf1c077f01a,test_evidence
publication,REPRO:publication/outputs/final_gate_20260719_v2/work/cache/pycache/tmp/feast-final-gate-v2-wheel.K3bwKI/venv/lib/python3.11/site-packages/setuptools/_normalization.cpython-311.pyc,publication_evidence,7952,eee221861cd6a31ae3b9b929856b30c53f0dee95e8cc34b0d61dae5e27215819,test_evidence
publication,REPRO:publication/outputs/final_gate_20260719_v2/work/cache/pycache/tmp/feast-final-gate-v2-wheel.K3bwKI/venv/lib/python3.11/site-packages/setuptools/_path.cpython-311.pyc,publication_evidence,4488,252f9fbd6c2c105aae5d1d4b33f8cf73f20468c6ebabc8c2e98e8acf05e367f8,test_evidence
publication,REPRO:publication/outputs/final_gate_20260719_v2/work/cache/pycache/tmp/feast-final-gate-v2-wheel.K3bwKI/venv/lib/python3.11/site-packages/setuptools/_reqs.cpython-311.pyc,publication_evidence,2307,07bd46d8ce345abb8d4a02b45cd2a3898c53729ed7d5fe8659fb09a455a078ed,test_evidence
publication,REPRO:publication/outputs/final_gate_20260719_v2/work/cache/pycache/tmp/feast-final-gate-v2-wheel.K3bwKI/venv/lib/python3.11/site-packages/setuptools/_shutil.cpython-311.pyc,publication_evidence,2637,ad3eae7c336687b5037afc8dd0a671587f22fab02085674d251e05571aee4c9d,test_evidence
publication,REPRO:publication/outputs/final_gate_20260719_v2/work/cache/pycache/tmp/feast-final-gate-v2-wheel.K3bwKI/venv/lib/python3.11/site-packages/setuptools/_static.cpython-311.pyc,publication_evidence,6692,e49efb68bce12d45359e8b993e1fdedcd4517d7dc394553c47474f31b9150539,test_evidence
publication,REPRO:publication/outputs/final_gate_20260719_v2/work/cache/pycache/tmp/feast-final-gate-v2-wheel.K3bwKI/venv/lib/python3.11/site-packages/setuptools/_vendor/autocommand/__init__.cpython-311.pyc,publication_evidence,533,89144133b3ec28b9c35e958cecf334fe81b28414be4b3d28f0975eaaaf4e1a84,test_evidence
publication,REPRO:publication/outputs/final_gate_20260719_v2/work/cache/pycache/tmp/feast-final-gate-v2-wheel.K3bwKI/venv/lib/python3.11/site-packages/setuptools/_vendor/autocommand/autoasync.cpython-311.pyc,publication_evidence,5359,80db26ca87803a5ea733448ea97172898c70334952536206c96b1a3608c04b66,test_evidence
publication,REPRO:publication/outputs/final_gate_20260719_v2/work/cache/pycache/tmp/feast-final-gate-v2-wheel.K3bwKI/venv/lib/python3.11/site-packages/setuptools/_vendor/autocommand/autocommand.cpython-311.pyc,publication_evidence,1548,d1f74183b57b3e6cfb562007483a67681d5c225625124d3b0325bf79521023c8,test_evidence
publication,REPRO:publication/outputs/final_gate_20260719_v2/work/cache/pycache/tmp/feast-final-gate-v2-wheel.K3bwKI/venv/lib/python3.11/site-packages/setuptools/_vendor/autocommand/automain.cpython-311.pyc,publication_evidence,2055,f89acc0dc1960644b559d88e1af3e5048c03eaca8617a826c3a12c165fe807d9,test_evidence
publication,REPRO:publication/outputs/final_gate_20260719_v2/work/cache/pycache/tmp/feast-final-gate-v2-wheel.K3bwKI/venv/lib/python3.11/site-packages/setuptools/_vendor/autocommand/autoparse.cpython-311.pyc,publication_evidence,12319,01aff0c70649354b86ffab55100dba9a8009ecf2533aec545dc76ca183f3766d,test_evidence
publication,REPRO:publication/outputs/final_gate_20260719_v2/work/cache/pycache/tmp/feast-final-gate-v2-wheel.K3bwKI/venv/lib/python3.11/site-packages/setuptools/_vendor/autocommand/errors.cpython-311.pyc,publication_evidence,520,ee27678356e330f9cb39c10b54799fa511e3b4f4a736369dd8c8d38610baf946,test_evidence
publication,REPRO:publication/outputs/final_gate_20260719_v2/work/cache/pycache/tmp/feast-final-gate-v2-wheel.K3bwKI/venv/lib/python3.11/site-packages/setuptools/_vendor/backports/__init__.cpython-311.pyc,publication_evidence,359,5509990d5e681d0f0295a4540ff9799241758101f2e00e1d99753cf1516add8f,test_evidence
publication,REPRO:publication/outputs/final_gate_20260719_v2/work/cache/pycache/tmp/feast-final-gate-v2-wheel.K3bwKI/venv/lib/python3.11/site-packages/setuptools/_vendor/backports/tarfile/__init__.cpython-311.pyc,publication_evidence,132731,d6add28af96d786f00065f70e81a1bbef2641258fb66a701651a29110970dc1f,test_evidence
publication,REPRO:publication/outputs/final_gate_20260719_v2/work/cache/pycache/tmp/feast-final-gate-v2-wheel.K3bwKI/venv/lib/python3.11/site-packages/setuptools/_vendor/backports/tarfile/__main__.cpython-311.pyc,publication_evidence,358,1bdc8138406447d663305a506e17c71fe69a3d89f9d30c5771597e4c395c9861,test_evidence
publication,REPRO:publication/outputs/final_gate_20260719_v2/work/cache/pycache/tmp/feast-final-gate-v2-wheel.K3bwKI/venv/lib/python3.11/site-packages/setuptools/_vendor/backports/tarfile/compat/__init__.cpython-311.pyc,publication_evidence,236,85151e2f36f13e8555761d38bf86e344438fddbdebe592b8f37bd9a9980cc98e,test_evidence
publication,REPRO:publication/outputs/final_gate_20260719_v2/work/cache/pycache/tmp/feast-final-gate-v2-wheel.K3bwKI/venv/lib/python3.11/site-packages/setuptools/_vendor/backports/tarfile/compat/py38.cpython-311.pyc,publication_evidence,1260,5679fd4fc43a8210c53cd0ec8e5aa1f8696303152082005b5221e2118db7118a,test_evidence
publication,REPRO:publication/outputs/final_gate_20260719_v2/work/cache/pycache/tmp/feast-final-gate-v2-wheel.K3bwKI/venv/lib/python3.11/site-packages/setuptools/_vendor/importlib_metadata/__init__.cpython-311.pyc,publication_evidence,58867,62eabb263b77e2595103241a01ef7c98e2f1f45a298d60b4a8b7dadc7a7c934b,test_evidence
publication,REPRO:publication/outputs/final_gate_20260719_v2/work/cache/pycache/tmp/feast-final-gate-v2-wheel.K3bwKI/venv/lib/python3.11/site-packages/setuptools/_vendor/importlib_metadata/_adapters.cpython-311.pyc,publication_evidence,4501,2c85eb125b64bdc9f9cb983b5177c890ee4bdae4e71a91b05b017a5ec4dc8826,test_evidence
publication,REPRO:publication/outputs/final_gate_20260719_v2/work/cache/pycache/tmp/feast-final-gate-v2-wheel.K3bwKI/venv/lib/python3.11/site-packages/setuptools/_vendor/importlib_metadata/_collections.cpython-311.pyc,publication_evidence,2210,ed22f0467a3dcb29408dc54b3287df728738535ba6bde4e1fd69a43a3353db82,test_evidence
publication,REPRO:publication/outputs/final_gate_20260719_v2/work/cache/pycache/tmp/feast-final-gate-v2-wheel.K3bwKI/venv/lib/python3.11/site-packages/setuptools/_vendor/importlib_metadata/_compat.cpython-311.pyc,publication_evidence,2499,46d41dad763f48aba1c139f09cc07817d3f118d08a8520e5d1669612d9402726,test_evidence
publication,REPRO:publication/outputs/final_gate_20260719_v2/work/cache/pycache/tmp/feast-final-gate-v2-wheel.K3bwKI/venv/lib/python3.11/site-packages/setuptools/_vendor/importlib_metadata/_functools.cpython-311.pyc,publication_evidence,3650,b823e21911553e52260b17de23c4db489487cc1c636fee2dfe1d731f795d74a1,test_evidence
publication,REPRO:publication/outputs/final_gate_20260719_v2/work/cache/pycache/tmp/feast-final-gate-v2-wheel.K3bwKI/venv/lib/python3.11/site-packages/setuptools/_vendor/importlib_metadata/_itertools.cpython-311.pyc,publication_evidence,2613,299b6fc0886909f9c56d7fe8bb8e90e457a3dec0f1788d8ff77dc80082c33ccb,test_evidence
publication,REPRO:publication/outputs/final_gate_20260719_v2/work/cache/pycache/tmp/feast-final-gate-v2-wheel.K3bwKI/venv/lib/python3.11/site-packages/setuptools/_vendor/importlib_metadata/_meta.cpython-311.pyc,publication_evidence,4126,9f244b60b5ecaf5f8749707fe1a4469197205261c64d61f9ee7ee426216dee5e,test_evidence
publication,REPRO:publication/outputs/final_gate_20260719_v2/work/cache/pycache/tmp/feast-final-gate-v2-wheel.K3bwKI/venv/lib/python3.11/site-packages/setuptools/_vendor/importlib_metadata/_text.cpython-311.pyc,publication_evidence,4408,d547d3cc8121d0574d68c25eca0c5e9811ebafed6b76d593efcf08ee1119a98c,test_evidence
publication,REPRO:publication/outputs/final_gate_20260719_v2/work/cache/pycache/tmp/feast-final-gate-v2-wheel.K3bwKI/venv/lib/python3.11/site-packages/setuptools/_vendor/importlib_metadata/compat/__init__.cpython-311.pyc,publication_evidence,237,741a921a6a3fd8430a9db0477187a65bc6baf214a481926d4666af36bfeb77eb,test_evidence
publication,REPRO:publication/outputs/final_gate_20260719_v2/work/cache/pycache/tmp/feast-final-gate-v2-wheel.K3bwKI/venv/lib/python3.11/site-packages/setuptools/_vendor/importlib_metadata/compat/py311.cpython-311.pyc,publication_evidence,1357,9019f3e6bf957c136caa0af9ff01d343de2878abece3cc7c068fe6293b31b164,test_evidence
publication,REPRO:publication/outputs/final_gate_20260719_v2/work/cache/pycache/tmp/feast-final-gate-v2-wheel.K3bwKI/venv/lib/python3.11/site-packages/setuptools/_vendor/importlib_metadata/compat/py39.cpython-311.pyc,publication_evidence,1815,ad25be4817f1108a3880897ed2983ded7e403a627a583c45d4cc3a5fcf8fa867,test_evidence
publication,REPRO:publication/outputs/final_gate_20260719_v2/work/cache/pycache/tmp/feast-final-gate-v2-wheel.K3bwKI/venv/lib/python3.11/site-packages/setuptools/_vendor/importlib_metadata/diagnose.cpython-311.pyc,publication_evidence,1408,be3b72e802c43070dfd96fddd6ebd6dcf6252f9da14479309a643703f7033631,test_evidence
publication,REPRO:publication/outputs/final_gate_20260719_v2/work/cache/pycache/tmp/feast-final-gate-v2-wheel.K3bwKI/venv/lib/python3.11/site-packages/setuptools/_vendor/inflect/__init__.cpython-311.pyc,publication_evidence,125107,42db8b1afbb52f44ab66d65613b00811cdb25745291171aaf84ef53fafcf3f61,test_evidence
publication,REPRO:publication/outputs/final_gate_20260719_v2/work/cache/pycache/tmp/feast-final-gate-v2-wheel.K3bwKI/venv/lib/python3.11/site-packages/setuptools/_vendor/inflect/compat/__init__.cpython-311.pyc,publication_evidence,226,fbb106afe97515de534eba84cb86629541cd9e1bdec3f03ab7dcbde6fb1df331,test_evidence
publication,REPRO:publication/outputs/final_gate_20260719_v2/work/cache/pycache/tmp/feast-final-gate-v2-wheel.K3bwKI/venv/lib/python3.11/site-packages/setuptools/_vendor/inflect/compat/py38.cpython-311.pyc,publication_evidence,421,43042b5c4a7cbcc773c4d5e9d63e90f554872230253200a4634d5acc77a9f6c2,test_evidence
publication,REPRO:publication/outputs/final_gate_20260719_v2/work/cache/pycache/tmp/feast-final-gate-v2-wheel.K3bwKI/venv/lib/python3.11/site-packages/setuptools/_vendor/jaraco/collections/__init__.cpython-311.pyc,publication_evidence,44346,336b1646d6d17091d42ad283302ee89da7c28fb7d1b7594b964270f0db3594e6,test_evidence
publication,REPRO:publication/outputs/final_gate_20260719_v2/work/cache/pycache/tmp/feast-final-gate-v2-wheel.K3bwKI/venv/lib/python3.11/site-packages/setuptools/_vendor/jaraco/context.cpython-311.pyc,publication_evidence,15708,04af00e790014bd8823712dc5009d3cafbf34b8ebf31f9fff449e77c5aa66f26,test_evidence
publication,REPRO:publication/outputs/final_gate_20260719_v2/work/cache/pycache/tmp/feast-final-gate-v2-wheel.K3bwKI/venv/lib/python3.11/site-packages/setuptools/_vendor/jaraco/functools/__init__.cpython-311.pyc,publication_evidence,24399,50ccce5c033024879e472ba4ab4a34544577c2ff0ab003a5ac12401d8298863b,test_evidence
publication,REPRO:publication/outputs/final_gate_20260719_v2/work/cache/pycache/tmp/feast-final-gate-v2-wheel.K3bwKI/venv/lib/python3.11/site-packages/setuptools/_vendor/jaraco/text/__init__.cpython-311.pyc,publication_evidence,27802,3addab25130576248bf44a76c3799b0f7c3dd162f808f1bcb2ebb885144575a5,test_evidence
publication,REPRO:publication/outputs/final_gate_20260719_v2/work/cache/pycache/tmp/feast-final-gate-v2-wheel.K3bwKI/venv/lib/python3.11/site-packages/setuptools/_vendor/jaraco/text/layouts.cpython-311.pyc,publication_evidence,1237,bf564c5029e25828a4095bf2aca129eb1f43902053c7a590333c7a3ad9e75a6d,test_evidence
publication,REPRO:publication/outputs/final_gate_20260719_v2/work/cache/pycache/tmp/feast-final-gate-v2-wheel.K3bwKI/venv/lib/python3.11/site-packages/setuptools/_vendor/jaraco/text/show-newlines.cpython-311.pyc,publication_evidence,1661,c787158ba3542f1ddcb280bfef4327ac37a8be84879cffc09e96380645ec1345,test_evidence
publication,REPRO:publication/outputs/final_gate_20260719_v2/work/cache/pycache/tmp/feast-final-gate-v2-wheel.K3bwKI/venv/lib/python3.11/site-packages/setuptools/_vendor/jaraco/text/strip-prefix.cpython-311.pyc,publication_evidence,970,0657412dcf7909957d5ad4e097f3c0c184afa8b68618fd877013bc8bd87cdf4e,test_evidence
publication,REPRO:publication/outputs/final_gate_20260719_v2/work/cache/pycache/tmp/feast-final-gate-v2-wheel.K3bwKI/venv/lib/python3.11/site-packages/setuptools/_vendor/jaraco/text/to-dvorak.cpython-311.pyc,publication_evidence,474,9b958926cd156a422ab2ac296957a52ce4216739377ec1e813de4540f47ad505,test_evidence
publication,REPRO:publication/outputs/final_gate_20260719_v2/work/cache/pycache/tmp/feast-final-gate-v2-wheel.K3bwKI/venv/lib/python3.11/site-packages/setuptools/_vendor/jaraco/text/to-qwerty.cpython-311.pyc,publication_evidence,474,0d6bfbc06dd5b328023bae9638d77dd72680b80fedafb7c1c1c71771aa5bdbc0,test_evidence
publication,REPRO:publication/outputs/final_gate_20260719_v2/work/cache/pycache/tmp/feast-final-gate-v2-wheel.K3bwKI/venv/lib/python3.11/site-packages/setuptools/_vendor/more_itertools/__init__.cpython-311.pyc,publication_evidence,391,f3aaa8bc67c2d538fe0fca269a8eaf2d3f5e852599fffbef368b46b426334a8d,test_evidence
publication,REPRO:publication/outputs/final_gate_20260719_v2/work/cache/pycache/tmp/feast-final-gate-v2-wheel.K3bwKI/venv/lib/python3.11/site-packages/setuptools/_vendor/more_itertools/more.cpython-311.pyc,publication_evidence,189676,aa91e4ce398fa8cbede89e8c6ebd39fe7f13928b8ed48e821829e8cd99001072,test_evidence
publication,REPRO:publication/outputs/final_gate_20260719_v2/work/cache/pycache/tmp/feast-final-gate-v2-wheel.K3bwKI/venv/lib/python3.11/site-packages/setuptools/_vendor/more_itertools/recipes.cpython-311.pyc,publication_evidence,39803,2cdde52efbae3c5fab5de54afab4889d918ec5982dbde415c9b4f7bf5168d1ad,test_evidence
publication,REPRO:publication/outputs/final_gate_20260719_v2/work/cache/pycache/tmp/feast-final-gate-v2-wheel.K3bwKI/venv/lib/python3.11/site-packages/setuptools/_vendor/packaging/__init__.cpython-311.pyc,publication_evidence,581,94a1b6c00e92e400008b0bf285c3e5c3918912f731689cec5251ec6f789a2724,test_evidence
publication,REPRO:publication/outputs/final_gate_20260719_v2/work/cache/pycache/tmp/feast-final-gate-v2-wheel.K3bwKI/venv/lib/python3.11/site-packages/setuptools/_vendor/packaging/_elffile.cpython-311.pyc,publication_evidence,5539,016e5f4555f492f36f17362322ecdeb9a5d6faf545ba29dd6362c9a7de5970eb,test_evidence
publication,REPRO:publication/outputs/final_gate_20260719_v2/work/cache/pycache/tmp/feast-final-gate-v2-wheel.K3bwKI/venv/lib/python3.11/site-packages/setuptools/_vendor/packaging/_manylinux.cpython-311.pyc,publication_evidence,10972,142b321c567f52fa48b8fc15949a905aeac0487286b843811c58e82ac44928d1,test_evidence
publication,REPRO:publication/outputs/final_gate_20260719_v2/work/cache/pycache/tmp/feast-final-gate-v2-wheel.K3bwKI/venv/lib/python3.11/site-packages/setuptools/_vendor/packaging/_musllinux.cpython-311.pyc,publication_evidence,5332,00007267f318e46412a3527997436ce9af350da0105eeee1d064df5142fc8524,test_evidence
publication,REPRO:publication/outputs/final_gate_20260719_v2/work/cache/pycache/tmp/feast-final-gate-v2-wheel.K3bwKI/venv/lib/python3.11/site-packages/setuptools/_vendor/packaging/_parser.cpython-311.pyc,publication_evidence,16304,8c59e77cc6fc7c998925b2250a4e93ffb65f8571c5e52edf629747c8bf5b61a1,test_evidence
publication,REPRO:publication/outputs/final_gate_20260719_v2/work/cache/pycache/tmp/feast-final-gate-v2-wheel.K3bwKI/venv/lib/python3.11/site-packages/setuptools/_vendor/packaging/_structures.cpython-311.pyc,publication_evidence,3705,cb8a35f696462f8b12dd0af4411195e0fe75a137ce0e53cb70bb95a2a2000fc5,test_evidence
publication,REPRO:publication/outputs/final_gate_20260719_v2/work/cache/pycache/tmp/feast-final-gate-v2-wheel.K3bwKI/venv/lib/python3.11/site-packages/setuptools/_vendor/packaging/_tokenizer.cpython-311.pyc,publication_evidence,8569,bb1f8d6906205bfa89bea7ac28342fb3f89a162dc8b634a72bc79e9b286a66c5,test_evidence
publication,REPRO:publication/outputs/final_gate_20260719_v2/work/cache/pycache/tmp/feast-final-gate-v2-wheel.K3bwKI/venv/lib/python3.11/site-packages/setuptools/_vendor/packaging/licenses/__init__.cpython-311.pyc,publication_evidence,5065,2469f24ca0f3dbca8e25f0d73f42af92fea5e069e57b0607e858a2f5236ef7b4,test_evidence
publication,REPRO:publication/outputs/final_gate_20260719_v2/work/cache/pycache/tmp/feast-final-gate-v2-wheel.K3bwKI/venv/lib/python3.11/site-packages/setuptools/_vendor/packaging/licenses/_spdx.cpython-311.pyc,publication_evidence,50289,4e0c3751f2f151d025dceff7806e364d0baff30f1e8f2097d820c8fa8c79e8b6,test_evidence
publication,REPRO:publication/outputs/final_gate_20260719_v2/work/cache/pycache/tmp/feast-final-gate-v2-wheel.K3bwKI/venv/lib/python3.11/site-packages/setuptools/_vendor/packaging/markers.cpython-311.pyc,publication_evidence,13124,d26e8a2801235eb63dce85f465a35c72c2d2daceba9b62a8e35643c74217cb42,test_evidence
publication,REPRO:publication/outputs/final_gate_20260719_v2/work/cache/pycache/tmp/feast-final-gate-v2-wheel.K3bwKI/venv/lib/python3.11/site-packages/setuptools/_vendor/packaging/metadata.cpython-311.pyc,publication_evidence,31111,8988ded3dc4c1e75b4bb50e0305fbbc0f9f58700baeee90903271ef4d64ba4fd,test_evidence
publication,REPRO:publication/outputs/final_gate_20260719_v2/work/cache/pycache/tmp/feast-final-gate-v2-wheel.K3bwKI/venv/lib/python3.11/site-packages/setuptools/_vendor/packaging/requirements.cpython-311.pyc,publication_evidence,4746,03ffdfea64a983d364ff87ec0cedb127f4ee986ab701b54850a3ae657779ade6,test_evidence
publication,REPRO:publication/outputs/final_gate_20260719_v2/work/cache/pycache/tmp/feast-final-gate-v2-wheel.K3bwKI/venv/lib/python3.11/site-packages/setuptools/_vendor/packaging/specifiers.cpython-311.pyc,publication_evidence,41533,9e53ac032eb50d8d1ff457a7e9a6280a64b41dc8320d3054d17770e6f4827433,test_evidence
publication,REPRO:publication/outputs/final_gate_20260719_v2/work/cache/pycache/tmp/feast-final-gate-v2-wheel.K3bwKI/venv/lib/python3.11/site-packages/setuptools/_vendor/packaging/tags.cpython-311.pyc,publication_evidence,25905,f46f38b015a872e9d1f18c635bd914774dc494a14a860fc437ad79af3925c6c6,test_evidence
publication,REPRO:publication/outputs/final_gate_20260719_v2/work/cache/pycache/tmp/feast-final-gate-v2-wheel.K3bwKI/venv/lib/python3.11/site-packages/setuptools/_vendor/packaging/utils.cpython-311.pyc,publication_evidence,7607,2cf18ccbfa8e5eb185af816f2ce297fb8ef87152c4e2f7adf79bbdc32adcda53,test_evidence
publication,REPRO:publication/outputs/final_gate_20260719_v2/work/cache/pycache/tmp/feast-final-gate-v2-wheel.K3bwKI/venv/lib/python3.11/site-packages/setuptools/_vendor/packaging/version.cpython-311.pyc,publication_evidence,21993,ade4b19f49adcb535eae223b74a808de689918370a099d5d0e1225fe5ec8707e,test_evidence
publication,REPRO:publication/outputs/final_gate_20260719_v2/work/cache/pycache/tmp/feast-final-gate-v2-wheel.K3bwKI/venv/lib/python3.11/site-packages/setuptools/_vendor/platformdirs/__init__.cpython-311.pyc,publication_evidence,19164,25c640c1359830a10ba28b160110eda4178f42e38a91a5066e99dedf9531221e,test_evidence
publication,REPRO:publication/outputs/final_gate_20260719_v2/work/cache/pycache/tmp/feast-final-gate-v2-wheel.K3bwKI/venv/lib/python3.11/site-packages/setuptools/_vendor/platformdirs/__main__.cpython-311.pyc,publication_evidence,2306,524fa7a2d176daa59fcfb3bdedbf3535287df2631a4e2c165e177e602f7a7f0e,test_evidence
publication,REPRO:publication/outputs/final_gate_20260719_v2/work/cache/pycache/tmp/feast-final-gate-v2-wheel.K3bwKI/venv/lib/python3.11/site-packages/setuptools/_vendor/platformdirs/android.cpython-311.pyc,publication_evidence,11918,1a7dd22332c5d9ffdb51b87f7911abfe952152bac835a1e511c130ca70fdeac5,test_evidence
publication,REPRO:publication/outputs/final_gate_20260719_v2/work/cache/pycache/tmp/feast-final-gate-v2-wheel.K3bwKI/venv/lib/python3.11/site-packages/setuptools/_vendor/platformdirs/api.cpython-311.pyc,publication_evidence,14130,57cbaae3d8a8a58f3237b11337ae04ee1cbfe374e98a6142fff375947e4572cc,test_evidence
publication,REPRO:publication/outputs/final_gate_20260719_v2/work/cache/pycache/tmp/feast-final-gate-v2-wheel.K3bwKI/venv/lib/python3.11/site-packages/setuptools/_vendor/platformdirs/macos.cpython-311.pyc,publication_evidence,8539,93e7632d4a7f6fb7e1fbbdd8416809ed08e1b949b154b8de3d4b1d5b1130224c,test_evidence
publication,REPRO:publication/outputs/final_gate_20260719_v2/work/cache/pycache/tmp/feast-final-gate-v2-wheel.K3bwKI/venv/lib/python3.11/site-packages/setuptools/_vendor/platformdirs/unix.cpython-311.pyc,publication_evidence,16583,7a23fb0655c998b278c344749ac8e6bc603bfe5243ce042a14a48e7d95ec7a33,test_evidence
publication,REPRO:publication/outputs/final_gate_20260719_v2/work/cache/pycache/tmp/feast-final-gate-v2-wheel.K3bwKI/venv/lib/python3.11/site-packages/setuptools/_vendor/platformdirs/version.cpython-311.pyc,publication_evidence,681,69bdfccdf2d36d4f14e2238edb871b1d9835fc3d49e0f9ff09860dde2ba9a9c2,test_evidence
publication,REPRO:publication/outputs/final_gate_20260719_v2/work/cache/pycache/tmp/feast-final-gate-v2-wheel.K3bwKI/venv/lib/python3.11/site-packages/setuptools/_vendor/platformdirs/windows.cpython-311.pyc,publication_evidence,14724,99dbc0e907c84c1060cd9d21083da7657234104ed3aad4c1e0d081743a43ea80,test_evidence
publication,REPRO:publication/outputs/final_gate_20260719_v2/work/cache/pycache/tmp/feast-final-gate-v2-wheel.K3bwKI/venv/lib/python3.11/site-packages/setuptools/_vendor/tomli/__init__.cpython-311.pyc,publication_evidence,433,cd3c7ead9e0e3198c0e9d304d5c38dc8f7782de376b94dfb89c4acb0a4cf0700,test_evidence
publication,REPRO:publication/outputs/final_gate_20260719_v2/work/cache/pycache/tmp/feast-final-gate-v2-wheel.K3bwKI/venv/lib/python3.11/site-packages/setuptools/_vendor/tomli/_parser.cpython-311.pyc,publication_evidence,30872,98ead77dc0a443abc2528c83411825b06f1a41c2d5dc32c4e869537ed694be2e,test_evidence
publication,REPRO:publication/outputs/final_gate_20260719_v2/work/cache/pycache/tmp/feast-final-gate-v2-wheel.K3bwKI/venv/lib/python3.11/site-packages/setuptools/_vendor/tomli/_re.cpython-311.pyc,publication_evidence,4512,9e874580ad9fd09fd5585a4677a34d13d325b50ce8ce0adb77989d98203f63c9,test_evidence
publication,REPRO:publication/outputs/final_gate_20260719_v2/work/cache/pycache/tmp/feast-final-gate-v2-wheel.K3bwKI/venv/lib/python3.11/site-packages/setuptools/_vendor/tomli/_types.cpython-311.pyc,publication_evidence,425,a1ea60d31f675b72c0c4c994f65beae92a45dc65e83fe314157c5c3b9601855b,test_evidence
publication,REPRO:publication/outputs/final_gate_20260719_v2/work/cache/pycache/tmp/feast-final-gate-v2-wheel.K3bwKI/venv/lib/python3.11/site-packages/setuptools/_vendor/typeguard/__init__.cpython-311.pyc,publication_evidence,2592,c62501827d1dbd6cf394eb784908c33d479c7f44faa2aa55a2a6b52eb438e038,test_evidence
publication,REPRO:publication/outputs/final_gate_20260719_v2/work/cache/pycache/tmp/feast-final-gate-v2-wheel.K3bwKI/venv/lib/python3.11/site-packages/setuptools/_vendor/typeguard/_checkers.cpython-311.pyc,publication_evidence,38499,af7c25a1131794cfd5784f15317c689fbd3924fda5e2c688d1dcedb398fc2179,test_evidence
publication,REPRO:publication/outputs/final_gate_20260719_v2/work/cache/pycache/tmp/feast-final-gate-v2-wheel.K3bwKI/venv/lib/python3.11/site-packages/setuptools/_vendor/typeguard/_config.cpython-311.pyc,publication_evidence,4300,76c9285ace735eaaa6d4a9601297477a2601da29ea750a7c3bf9ad94b8da4ce8,test_evidence
publication,REPRO:publication/outputs/final_gate_20260719_v2/work/cache/pycache/tmp/feast-final-gate-v2-wheel.K3bwKI/venv/lib/python3.11/site-packages/setuptools/_vendor/typeguard/_decorators.cpython-311.pyc,publication_evidence,11373,1c3431780ac4489a4520435737e078898ed434439a6413ddba49793b856f9cd3,test_evidence
publication,REPRO:publication/outputs/final_gate_20260719_v2/work/cache/pycache/tmp/feast-final-gate-v2-wheel.K3bwKI/venv/lib/python3.11/site-packages/setuptools/_vendor/typeguard/_exceptions.cpython-311.pyc,publication_evidence,3346,cc79779f02b61a010ba4ff0140b614ec073ceae360b59effab5ccada0a0b4a12,test_evidence
publication,REPRO:publication/outputs/final_gate_20260719_v2/work/cache/pycache/tmp/feast-final-gate-v2-wheel.K3bwKI/venv/lib/python3.11/site-packages/setuptools/_vendor/typeguard/_functions.cpython-311.pyc,publication_evidence,13029,fc43b4d3e7c4ee646c2ed4a4dc656372e0e0d3d22107a990360ce91f986b6f6b,test_evidence
publication,REPRO:publication/outputs/final_gate_20260719_v2/work/cache/pycache/tmp/feast-final-gate-v2-wheel.K3bwKI/venv/lib/python3.11/site-packages/setuptools/_vendor/typeguard/_importhook.cpython-311.pyc,publication_evidence,10408,3df4dead5830ede6b13cd2a631b48c8716f2c5f63821f2ab633a6c660aebd8ce,test_evidence
publication,REPRO:publication/outputs/final_gate_20260719_v2/work/cache/pycache/tmp/feast-final-gate-v2-wheel.K3bwKI/venv/lib/python3.11/site-packages/setuptools/_vendor/typeguard/_memo.cpython-311.pyc,publication_evidence,1902,1118497ec855533b591a32ed6c22fbb6b7cf5139af4ed3a8f4290dd5b991db0b,test_evidence
publication,REPRO:publication/outputs/final_gate_20260719_v2/work/cache/pycache/tmp/feast-final-gate-v2-wheel.K3bwKI/venv/lib/python3.11/site-packages/setuptools/_vendor/typeguard/_pytest_plugin.cpython-311.pyc,publication_evidence,6531,be12c8b3a632d8aeedd127f436b49607d85b82ff7505af4e6ddce3a87b2a3755,test_evidence
publication,REPRO:publication/outputs/final_gate_20260719_v2/work/cache/pycache/tmp/feast-final-gate-v2-wheel.K3bwKI/venv/lib/python3.11/site-packages/setuptools/_vendor/typeguard/_suppression.cpython-311.pyc,publication_evidence,4321,f9d3846843b25e1ab76ad2f88527806112ed9a0e40852c99c70533794d27e240,test_evidence
publication,REPRO:publication/outputs/final_gate_20260719_v2/work/cache/pycache/tmp/feast-final-gate-v2-wheel.K3bwKI/venv/lib/python3.11/site-packages/setuptools/_vendor/typeguard/_transformer.cpython-311.pyc,publication_evidence,55715,1099519c226bcc97cb53f172abf44589b4d9af2100302b4ac83ee306710c3560,test_evidence
publication,REPRO:publication/outputs/final_gate_20260719_v2/work/cache/pycache/tmp/feast-final-gate-v2-wheel.K3bwKI/venv/lib/python3.11/site-packages/setuptools/_vendor/typeguard/_union_transformer.cpython-311.pyc,publication_evidence,2943,fa114c0928e9df92c4d14e50090290fd8ca5ed91f93d2b1792c3a9481e6b16c1,test_evidence
publication,REPRO:publication/outputs/final_gate_20260719_v2/work/cache/pycache/tmp/feast-final-gate-v2-wheel.K3bwKI/venv/lib/python3.11/site-packages/setuptools/_vendor/typeguard/_utils.cpython-311.pyc,publication_evidence,8618,b0df7923743a0755842ae97831fe845d46c13a5194b9fefaa1b452a3a7a9307f,test_evidence
publication,REPRO:publication/outputs/final_gate_20260719_v2/work/cache/pycache/tmp/feast-final-gate-v2-wheel.K3bwKI/venv/lib/python3.11/site-packages/setuptools/_vendor/typing_extensions.cpython-311.pyc,publication_evidence,151506,546d1a572c1e9e5404e67340300c521bbd1fdc37a62167b5e144693f2d7fe67b,test_evidence
publication,REPRO:publication/outputs/final_gate_20260719_v2/work/cache/pycache/tmp/feast-final-gate-v2-wheel.K3bwKI/venv/lib/python3.11/site-packages/setuptools/_vendor/wheel/__init__.cpython-311.pyc,publication_evidence,305,f43aa7acc32c4216dad366459cef3e3fc31fb81be3b6835964a7665cd5297fab,test_evidence
publication,REPRO:publication/outputs/final_gate_20260719_v2/work/cache/pycache/tmp/feast-final-gate-v2-wheel.K3bwKI/venv/lib/python3.11/site-packages/setuptools/_vendor/wheel/__main__.cpython-311.pyc,publication_evidence,1110,b90b33555b86a61061696a2ef177dbcdb52657d471a4741c7167d20fc36601a0,test_evidence
publication,REPRO:publication/outputs/final_gate_20260719_v2/work/cache/pycache/tmp/feast-final-gate-v2-wheel.K3bwKI/venv/lib/python3.11/site-packages/setuptools/_vendor/wheel/_bdist_wheel.cpython-311.pyc,publication_evidence,28591,cba35d1dd73d6f7802c81a1f8bf5623675442f04b4d2841fd2867a1dc7da60b4,test_evidence
publication,REPRO:publication/outputs/final_gate_20260719_v2/work/cache/pycache/tmp/feast-final-gate-v2-wheel.K3bwKI/venv/lib/python3.11/site-packages/setuptools/_vendor/wheel/_setuptools_logging.cpython-311.pyc,publication_evidence,1522,9db8ba4e44a0b43beb1a3ff222043f9b6388108750f5477b1ac01f84eb40e8f7,test_evidence
publication,REPRO:publication/outputs/final_gate_20260719_v2/work/cache/pycache/tmp/feast-final-gate-v2-wheel.K3bwKI/venv/lib/python3.11/site-packages/setuptools/_vendor/wheel/bdist_wheel.cpython-311.pyc,publication_evidence,938,62caa3bb0b11ef393d290b19e2e76f8de6d69e674e7d9281411ccc44c7e11d95,test_evidence
publication,REPRO:publication/outputs/final_gate_20260719_v2/work/cache/pycache/tmp/feast-final-gate-v2-wheel.K3bwKI/venv/lib/python3.11/site-packages/setuptools/_vendor/wheel/cli/__init__.cpython-311.pyc,publication_evidence,7828,58ee7b977d52771f56b675bc18901dc549d3e2b05388ff704d46c6a65073bcf1,test_evidence
publication,REPRO:publication/outputs/final_gate_20260719_v2/work/cache/pycache/tmp/feast-final-gate-v2-wheel.K3bwKI/venv/lib/python3.11/site-packages/setuptools/_vendor/wheel/cli/convert.cpython-311.pyc,publication_evidence,18611,22716df65feaedd0be63869fa96ddf23d97930a65205171266267ef9961e749f,test_evidence
publication,REPRO:publication/outputs/final_gate_20260719_v2/work/cache/pycache/tmp/feast-final-gate-v2-wheel.K3bwKI/venv/lib/python3.11/site-packages/setuptools/_vendor/wheel/cli/pack.cpython-311.pyc,publication_evidence,5886,0e905dfae780627cb0bb50cd4104eaab111a4e83822d8edf933b9089c1ad49c7,test_evidence
publication,REPRO:publication/outputs/final_gate_20260719_v2/work/cache/pycache/tmp/feast-final-gate-v2-wheel.K3bwKI/venv/lib/python3.11/site-packages/setuptools/_vendor/wheel/cli/tags.cpython-311.pyc,publication_evidence,7982,0408c0d799635a0ec0672812dd44456a84216ede50afc1d6cdf5b94f2d015ac4,test_evidence
publication,REPRO:publication/outputs/final_gate_20260719_v2/work/cache/pycache/tmp/feast-final-gate-v2-wheel.K3bwKI/venv/lib/python3.11/site-packages/setuptools/_vendor/wheel/cli/unpack.cpython-311.pyc,publication_evidence,1810,092738c805c4d620201b1c84661862788a284d1de74fc02fba0640b90e81c519,test_evidence
publication,REPRO:publication/outputs/final_gate_20260719_v2/work/cache/pycache/tmp/feast-final-gate-v2-wheel.K3bwKI/venv/lib/python3.11/site-packages/setuptools/_vendor/wheel/macosx_libfile.cpython-311.pyc,publication_evidence,17865,e7955209b7df5764890d98edf7a8c44c3b26e98eaad28b41c2502145d8f514a1,test_evidence
publication,REPRO:publication/outputs/final_gate_20260719_v2/work/cache/pycache/tmp/feast-final-gate-v2-wheel.K3bwKI/venv/lib/python3.11/site-packages/setuptools/_vendor/wheel/metadata.cpython-311.pyc,publication_evidence,9760,850e0f90d170e9e8e077329060efc08f1b0ed880d1b7be556ce72c43ccf67114,test_evidence
publication,REPRO:publication/outputs/final_gate_20260719_v2/work/cache/pycache/tmp/feast-final-gate-v2-wheel.K3bwKI/venv/lib/python3.11/site-packages/setuptools/_vendor/wheel/util.cpython-311.pyc,publication_evidence,1069,0c51030765b88a4e56f57198c4cb3568bb5d828acede4d2e51d965b2b1759480,test_evidence
publication,REPRO:publication/outputs/final_gate_20260719_v2/work/cache/pycache/tmp/feast-final-gate-v2-wheel.K3bwKI/venv/lib/python3.11/site-packages/setuptools/_vendor/wheel/vendored/__init__.cpython-311.pyc,publication_evidence,226,b0ca188ab56a4f5858497c223c2b87dd564c38358f062e4f932dcb23850216aa,test_evidence
publication,REPRO:publication/outputs/final_gate_20260719_v2/work/cache/pycache/tmp/feast-final-gate-v2-wheel.K3bwKI/venv/lib/python3.11/site-packages/setuptools/_vendor/wheel/vendored/packaging/__init__.cpython-311.pyc,publication_evidence,236,5ff067d19adcef462750ce27688ef17a1c83e58542522f58863da87f042320de,test_evidence
publication,REPRO:publication/outputs/final_gate_20260719_v2/work/cache/pycache/tmp/feast-final-gate-v2-wheel.K3bwKI/venv/lib/python3.11/site-packages/setuptools/_vendor/wheel/vendored/packaging/_elffile.cpython-311.pyc,publication_evidence,5516,31f401c3339f208d53e4dae7a0f07fe76aec5b6342dcd9148d34b9062c4205d8,test_evidence
publication,REPRO:publication/outputs/final_gate_20260719_v2/work/cache/pycache/tmp/feast-final-gate-v2-wheel.K3bwKI/venv/lib/python3.11/site-packages/setuptools/_vendor/wheel/vendored/packaging/_manylinux.cpython-311.pyc,publication_evidence,11112,1dcb43298cce7b5a32f3ee7d0713abe6f37dfea4f4a97f27eed78c2c1f77152f,test_evidence
publication,REPRO:publication/outputs/final_gate_20260719_v2/work/cache/pycache/tmp/feast-final-gate-v2-wheel.K3bwKI/venv/lib/python3.11/site-packages/setuptools/_vendor/wheel/vendored/packaging/_musllinux.cpython-311.pyc,publication_evidence,5327,a60993efd50102e7f637b023c0c6baef0ef9d2af2edee18a3c72fb04201c1078,test_evidence
publication,REPRO:publication/outputs/final_gate_20260719_v2/work/cache/pycache/tmp/feast-final-gate-v2-wheel.K3bwKI/venv/lib/python3.11/site-packages/setuptools/_vendor/wheel/vendored/packaging/_parser.cpython-311.pyc,publication_evidence,16350,ed4735f5fedc36844c6dfbfb2929f981a9570809c24130312b6e3b982b9fc6a4,test_evidence
publication,REPRO:publication/outputs/final_gate_20260719_v2/work/cache/pycache/tmp/feast-final-gate-v2-wheel.K3bwKI/venv/lib/python3.11/site-packages/setuptools/_vendor/wheel/vendored/packaging/_structures.cpython-311.pyc,publication_evidence,3720,c35b6bf71792e4667335269b2c186ea670eb4e8300f9d41c68be33c2dff45ad5,test_evidence
publication,REPRO:publication/outputs/final_gate_20260719_v2/work/cache/pycache/tmp/feast-final-gate-v2-wheel.K3bwKI/venv/lib/python3.11/site-packages/setuptools/_vendor/wheel/vendored/packaging/_tokenizer.cpython-311.pyc,publication_evidence,8697,59688a92eef3a4befc37418d27c86e75df4d2f7f81fecf4b8d65f17d8f52a5aa,test_evidence
publication,REPRO:publication/outputs/final_gate_20260719_v2/work/cache/pycache/tmp/feast-final-gate-v2-wheel.K3bwKI/venv/lib/python3.11/site-packages/setuptools/_vendor/wheel/vendored/packaging/markers.cpython-311.pyc,publication_evidence,12085,252fecc813afbba8047eb309779bb4260dca1fdb04700a341607169877339ef7,test_evidence
publication,REPRO:publication/outputs/final_gate_20260719_v2/work/cache/pycache/tmp/feast-final-gate-v2-wheel.K3bwKI/venv/lib/python3.11/site-packages/setuptools/_vendor/wheel/vendored/packaging/requirements.cpython-311.pyc,publication_evidence,4755,51941513f1ce7346a2d00540979a00d57dda4655682f3d0347a139fc7c85f0b6,test_evidence
publication,REPRO:publication/outputs/final_gate_20260719_v2/work/cache/pycache/tmp/feast-final-gate-v2-wheel.K3bwKI/venv/lib/python3.11/site-packages/setuptools/_vendor/wheel/vendored/packaging/specifiers.cpython-311.pyc,publication_evidence,42070,b622d10d027a537cdd9003eb0daab35598da3e0e75a8ca3afd6a9e6144566a57,test_evidence
publication,REPRO:publication/outputs/final_gate_20260719_v2/work/cache/pycache/tmp/feast-final-gate-v2-wheel.K3bwKI/venv/lib/python3.11/site-packages/setuptools/_vendor/wheel/vendored/packaging/tags.cpython-311.pyc,publication_evidence,24666,39b217cc8ab4a5f0e60032cd45f8a290c2ce877d13c652e28bfa208ca4c8e518,test_evidence
publication,REPRO:publication/outputs/final_gate_20260719_v2/work/cache/pycache/tmp/feast-final-gate-v2-wheel.K3bwKI/venv/lib/python3.11/site-packages/setuptools/_vendor/wheel/vendored/packaging/utils.cpython-311.pyc,publication_evidence,8311,019ed9d6fca09bd2a8ec019b358e9e373e69a440417331ca28eb52ee66794a09,test_evidence
publication,REPRO:publication/outputs/final_gate_20260719_v2/work/cache/pycache/tmp/feast-final-gate-v2-wheel.K3bwKI/venv/lib/python3.11/site-packages/setuptools/_vendor/wheel/vendored/packaging/version.cpython-311.pyc,publication_evidence,21488,fb3e4b7d468b630c80e6f6057b1d32c0066f628d23b9146247185c3b33fd5a1d,test_evidence
publication,REPRO:publication/outputs/final_gate_20260719_v2/work/cache/pycache/tmp/feast-final-gate-v2-wheel.K3bwKI/venv/lib/python3.11/site-packages/setuptools/_vendor/wheel/wheelfile.cpython-311.pyc,publication_evidence,12604,ea969bec8860e5938cd62737fa7ce85e9e8cc0d8d6a658ccd78d5936858a6a6a,test_evidence
publication,REPRO:publication/outputs/final_gate_20260719_v2/work/cache/pycache/tmp/feast-final-gate-v2-wheel.K3bwKI/venv/lib/python3.11/site-packages/setuptools/_vendor/zipp/__init__.cpython-311.pyc,publication_evidence,24550,b281997e84d40c8d852dc1f6101cf2c05c0ead86c6ef9f26b5530434c24705f9,test_evidence
publication,REPRO:publication/outputs/final_gate_20260719_v2/work/cache/pycache/tmp/feast-final-gate-v2-wheel.K3bwKI/venv/lib/python3.11/site-packages/setuptools/_vendor/zipp/compat/__init__.cpython-311.pyc,publication_evidence,223,13cf6c80afad651e5f415466ebc328b9cf3039fd54cc2fca1f1a0bff684d007b,test_evidence
publication,REPRO:publication/outputs/final_gate_20260719_v2/work/cache/pycache/tmp/feast-final-gate-v2-wheel.K3bwKI/venv/lib/python3.11/site-packages/setuptools/_vendor/zipp/compat/py310.cpython-311.pyc,publication_evidence,534,5e3eff6285ee539295196e80ee6fdc05df31edb2d63c22ab722f20a5fb0a0763,test_evidence
publication,REPRO:publication/outputs/final_gate_20260719_v2/work/cache/pycache/tmp/feast-final-gate-v2-wheel.K3bwKI/venv/lib/python3.11/site-packages/setuptools/_vendor/zipp/glob.cpython-311.pyc,publication_evidence,5667,2eb2c23632a71ebd2fe157ea873eab520edfb8606c23c3be59ef316e947d27ee,test_evidence
publication,REPRO:publication/outputs/final_gate_20260719_v2/work/cache/pycache/tmp/feast-final-gate-v2-wheel.K3bwKI/venv/lib/python3.11/site-packages/setuptools/archive_util.cpython-311.pyc,publication_evidence,10257,084488eeb2dc2c1b7e7d87c26a296c971b71bec033898b37839c7f14bb22f2f9,test_evidence
publication,REPRO:publication/outputs/final_gate_20260719_v2/work/cache/pycache/tmp/feast-final-gate-v2-wheel.K3bwKI/venv/lib/python3.11/site-packages/setuptools/build_meta.cpython-311.pyc,publication_evidence,27880,33840298907a858415fbad421e66dbe48009da556a2a33033f1f605e7012b961,test_evidence
publication,REPRO:publication/outputs/final_gate_20260719_v2/work/cache/pycache/tmp/feast-final-gate-v2-wheel.K3bwKI/venv/lib/python3.11/site-packages/setuptools/command/__init__.cpython-311.pyc,publication_evidence,657,cd66a5f3f197457beebd823c9fe38a6221d5ced4f51a5a873e65f1d70ccd75a6,test_evidence
publication,REPRO:publication/outputs/final_gate_20260719_v2/work/cache/pycache/tmp/feast-final-gate-v2-wheel.K3bwKI/venv/lib/python3.11/site-packages/setuptools/command/_requirestxt.cpython-311.pyc,publication_evidence,7259,5524c4ab94322ee3891b970fc9d14005b51b2acc99557ffda61a6beec2141dc9,test_evidence
publication,REPRO:publication/outputs/final_gate_20260719_v2/work/cache/pycache/tmp/feast-final-gate-v2-wheel.K3bwKI/venv/lib/python3.11/site-packages/setuptools/command/alias.cpython-311.pyc,publication_evidence,3950,9cbd901fe1e0c6da33d4198280c420b188439cfd31348d74ed22ddcc63297f70,test_evidence
publication,REPRO:publication/outputs/final_gate_20260719_v2/work/cache/pycache/tmp/feast-final-gate-v2-wheel.K3bwKI/venv/lib/python3.11/site-packages/setuptools/command/bdist_egg.cpython-311.pyc,publication_evidence,26436,a774b423d112a9b881cb9505892470c9c98d84a3065a72cb1d9246ce6e8151d1,test_evidence
publication,REPRO:publication/outputs/final_gate_20260719_v2/work/cache/pycache/tmp/feast-final-gate-v2-wheel.K3bwKI/venv/lib/python3.11/site-packages/setuptools/command/bdist_rpm.cpython-311.pyc,publication_evidence,2463,4864017d3af91b98511afc4a28950e754ba4bcedb5f0e3146b568a0a33201b72,test_evidence
publication,REPRO:publication/outputs/final_gate_20260719_v2/work/cache/pycache/tmp/feast-final-gate-v2-wheel.K3bwKI/venv/lib/python3.11/site-packages/setuptools/command/bdist_wheel.cpython-311.pyc,publication_evidence,28370,ce07677a1f84cc340336dffc74e8b37519aff35bb32b045947d877a4a2254967,test_evidence
publication,REPRO:publication/outputs/final_gate_20260719_v2/work/cache/pycache/tmp/feast-final-gate-v2-wheel.K3bwKI/venv/lib/python3.11/site-packages/setuptools/command/build.cpython-311.pyc,publication_evidence,5798,76a81df089bf6bfaab62503fe2d9381f0e6707647c92cb718457b404fef36cc1,test_evidence
publication,REPRO:publication/outputs/final_gate_20260719_v2/work/cache/pycache/tmp/feast-final-gate-v2-wheel.K3bwKI/venv/lib/python3.11/site-packages/setuptools/command/build_clib.cpython-311.pyc,publication_evidence,4323,59e1ba70ddc2b886c65a116961f17ad1d6aaea6a18d66a1a5dc823fa6ee42553,test_evidence
publication,REPRO:publication/outputs/final_gate_20260719_v2/work/cache/pycache/tmp/feast-final-gate-v2-wheel.K3bwKI/venv/lib/python3.11/site-packages/setuptools/command/build_ext.cpython-311.pyc,publication_evidence,25070,4b73a65d62ccae6c0f59f6de89f6255cb928f090c5ade116de7abf4031feb8b7,test_evidence
publication,REPRO:publication/outputs/final_gate_20260719_v2/work/cache/pycache/tmp/feast-final-gate-v2-wheel.K3bwKI/venv/lib/python3.11/site-packages/setuptools/command/build_py.cpython-311.pyc,publication_evidence,23950,e6016bb76c15209aae2312a58984a47fa5a1350c6cd1f6d8ebaf06065eec1248,test_evidence
publication,REPRO:publication/outputs/final_gate_20260719_v2/work/cache/pycache/tmp/feast-final-gate-v2-wheel.K3bwKI/venv/lib/python3.11/site-packages/setuptools/command/develop.cpython-311.pyc,publication_evidence,10696,5422ebdfe93b587b3f4da415080091a8c9fd4053f08400b2e14f364f789e79fc,test_evidence
publication,REPRO:publication/outputs/final_gate_20260719_v2/work/cache/pycache/tmp/feast-final-gate-v2-wheel.K3bwKI/venv/lib/python3.11/site-packages/setuptools/command/dist_info.cpython-311.pyc,publication_evidence,5620,f501cf25eabca0322a939318cfbca0dae9d0131a265209d1a0548b3673851cb8,test_evidence
publication,REPRO:publication/outputs/final_gate_20260719_v2/work/cache/pycache/tmp/feast-final-gate-v2-wheel.K3bwKI/venv/lib/python3.11/site-packages/setuptools/command/easy_install.cpython-311.pyc,publication_evidence,120907,bd9db6a37bd55c6054aad449e8608ba62e4bdb2954ddc8efc67d486af1689578,test_evidence
publication,REPRO:publication/outputs/final_gate_20260719_v2/work/cache/pycache/tmp/feast-final-gate-v2-wheel.K3bwKI/venv/lib/python3.11/site-packages/setuptools/command/editable_wheel.cpython-311.pyc,publication_evidence,54956,a8535875e78cde72bb63b96484e9f48ce0b118fb4efaf09e1f64e548631c595b,test_evidence
publication,REPRO:publication/outputs/final_gate_20260719_v2/work/cache/pycache/tmp/feast-final-gate-v2-wheel.K3bwKI/venv/lib/python3.11/site-packages/setuptools/command/egg_info.cpython-311.pyc,publication_evidence,37528,11bfa7a5741ee13671b3dd43dc120d70ea55a83e3d19971d038c892346127365,test_evidence
publication,REPRO:publication/outputs/final_gate_20260719_v2/work/cache/pycache/tmp/feast-final-gate-v2-wheel.K3bwKI/venv/lib/python3.11/site-packages/setuptools/command/install.cpython-311.pyc,publication_evidence,8481,cb0e2e01d94b79080c788163288d93147ce1946646e962604634316e877e573d,test_evidence
publication,REPRO:publication/outputs/final_gate_20260719_v2/work/cache/pycache/tmp/feast-final-gate-v2-wheel.K3bwKI/venv/lib/python3.11/site-packages/setuptools/command/install_egg_info.cpython-311.pyc,publication_evidence,4002,ff68cbc5ea3ee596de362df53f76fbc5971da28dff7d67f59a90bb5a465f8ba6,test_evidence
publication,REPRO:publication/outputs/final_gate_20260719_v2/work/cache/pycache/tmp/feast-final-gate-v2-wheel.K3bwKI/venv/lib/python3.11/site-packages/setuptools/command/install_lib.cpython-311.pyc,publication_evidence,6884,7bafeda661743c42326da7419ae2dd17a32acf05edd514b4b65068eecbe230c1,test_evidence
publication,REPRO:publication/outputs/final_gate_20260719_v2/work/cache/pycache/tmp/feast-final-gate-v2-wheel.K3bwKI/venv/lib/python3.11/site-packages/setuptools/command/install_scripts.cpython-311.pyc,publication_evidence,4448,57c8b0673338fa8257831fa470f906761676739f689456dcc3f89f8f25c8436f,test_evidence
publication,REPRO:publication/outputs/final_gate_20260719_v2/work/cache/pycache/tmp/feast-final-gate-v2-wheel.K3bwKI/venv/lib/python3.11/site-packages/setuptools/command/rotate.cpython-311.pyc,publication_evidence,4399,e81e2845cdb75098cb0bbd20001b658796984ff0e80d795e092a008be22f23e8,test_evidence
publication,REPRO:publication/outputs/final_gate_20260719_v2/work/cache/pycache/tmp/feast-final-gate-v2-wheel.K3bwKI/venv/lib/python3.11/site-packages/setuptools/command/saveopts.cpython-311.pyc,publication_evidence,1406,939caff893a9be5901c4c9219a72a67f809d3d95cd20871e79cd491f6ed7e982,test_evidence
publication,REPRO:publication/outputs/final_gate_20260719_v2/work/cache/pycache/tmp/feast-final-gate-v2-wheel.K3bwKI/venv/lib/python3.11/site-packages/setuptools/command/sdist.cpython-311.pyc,publication_evidence,13693,2391765770f96ed70d07ca39a534edb104adebf38db952f1d01d8d0806bc1260,test_evidence
publication,REPRO:publication/outputs/final_gate_20260719_v2/work/cache/pycache/tmp/feast-final-gate-v2-wheel.K3bwKI/venv/lib/python3.11/site-packages/setuptools/command/setopt.cpython-311.pyc,publication_evidence,7812,632ef9f92a095fc68db87111da2314d3b7f7f24871ca014c3c7b18093015ed7a,test_evidence
publication,REPRO:publication/outputs/final_gate_20260719_v2/work/cache/pycache/tmp/feast-final-gate-v2-wheel.K3bwKI/venv/lib/python3.11/site-packages/setuptools/command/test.cpython-311.pyc,publication_evidence,2149,e6ecc787b02e07476a1d6ea74e326244933ef3ecfa6f4d959e4998807757bb46,test_evidence
publication,REPRO:publication/outputs/final_gate_20260719_v2/work/cache/pycache/tmp/feast-final-gate-v2-wheel.K3bwKI/venv/lib/python3.11/site-packages/setuptools/compat/__init__.cpython-311.pyc,publication_evidence,210,bf16c81ac5e308d6df73783457844e03d646e164dafdf5012fd40d59960244e9,test_evidence
publication,REPRO:publication/outputs/final_gate_20260719_v2/work/cache/pycache/tmp/feast-final-gate-v2-wheel.K3bwKI/venv/lib/python3.11/site-packages/setuptools/compat/py310.cpython-311.pyc,publication_evidence,379,9cb882ebe249baeb86204cee25d8776eee5c5292feedf22adb6024329f3ba84c,test_evidence
publication,REPRO:publication/outputs/final_gate_20260719_v2/work/cache/pycache/tmp/feast-final-gate-v2-wheel.K3bwKI/venv/lib/python3.11/site-packages/setuptools/compat/py311.cpython-311.pyc,publication_evidence,1683,dc22bfcb0019cfc676dfd9ed3bf7967dd8b7a547b13fa35d7fb81271beb100af,test_evidence
publication,REPRO:publication/outputs/final_gate_20260719_v2/work/cache/pycache/tmp/feast-final-gate-v2-wheel.K3bwKI/venv/lib/python3.11/site-packages/setuptools/compat/py312.cpython-311.pyc,publication_evidence,533,bf8e5cfb6f4551cc73a42d458bd7327fd0d8493adb847419690f361b3bce1a80,test_evidence
publication,REPRO:publication/outputs/final_gate_20260719_v2/work/cache/pycache/tmp/feast-final-gate-v2-wheel.K3bwKI/venv/lib/python3.11/site-packages/setuptools/compat/py39.cpython-311.pyc,publication_evidence,329,da741fc36314f1378aaca7a11a6a8c06ce7428c206be0025419dccd547ad889f,test_evidence
publication,REPRO:publication/outputs/final_gate_20260719_v2/work/cache/pycache/tmp/feast-final-gate-v2-wheel.K3bwKI/venv/lib/python3.11/site-packages/setuptools/config/__init__.cpython-311.pyc,publication_evidence,2180,189c70c157b82bcc7acfb81646140e4289e969efe2e30e9d452e8faf6f4c9238,test_evidence
publication,REPRO:publication/outputs/final_gate_20260719_v2/work/cache/pycache/tmp/feast-final-gate-v2-wheel.K3bwKI/venv/lib/python3.11/site-packages/setuptools/config/_apply_pyprojecttoml.cpython-311.pyc,publication_evidence,29498,7646d61de78867f28f7e7862b908c66e5190bc7eed1df6aaf93aecd6cdc7efb2,test_evidence
publication,REPRO:publication/outputs/final_gate_20260719_v2/work/cache/pycache/tmp/feast-final-gate-v2-wheel.K3bwKI/venv/lib/python3.11/site-packages/setuptools/config/_validate_pyproject/__init__.cpython-311.pyc,publication_evidence,2359,f405b6ef2cee29228ed76466e73e9bed0ac0eba0ae42da69248c643c9bb7cde3,test_evidence
publication,REPRO:publication/outputs/final_gate_20260719_v2/work/cache/pycache/tmp/feast-final-gate-v2-wheel.K3bwKI/venv/lib/python3.11/site-packages/setuptools/config/_validate_pyproject/error_reporting.cpython-311.pyc,publication_evidence,20943,cbf2673be7fce496f5b9be6c31286f129ee3d4648b7f4c5656a17273c50fe530,test_evidence
publication,REPRO:publication/outputs/final_gate_20260719_v2/work/cache/pycache/tmp/feast-final-gate-v2-wheel.K3bwKI/venv/lib/python3.11/site-packages/setuptools/config/_validate_pyproject/extra_validations.cpython-311.pyc,publication_evidence,3480,fa756c4441850172402244abee147cfe68354d30b95fa66ed14f5047c2bd2a7b,test_evidence
publication,REPRO:publication/outputs/final_gate_20260719_v2/work/cache/pycache/tmp/feast-final-gate-v2-wheel.K3bwKI/venv/lib/python3.11/site-packages/setuptools/config/_validate_pyproject/fastjsonschema_exceptions.cpython-311.pyc,publication_evidence,3259,f041d307d40523570fd6b442a2b19b09bcd299f62ca36f79aa574bcbbbcbcc4d,test_evidence
publication,REPRO:publication/outputs/final_gate_20260719_v2/work/cache/pycache/tmp/feast-final-gate-v2-wheel.K3bwKI/venv/lib/python3.11/site-packages/setuptools/config/_validate_pyproject/fastjsonschema_validations.cpython-311.pyc,publication_evidence,265774,cc80524181a159eb85f8da88c053b8aef17ce93f3215958ac201e08b0114fe06,test_evidence
publication,REPRO:publication/outputs/final_gate_20260719_v2/work/cache/pycache/tmp/feast-final-gate-v2-wheel.K3bwKI/venv/lib/python3.11/site-packages/setuptools/config/_validate_pyproject/formats.cpython-311.pyc,publication_evidence,20443,4e10c3de795194e6645fac62d3ed09583d4f64b7bf1d9e9d127313b4d2c9ad87,test_evidence
publication,REPRO:publication/outputs/final_gate_20260719_v2/work/cache/pycache/tmp/feast-final-gate-v2-wheel.K3bwKI/venv/lib/python3.11/site-packages/setuptools/config/expand.cpython-311.pyc,publication_evidence,27405,177915ebcf10efc306c68b5349635a7014d7dab9878edbd8030c3edabf0af2e6,test_evidence
publication,REPRO:publication/outputs/final_gate_20260719_v2/work/cache/pycache/tmp/feast-final-gate-v2-wheel.K3bwKI/venv/lib/python3.11/site-packages/setuptools/config/pyprojecttoml.cpython-311.pyc,publication_evidence,26524,3a191993cd8bbbb3294be075ef7198c5bb972d930312d69d922f9dbe5a3aff13,test_evidence
publication,REPRO:publication/outputs/final_gate_20260719_v2/work/cache/pycache/tmp/feast-final-gate-v2-wheel.K3bwKI/venv/lib/python3.11/site-packages/setuptools/config/setupcfg.cpython-311.pyc,publication_evidence,36189,071f2f97b10fbee4473a206396cbd9dcd48987bc49f586768a0ae96a612e4373,test_evidence
publication,REPRO:publication/outputs/final_gate_20260719_v2/work/cache/pycache/tmp/feast-final-gate-v2-wheel.K3bwKI/venv/lib/python3.11/site-packages/setuptools/depends.cpython-311.pyc,publication_evidence,8226,805d0b569e2286350e08f4e2638f0b5b870bec157b1a481153b4c3fee1de88e0,test_evidence
publication,REPRO:publication/outputs/final_gate_20260719_v2/work/cache/pycache/tmp/feast-final-gate-v2-wheel.K3bwKI/venv/lib/python3.11/site-packages/setuptools/discovery.cpython-311.pyc,publication_evidence,31153,e76482d8387f1d2c1bc02d7c31785e0c223b8d58e58713038155896a69ae1193,test_evidence
publication,REPRO:publication/outputs/final_gate_20260719_v2/work/cache/pycache/tmp/feast-final-gate-v2-wheel.K3bwKI/venv/lib/python3.11/site-packages/setuptools/dist.cpython-311.pyc,publication_evidence,58452,a07f8a1dcbb359e09b8c2ee9c9840b81b6d47b337e744d3ea555be693a6f5f45,test_evidence
publication,REPRO:publication/outputs/final_gate_20260719_v2/work/cache/pycache/tmp/feast-final-gate-v2-wheel.K3bwKI/venv/lib/python3.11/site-packages/setuptools/errors.cpython-311.pyc,publication_evidence,3568,5e5b615100df632bbf0b55701e7bd9df807e5464991bf83fe51e683a714b4286,test_evidence
publication,REPRO:publication/outputs/final_gate_20260719_v2/work/cache/pycache/tmp/feast-final-gate-v2-wheel.K3bwKI/venv/lib/python3.11/site-packages/setuptools/extension.cpython-311.pyc,publication_evidence,7342,1a3921bc1363ee7391f3279d88a5d634e9d297bec132f7c22cffcd6ba62d7b86,test_evidence
publication,REPRO:publication/outputs/final_gate_20260719_v2/work/cache/pycache/tmp/feast-final-gate-v2-wheel.K3bwKI/venv/lib/python3.11/site-packages/setuptools/glob.cpython-311.pyc,publication_evidence,8385,aaffc2ce6516378889bcba4a7d996f906e9d4cb19d7bfbb89182f10f987e16c8,test_evidence
publication,REPRO:publication/outputs/final_gate_20260719_v2/work/cache/pycache/tmp/feast-final-gate-v2-wheel.K3bwKI/venv/lib/python3.11/site-packages/setuptools/installer.cpython-311.pyc,publication_evidence,7458,f581af1149b1ad437a527c6ff3738b7e3671feafe0eff0e4c854fd251f0bad9e,test_evidence
publication,REPRO:publication/outputs/final_gate_20260719_v2/work/cache/pycache/tmp/feast-final-gate-v2-wheel.K3bwKI/venv/lib/python3.11/site-packages/setuptools/launch.cpython-311.pyc,publication_evidence,1569,9f48c68d0b29068a1b8b281356bf0246b4f63803c4fcbabb76260caa2c74f330,test_evidence
publication,REPRO:publication/outputs/final_gate_20260719_v2/work/cache/pycache/tmp/feast-final-gate-v2-wheel.K3bwKI/venv/lib/python3.11/site-packages/setuptools/logging.cpython-311.pyc,publication_evidence,2173,a9725c94789d47d42da9896838209048f7899c9638aed75b3289881919ed4dd7,test_evidence
publication,REPRO:publication/outputs/final_gate_20260719_v2/work/cache/pycache/tmp/feast-final-gate-v2-wheel.K3bwKI/venv/lib/python3.11/site-packages/setuptools/modified.cpython-311.pyc,publication_evidence,648,c3eee5f299f586da2896865aa1dec5000ce69838d11da5c8430370cab4b80afc,test_evidence
publication,REPRO:publication/outputs/final_gate_20260719_v2/work/cache/pycache/tmp/feast-final-gate-v2-wheel.K3bwKI/venv/lib/python3.11/site-packages/setuptools/monkey.cpython-311.pyc,publication_evidence,5504,b50989f8d5e6aabdc866e0919247239790197ae77daf7cc81ecf83548270f7ae,test_evidence
publication,REPRO:publication/outputs/final_gate_20260719_v2/work/cache/pycache/tmp/feast-final-gate-v2-wheel.K3bwKI/venv/lib/python3.11/site-packages/setuptools/msvc.cpython-311.pyc,publication_evidence,59846,331b2b968100648fca53eaca3f70424fff2379c9d14e3fe7c1d64e04e9a93c1b,test_evidence
publication,REPRO:publication/outputs/final_gate_20260719_v2/work/cache/pycache/tmp/feast-final-gate-v2-wheel.K3bwKI/venv/lib/python3.11/site-packages/setuptools/namespaces.cpython-311.pyc,publication_evidence,5867,aaf0da21e3abd8319f5b81afbb9d8e65548032e1b049bad4584812ad412df65d,test_evidence
publication,REPRO:publication/outputs/final_gate_20260719_v2/work/cache/pycache/tmp/feast-final-gate-v2-wheel.K3bwKI/venv/lib/python3.11/site-packages/setuptools/package_index.cpython-311.pyc,publication_evidence,61565,53d9be9288eef9f6103dc3fb5d9537e60011eb960d06fcba07513e2c65c84601,test_evidence
publication,REPRO:publication/outputs/final_gate_20260719_v2/work/cache/pycache/tmp/feast-final-gate-v2-wheel.K3bwKI/venv/lib/python3.11/site-packages/setuptools/sandbox.cpython-311.pyc,publication_evidence,27778,9bdebb9fa8f5628ee0239754424e4774e6f62904907c49220a1866057be9fe42,test_evidence
publication,REPRO:publication/outputs/final_gate_20260719_v2/work/cache/pycache/tmp/feast-final-gate-v2-wheel.K3bwKI/venv/lib/python3.11/site-packages/setuptools/tests/__init__.cpython-311.pyc,publication_evidence,717,c07b6a08e4728babe180c5966ff75da1196c8e700c5cd1fc104bfe12ac9f2dd7,test_evidence
publication,REPRO:publication/outputs/final_gate_20260719_v2/work/cache/pycache/tmp/feast-final-gate-v2-wheel.K3bwKI/venv/lib/python3.11/site-packages/setuptools/tests/compat/__init__.cpython-311.pyc,publication_evidence,216,88292b10f444e667a6148f1921d89e8262e62477993be69cb8851d175d063c23,test_evidence
publication,REPRO:publication/outputs/final_gate_20260719_v2/work/cache/pycache/tmp/feast-final-gate-v2-wheel.K3bwKI/venv/lib/python3.11/site-packages/setuptools/tests/compat/py39.cpython-311.pyc,publication_evidence,417,511db2e3be5af9cd585e2ac2b869abdf87a0726306b846f6b71f187ea420e352,test_evidence
publication,REPRO:publication/outputs/final_gate_20260719_v2/work/cache/pycache/tmp/feast-final-gate-v2-wheel.K3bwKI/venv/lib/python3.11/site-packages/setuptools/tests/config/__init__.cpython-311.pyc,publication_evidence,216,f173ba20892fbc6c074a5ffe4df01ac6209cd89ab67e2f1821f50441e7106671,test_evidence
publication,REPRO:publication/outputs/final_gate_20260719_v2/work/cache/pycache/tmp/feast-final-gate-v2-wheel.K3bwKI/venv/lib/python3.11/site-packages/setuptools/tests/config/downloads/__init__.cpython-311.pyc,publication_evidence,3915,36010aa8d5ffe7604b85942234652e037b8fe40ba598605b21dca2961fcb5082,test_evidence
publication,REPRO:publication/outputs/final_gate_20260719_v2/work/cache/pycache/tmp/feast-final-gate-v2-wheel.K3bwKI/venv/lib/python3.11/site-packages/setuptools/tests/config/downloads/preload.cpython-311.pyc,publication_evidence,908,ce310903e7fa53c21fb7460082b45d777f9faeedb09f773da306e69349f098cd,test_evidence
publication,REPRO:publication/outputs/final_gate_20260719_v2/work/cache/pycache/tmp/feast-final-gate-v2-wheel.K3bwKI/venv/lib/python3.11/site-packages/setuptools/tests/config/test_apply_pyprojecttoml.cpython-311.pyc,publication_evidence,46658,01dcf30d115a6df091cb284122ee5d70053509330048f09bc457655383393fea,test_evidence
publication,REPRO:publication/outputs/final_gate_20260719_v2/work/cache/pycache/tmp/feast-final-gate-v2-wheel.K3bwKI/venv/lib/python3.11/site-packages/setuptools/tests/config/test_expand.cpython-311.pyc,publication_evidence,13820,edc4638001da5d24cf203579edbc1ec18906f7ea0dcb07bd5ba21507b8a2f697,test_evidence
publication,REPRO:publication/outputs/final_gate_20260719_v2/work/cache/pycache/tmp/feast-final-gate-v2-wheel.K3bwKI/venv/lib/python3.11/site-packages/setuptools/tests/config/test_pyprojecttoml.cpython-311.pyc,publication_evidence,18483,eadef2c0f4af300a2c80e6f900ad82d4cca32d0fe1d008b98ac0d0a7ff6d69e8,test_evidence
publication,REPRO:publication/outputs/final_gate_20260719_v2/work/cache/pycache/tmp/feast-final-gate-v2-wheel.K3bwKI/venv/lib/python3.11/site-packages/setuptools/tests/config/test_pyprojecttoml_dynamic_deps.cpython-311.pyc,publication_evidence,4776,541aed6f3bb8a061abc3b533188507bf4dec4ab1b6cf100deadb21c9e65c9cdd,test_evidence
publication,REPRO:publication/outputs/final_gate_20260719_v2/work/cache/pycache/tmp/feast-final-gate-v2-wheel.K3bwKI/venv/lib/python3.11/site-packages/setuptools/tests/config/test_setupcfg.cpython-311.pyc,publication_evidence,53172,0eb658f293f201af101760e7c40ab7328498b68af9049acbb28a6bfd5479be55,test_evidence
publication,REPRO:publication/outputs/final_gate_20260719_v2/work/cache/pycache/tmp/feast-final-gate-v2-wheel.K3bwKI/venv/lib/python3.11/site-packages/setuptools/tests/contexts.cpython-311.pyc,publication_evidence,7766,18a2cd13cbf24a51ced95ffb756f9b2ecb6e31a01d210eacf7babc2b9ecc57f9,test_evidence
publication,REPRO:publication/outputs/final_gate_20260719_v2/work/cache/pycache/tmp/feast-final-gate-v2-wheel.K3bwKI/venv/lib/python3.11/site-packages/setuptools/tests/environment.cpython-311.pyc,publication_evidence,3876,622bcaacac4be73eaf6d3b0c0aad0ea61389432060d63c50f46833346dddfb78,test_evidence
publication,REPRO:publication/outputs/final_gate_20260719_v2/work/cache/pycache/tmp/feast-final-gate-v2-wheel.K3bwKI/venv/lib/python3.11/site-packages/setuptools/tests/fixtures.cpython-311.pyc,publication_evidence,8319,504b8c607bb13bbc4a1ac8217c12a4865b586d44a386997748d52a5af0600ea2,test_evidence
publication,REPRO:publication/outputs/final_gate_20260719_v2/work/cache/pycache/tmp/feast-final-gate-v2-wheel.K3bwKI/venv/lib/python3.11/site-packages/setuptools/tests/integration/__init__.cpython-311.pyc,publication_evidence,221,1edd5ce6bded3819800f3ea4c25d86add5dcbb2f8d52d9da93128abe6625a379,test_evidence
publication,REPRO:publication/outputs/final_gate_20260719_v2/work/cache/pycache/tmp/feast-final-gate-v2-wheel.K3bwKI/venv/lib/python3.11/site-packages/setuptools/tests/integration/helpers.cpython-311.pyc,publication_evidence,5386,c7a8cb315c01f41d54de4ec9da09b8beca340e7ea5d5ab57943c7ef2a115e481,test_evidence
publication,REPRO:publication/outputs/final_gate_20260719_v2/work/cache/pycache/tmp/feast-final-gate-v2-wheel.K3bwKI/venv/lib/python3.11/site-packages/setuptools/tests/integration/test_pip_install_sdist.cpython-311.pyc,publication_evidence,10572,b09a46baec0b3d5094d0ec768bbaf3ee98887493ea68bd6dccc2cd3f2ead7354,test_evidence
publication,REPRO:publication/outputs/final_gate_20260719_v2/work/cache/pycache/tmp/feast-final-gate-v2-wheel.K3bwKI/venv/lib/python3.11/site-packages/setuptools/tests/mod_with_constant.cpython-311.pyc,publication_evidence,238,1615ebc8e1a7e6d6908832d410fb43383b4af0acb19c90d51ce690615ae76850,test_evidence
publication,REPRO:publication/outputs/final_gate_20260719_v2/work/cache/pycache/tmp/feast-final-gate-v2-wheel.K3bwKI/venv/lib/python3.11/site-packages/setuptools/tests/namespaces.cpython-311.pyc,publication_evidence,4691,465111edac19c62c5484a5fefb879bd98fee3aef5bc422300acf5034ee4e4b94,test_evidence
publication,REPRO:publication/outputs/final_gate_20260719_v2/work/cache/pycache/tmp/feast-final-gate-v2-wheel.K3bwKI/venv/lib/python3.11/site-packages/setuptools/tests/script-with-bom.cpython-311.pyc,publication_evidence,232,29bf2babab7f4fe5dd0714bf021ee3b63ce99a56725de845bdee5463c2a893d0,test_evidence
publication,REPRO:publication/outputs/final_gate_20260719_v2/work/cache/pycache/tmp/feast-final-gate-v2-wheel.K3bwKI/venv/lib/python3.11/site-packages/setuptools/tests/server.cpython-311.pyc,publication_evidence,5300,63bccbc76da34d857a8e88428725374c5047b7d9091a25dfaf652098d2ea47ca,test_evidence
publication,REPRO:publication/outputs/final_gate_20260719_v2/work/cache/pycache/tmp/feast-final-gate-v2-wheel.K3bwKI/venv/lib/python3.11/site-packages/setuptools/tests/test_archive_util.cpython-311.pyc,publication_evidence,2179,25595bb07cacf3d2d243760208898f3f3e0db2d8d609b02138a0731c5849a32f,test_evidence
publication,REPRO:publication/outputs/final_gate_20260719_v2/work/cache/pycache/tmp/feast-final-gate-v2-wheel.K3bwKI/venv/lib/python3.11/site-packages/setuptools/tests/test_bdist_deprecations.cpython-311.pyc,publication_evidence,1825,2be44b9d176e7414618e98c3ac4e2415d029f3926352ac680a2b4f0db69c264d,test_evidence
publication,REPRO:publication/outputs/final_gate_20260719_v2/work/cache/pycache/tmp/feast-final-gate-v2-wheel.K3bwKI/venv/lib/python3.11/site-packages/setuptools/tests/test_bdist_egg.cpython-311.pyc,publication_evidence,4925,80ebb3cde6972734db94b94482eff2e96a0428386c7f66e6cdc66f51081f721d,test_evidence
publication,REPRO:publication/outputs/final_gate_20260719_v2/work/cache/pycache/tmp/feast-final-gate-v2-wheel.K3bwKI/venv/lib/python3.11/site-packages/setuptools/tests/test_bdist_wheel.cpython-311.pyc,publication_evidence,39362,fe42453c610bda9e53b28a75660fa0ed84423f5c1bce3a3537e5b76b907caa3a,test_evidence
publication,REPRO:publication/outputs/final_gate_20260719_v2/work/cache/pycache/tmp/feast-final-gate-v2-wheel.K3bwKI/venv/lib/python3.11/site-packages/setuptools/tests/test_build.cpython-311.pyc,publication_evidence,1862,e112f4e972ff2e1d5439a377ccf6836732726bd7e48ae51ac13969c487e7d452,test_evidence
publication,REPRO:publication/outputs/final_gate_20260719_v2/work/cache/pycache/tmp/feast-final-gate-v2-wheel.K3bwKI/venv/lib/python3.11/site-packages/setuptools/tests/test_build_clib.cpython-311.pyc,publication_evidence,4718,e7f185ebc65e5a8bde7d01b3d138d63297c20e3e3bc04b94fb5989fab9359773,test_evidence
publication,REPRO:publication/outputs/final_gate_20260719_v2/work/cache/pycache/tmp/feast-final-gate-v2-wheel.K3bwKI/venv/lib/python3.11/site-packages/setuptools/tests/test_build_ext.cpython-311.pyc,publication_evidence,15248,e8ab1030fedb3ecbc840bde95d7492773293d0927995dda766c2e3e28d1f3146,test_evidence
publication,REPRO:publication/outputs/final_gate_20260719_v2/work/cache/pycache/tmp/feast-final-gate-v2-wheel.K3bwKI/venv/lib/python3.11/site-packages/setuptools/tests/test_build_meta.cpython-311.pyc,publication_evidence,48957,66bb431614bb60ba97ac37139c8858776695442d09a9673868e4a8e08ed1bc30,test_evidence
publication,REPRO:publication/outputs/final_gate_20260719_v2/work/cache/pycache/tmp/feast-final-gate-v2-wheel.K3bwKI/venv/lib/python3.11/site-packages/setuptools/tests/test_build_py.cpython-311.pyc,publication_evidence,19291,af0c52ac438193c5fde2603607b5f9ebad9d356f4466bb4cca21e46371d0c966,test_evidence
publication,REPRO:publication/outputs/final_gate_20260719_v2/work/cache/pycache/tmp/feast-final-gate-v2-wheel.K3bwKI/venv/lib/python3.11/site-packages/setuptools/tests/test_config_discovery.cpython-311.pyc,publication_evidence,35374,242ab41e77695aad195d8e7714271ddf638d5a7ef28c84b65eee7e784b03dd40,test_evidence
publication,REPRO:publication/outputs/final_gate_20260719_v2/work/cache/pycache/tmp/feast-final-gate-v2-wheel.K3bwKI/venv/lib/python3.11/site-packages/setuptools/tests/test_core_metadata.cpython-311.pyc,publication_evidence,26426,1942204ef8c4badae0a6819731bf58657da2b9701c478e61a01ac70142169b9a,test_evidence
publication,REPRO:publication/outputs/final_gate_20260719_v2/work/cache/pycache/tmp/feast-final-gate-v2-wheel.K3bwKI/venv/lib/python3.11/site-packages/setuptools/tests/test_depends.cpython-311.pyc,publication_evidence,1054,99ee178dd394239cab868f818573ce79d0c1d7e1027af7eb16ee52ba8706b97c,test_evidence
publication,REPRO:publication/outputs/final_gate_20260719_v2/work/cache/pycache/tmp/feast-final-gate-v2-wheel.K3bwKI/venv/lib/python3.11/site-packages/setuptools/tests/test_develop.cpython-311.pyc,publication_evidence,10166,bf7b54f01418d358a3f0babee637a40042e0587fa7c781b680456b7ff0e4b440,test_evidence
publication,REPRO:publication/outputs/final_gate_20260719_v2/work/cache/pycache/tmp/feast-final-gate-v2-wheel.K3bwKI/venv/lib/python3.11/site-packages/setuptools/tests/test_dist.cpython-311.pyc,publication_evidence,13035,d84035e8fb0488029401d7a3a991a43d58e90d9b505d6578ad27d336e253f2cb,test_evidence
publication,REPRO:publication/outputs/final_gate_20260719_v2/work/cache/pycache/tmp/feast-final-gate-v2-wheel.K3bwKI/venv/lib/python3.11/site-packages/setuptools/tests/test_dist_info.cpython-311.pyc,publication_evidence,12385,427d625178897e0c5505cf05c0d40a8ee579a7350fef5348ebf780215c98f212,test_evidence
publication,REPRO:publication/outputs/final_gate_20260719_v2/work/cache/pycache/tmp/feast-final-gate-v2-wheel.K3bwKI/venv/lib/python3.11/site-packages/setuptools/tests/test_distutils_adoption.cpython-311.pyc,publication_evidence,8787,348ae8b65b0a05948124c932f03e1da4edd609c020954f8a0f35c2cf42556278,test_evidence
publication,REPRO:publication/outputs/final_gate_20260719_v2/work/cache/pycache/tmp/feast-final-gate-v2-wheel.K3bwKI/venv/lib/python3.11/site-packages/setuptools/tests/test_easy_install.cpython-311.pyc,publication_evidence,81647,d7b827d64d867e10a2bb7a5f5cdf39ba6e2dc37f04258397747a321cb67f6bf0,test_evidence
publication,REPRO:publication/outputs/final_gate_20260719_v2/work/cache/pycache/tmp/feast-final-gate-v2-wheel.K3bwKI/venv/lib/python3.11/site-packages/setuptools/tests/test_editable_install.cpython-311.pyc,publication_evidence,68054,ce0a0b014d90d5a2bdb3fe0d26a7749df212127d81754e0140eca993d2ce1b31,test_evidence
publication,REPRO:publication/outputs/final_gate_20260719_v2/work/cache/pycache/tmp/feast-final-gate-v2-wheel.K3bwKI/venv/lib/python3.11/site-packages/setuptools/tests/test_egg_info.cpython-311.pyc,publication_evidence,54711,ee8f0d9b131a8a8e8e89a1d562bf4644a858b9f371f5779e40f8ee283e5e7397,test_evidence
publication,REPRO:publication/outputs/final_gate_20260719_v2/work/cache/pycache/tmp/feast-final-gate-v2-wheel.K3bwKI/venv/lib/python3.11/site-packages/setuptools/tests/test_extern.cpython-311.pyc,publication_evidence,944,2fabaef244e9a19ba7a9be9360a4ed9f23ebaae1e981356810b61fd1008ca3d8,test_evidence
publication,REPRO:publication/outputs/final_gate_20260719_v2/work/cache/pycache/tmp/feast-final-gate-v2-wheel.K3bwKI/venv/lib/python3.11/site-packages/setuptools/tests/test_find_packages.cpython-311.pyc,publication_evidence,13162,2875f2b4cf64adfa89d56b23c5f14e3ca6bb1bf77863e8224975e5e52ad8cb69,test_evidence
publication,REPRO:publication/outputs/final_gate_20260719_v2/work/cache/pycache/tmp/feast-final-gate-v2-wheel.K3bwKI/venv/lib/python3.11/site-packages/setuptools/tests/test_find_py_modules.cpython-311.pyc,publication_evidence,4258,3183ed9b30d41a1fe7d3b5b8055da390bc8d78a18959999f699aa1aa1a874843,test_evidence
publication,REPRO:publication/outputs/final_gate_20260719_v2/work/cache/pycache/tmp/feast-final-gate-v2-wheel.K3bwKI/venv/lib/python3.11/site-packages/setuptools/tests/test_glob.cpython-311.pyc,publication_evidence,1550,427afd614a0eefd3328a51831d0962f6b7d506779f3a71e34646529176e446d5,test_evidence
publication,REPRO:publication/outputs/final_gate_20260719_v2/work/cache/pycache/tmp/feast-final-gate-v2-wheel.K3bwKI/venv/lib/python3.11/site-packages/setuptools/tests/test_install_scripts.cpython-311.pyc,publication_evidence,7471,86b81e0ddfbeedc684405512d396959fbb6ee0e3b774ccea7b72760fdf6cb70f,test_evidence
publication,REPRO:publication/outputs/final_gate_20260719_v2/work/cache/pycache/tmp/feast-final-gate-v2-wheel.K3bwKI/venv/lib/python3.11/site-packages/setuptools/tests/test_logging.cpython-311.pyc,publication_evidence,3462,a9972b0cd91351376cb59c397c3d08339656221e9fc3414ff3d262135a834298,test_evidence
publication,REPRO:publication/outputs/final_gate_20260719_v2/work/cache/pycache/tmp/feast-final-gate-v2-wheel.K3bwKI/venv/lib/python3.11/site-packages/setuptools/tests/test_manifest.cpython-311.pyc,publication_evidence,30833,5366ac5de2a8ee17cec0085278f5ba190a13a217cdf0efeddab229e5b4065468,test_evidence
publication,REPRO:publication/outputs/final_gate_20260719_v2/work/cache/pycache/tmp/feast-final-gate-v2-wheel.K3bwKI/venv/lib/python3.11/site-packages/setuptools/tests/test_namespaces.cpython-311.pyc,publication_evidence,6401,72581e310a518b20fbcd739f63b3ad2f81d3018f14205a4e2bba8fe911ea4148,test_evidence
publication,REPRO:publication/outputs/final_gate_20260719_v2/work/cache/pycache/tmp/feast-final-gate-v2-wheel.K3bwKI/venv/lib/python3.11/site-packages/setuptools/tests/test_packageindex.cpython-311.pyc,publication_evidence,20517,fd7b8b5582c7e3abe7b2030eaae22239011908b5b0a852a99ddd8fcbd7a3dfee,test_evidence
publication,REPRO:publication/outputs/final_gate_20260719_v2/work/cache/pycache/tmp/feast-final-gate-v2-wheel.K3bwKI/venv/lib/python3.11/site-packages/setuptools/tests/test_sandbox.cpython-311.pyc,publication_evidence,11496,723501d182e52a8930fef00db007fa13fe92638142500425f5da18c18aab6853,test_evidence
publication,REPRO:publication/outputs/final_gate_20260719_v2/work/cache/pycache/tmp/feast-final-gate-v2-wheel.K3bwKI/venv/lib/python3.11/site-packages/setuptools/tests/test_sdist.cpython-311.pyc,publication_evidence,53479,6a14685be36245c4a2cdf7c9f944d571e2e88c8170e3713d8f89f5262a404fb3,test_evidence
publication,REPRO:publication/outputs/final_gate_20260719_v2/work/cache/pycache/tmp/feast-final-gate-v2-wheel.K3bwKI/venv/lib/python3.11/site-packages/setuptools/tests/test_setopt.cpython-311.pyc,publication_evidence,3489,0fb9508e664546016bd4d50b1462ba00fa62cac619c27e757690ffb0b54f4bb9,test_evidence
publication,REPRO:publication/outputs/final_gate_20260719_v2/work/cache/pycache/tmp/feast-final-gate-v2-wheel.K3bwKI/venv/lib/python3.11/site-packages/setuptools/tests/test_setuptools.cpython-311.pyc,publication_evidence,20437,64f6b64ff758449f3475aa19dfdb35218ff7f0aab73a4a3a2e559f590b99a101,test_evidence
publication,REPRO:publication/outputs/final_gate_20260719_v2/work/cache/pycache/tmp/feast-final-gate-v2-wheel.K3bwKI/venv/lib/python3.11/site-packages/setuptools/tests/test_shutil_wrapper.cpython-311.pyc,publication_evidence,1504,8a65033315ab581457a57e161443b70c08ed189a9d49e5e15e1ae56b7c794e63,test_evidence
publication,REPRO:publication/outputs/final_gate_20260719_v2/work/cache/pycache/tmp/feast-final-gate-v2-wheel.K3bwKI/venv/lib/python3.11/site-packages/setuptools/tests/test_unicode_utils.cpython-311.pyc,publication_evidence,883,8feb55b97f62685b3b24009e495e8bc9d0cfeee8c5e01f25f01e6c2f9274a7c7,test_evidence
publication,REPRO:publication/outputs/final_gate_20260719_v2/work/cache/pycache/tmp/feast-final-gate-v2-wheel.K3bwKI/venv/lib/python3.11/site-packages/setuptools/tests/test_virtualenv.cpython-311.pyc,publication_evidence,4957,17cff60fa44d29dfa7fed223858bc55b55e6c8e43a5424d05d0a74251a5579dc,test_evidence
publication,REPRO:publication/outputs/final_gate_20260719_v2/work/cache/pycache/tmp/feast-final-gate-v2-wheel.K3bwKI/venv/lib/python3.11/site-packages/setuptools/tests/test_warnings.cpython-311.pyc,publication_evidence,4676,780239bf73c90c8965e795e8abfba74b50f15df9f8cbc55d64627420aaf714ad,test_evidence
publication,REPRO:publication/outputs/final_gate_20260719_v2/work/cache/pycache/tmp/feast-final-gate-v2-wheel.K3bwKI/venv/lib/python3.11/site-packages/setuptools/tests/test_wheel.cpython-311.pyc,publication_evidence,23446,d4a1e46baab3a090adcba24573682dd5da93773210ddb2b6afad56c3e1826de9,test_evidence
publication,REPRO:publication/outputs/final_gate_20260719_v2/work/cache/pycache/tmp/feast-final-gate-v2-wheel.K3bwKI/venv/lib/python3.11/site-packages/setuptools/tests/test_windows_wrappers.cpython-311.pyc,publication_evidence,11469,a5669bab0a26c559b700bfb0b65e6f487abb835c49b029945cd8165825e5fbaf,test_evidence
publication,REPRO:publication/outputs/final_gate_20260719_v2/work/cache/pycache/tmp/feast-final-gate-v2-wheel.K3bwKI/venv/lib/python3.11/site-packages/setuptools/tests/text.cpython-311.pyc,publication_evidence,617,a7cfe4f82d2b592262e249a6e2b029654454034cdabe3a1dd86f0c14281e8bfb,test_evidence
publication,REPRO:publication/outputs/final_gate_20260719_v2/work/cache/pycache/tmp/feast-final-gate-v2-wheel.K3bwKI/venv/lib/python3.11/site-packages/setuptools/tests/textwrap.cpython-311.pyc,publication_evidence,487,aebe5d2e4aed2d9756eec46d8455d6c9f369280aa3925602fa50d23a8f7d7999,test_evidence
publication,REPRO:publication/outputs/final_gate_20260719_v2/work/cache/pycache/tmp/feast-final-gate-v2-wheel.K3bwKI/venv/lib/python3.11/site-packages/setuptools/unicode_utils.cpython-311.pyc,publication_evidence,4999,e85194bd942a4295f355ffe318da6540c7a2fb5cc0c44404b75b61bc0cc54adf,test_evidence
publication,REPRO:publication/outputs/final_gate_20260719_v2/work/cache/pycache/tmp/feast-final-gate-v2-wheel.K3bwKI/venv/lib/python3.11/site-packages/setuptools/version.cpython-311.pyc,publication_evidence,463,a943c209e82e2d4101f3f2a388d07229ee54e6471c29c58309f612f88e331bca,test_evidence
publication,REPRO:publication/outputs/final_gate_20260719_v2/work/cache/pycache/tmp/feast-final-gate-v2-wheel.K3bwKI/venv/lib/python3.11/site-packages/setuptools/warnings.cpython-311.pyc,publication_evidence,5800,0add108510ed4cbc55f67332659cf3d38ed40eaca1f380a64cbfda8b7f3f541f,test_evidence
publication,REPRO:publication/outputs/final_gate_20260719_v2/work/cache/pycache/tmp/feast-final-gate-v2-wheel.K3bwKI/venv/lib/python3.11/site-packages/setuptools/wheel.cpython-311.pyc,publication_evidence,15471,4d1087908bb7437ef8d55390adb18f0f5767e91d34c26cb2310659d850452a4f,test_evidence
publication,REPRO:publication/outputs/final_gate_20260719_v2/work/cache/pycache/tmp/feast-final-gate-v2-wheel.K3bwKI/venv/lib/python3.11/site-packages/setuptools/windows_support.cpython-311.pyc,publication_evidence,1461,146c916cf2b0ecb7560b222a086387312bc0befae5093ee6e560f089a08845e2,test_evidence
publication,REPRO:publication/outputs/final_gate_20260719_v2/work/cache/wheel_matplotlib/fontlist-v3.11.0.json,publication_evidence,166598,5c0ec8ab65ac3f8b53397c6ffe45839aa5334b8536e1cc783e3c05e3727554fd,test_evidence
publication,REPRO:publication/outputs/final_gate_20260719_v2/work/source_snapshot/LICENSE,publication_evidence,1064,e6d39bcf5f0eb747d52d7e557610c860eeb7baf4e47500636c5fe395cb84e26e,test_evidence
publication,REPRO:publication/outputs/final_gate_20260719_v2/work/source_snapshot/PUBLICATION_RELEASE_CHECKLIST.md,publication_evidence,7515,3cae109829ca7550d50165c429eb44f0d0c7c5a052a38308573237021fa87163,test_evidence
publication,REPRO:publication/outputs/final_gate_20260719_v2/work/source_snapshot/README.md,publication_evidence,10209,6d4ef7ffcd96dcf3167ca4065c0369a2205cdc3c1ec86723e3cfaef569381a23,test_evidence
publication,REPRO:publication/outputs/final_gate_20260719_v2/work/source_snapshot/docs/requirements.txt,publication_evidence,40,29707574a8787b18bba813ae3699d6c8b9896e4eb62b2c8ac004833e6c6db30c,test_evidence
publication,REPRO:publication/outputs/final_gate_20260719_v2/work/source_snapshot/docs/source/_static/custom.css,publication_evidence,31,57d4f5ca686551ad4167ccd380e0306b5e5d9aea3825cd98441fadc67211c255,test_evidence
publication,REPRO:publication/outputs/final_gate_20260719_v2/work/source_snapshot/docs/source/api.rst,publication_evidence,1979,dfbf6641ad22e93b9fb7347f61d40dc0e1621a49854793ea81006052cad93db3,test_evidence
publication,REPRO:publication/outputs/final_gate_20260719_v2/work/source_snapshot/docs/source/conf.py,publication_evidence,893,6788e4e267d987cc21faf04bc83769c9f52442fb1f6ea071673f2a52e16c0198,test_evidence
publication,REPRO:publication/outputs/final_gate_20260719_v2/work/source_snapshot/docs/source/index.rst,publication_evidence,1405,b0c54f1344db13cbd2f7b092b22063601885914405aef348938bcc20b41b9dfc,test_evidence
publication,REPRO:publication/outputs/final_gate_20260719_v2/work/source_snapshot/docs/source/installation.rst,publication_evidence,1477,d66f12a4c7aa3b50cece5053f8e355defd1bec87acf0573806b195bef32ce56b,test_evidence
publication,REPRO:publication/outputs/final_gate_20260719_v2/work/source_snapshot/docs/source/tutorials.rst,publication_evidence,4792,edb9637b7dc6af9c288b59a90343d993034d51bd6a246443f688dc9741c984dd,test_evidence
publication,REPRO:publication/outputs/final_gate_20260719_v2/work/source_snapshot/pyproject.toml,publication_evidence,1355,2de17a7a7b5c0636be1b1a37c8f489ee9124f55b0407799c11a058ba81bcc42b,test_evidence
publication,REPRO:publication/outputs/final_gate_20260719_v2/work/source_snapshot/setup.py,publication_evidence,106,e893158cb4704cd06968a4ba1c9113990a6eb75e0a85ae184c4339b5ad0fe05a,test_evidence
publication,REPRO:publication/outputs/final_gate_20260719_v2/work/source_snapshot/src/FEAST/FEAST_core/__init__.py,publication_evidence,902,bc858199ce65a720941cf7ad780a85d7cf1058d31ea4c1e69510830c33634237,test_evidence
publication,REPRO:publication/outputs/final_gate_20260719_v2/work/source_snapshot/src/FEAST/FEAST_core/count_decoding.py,publication_evidence,21878,20632c421ef8b2a7226829139c6cc21bdace21419ed587f51a810c991a0501e5,test_evidence
publication,REPRO:publication/outputs/final_gate_20260719_v2/work/source_snapshot/src/FEAST/FEAST_core/parameter_cloud.py,publication_evidence,58885,906331c9d5c4b11ff67ecd4d41ad4a915083b0ccd04f9165d6a5514c40a3a735,test_evidence
publication,REPRO:publication/outputs/final_gate_20260719_v2/work/source_snapshot/src/FEAST/FEAST_core/simulator.py,publication_evidence,41794,4cee914adfad0046bb1e500a8106d07a1c4795066d8bef793f09ebc495934654,test_evidence
publication,REPRO:publication/outputs/final_gate_20260719_v2/work/source_snapshot/src/FEAST/FEAST_core/theta_transform.py,publication_evidence,1447,e251545f4eeaf3c6cd7b47b2adcd4106aa6ab0e71bb22ef9137ba88252bc3195,test_evidence
publication,REPRO:publication/outputs/final_gate_20260719_v2/work/source_snapshot/src/FEAST/__init__.py,publication_evidence,15645,60305adfdee6ddcdc4f531e5897e87da7181fa49ade4cdcaf205a316cc79b5d8,test_evidence
publication,REPRO:publication/outputs/final_gate_20260719_v2/work/source_snapshot/src/FEAST/alignment/__init__.py,publication_evidence,713,09715cb21d100b23323610255136fc319250dd6c49c5aae97b84391598c72c57,test_evidence
publication,REPRO:publication/outputs/final_gate_20260719_v2/work/source_snapshot/src/FEAST/alignment/alignment_simulator.py,publication_evidence,31111,053c064e538476e04a8b7a559fcb75f06023423f96f9973dec807de97afaa706,test_evidence
publication,REPRO:publication/outputs/final_gate_20260719_v2/work/source_snapshot/src/FEAST/alignment/spatial_align_alter.py,publication_evidence,18780,0fe856658c3ee1e5c3a97ba2a97eec4ee5aaf0bc9f86347e8c38deb48f2ed464,test_evidence
publication,REPRO:publication/outputs/final_gate_20260719_v2/work/source_snapshot/src/FEAST/de_novo/__init__.py,publication_evidence,1795,14fb94ff9965315d315f995f3a2119b105ece9ca42db0dcb7ed39c32eae75c83,test_evidence
publication,REPRO:publication/outputs/final_gate_20260719_v2/work/source_snapshot/src/FEAST/de_novo/_metadata.py,publication_evidence,3438,dac7cd0379c860a9661890877c99e72ee90fd346a48f38d376e29f1d9cb26ccf,test_evidence
publication,REPRO:publication/outputs/final_gate_20260719_v2/work/source_snapshot/src/FEAST/de_novo/_ot_transport.py,publication_evidence,4976,ea2ba6a5e4699b6e328b7fed3558c2d8090b95a717c01b8a11fd61de85d5640e,test_evidence
publication,REPRO:publication/outputs/final_gate_20260719_v2/work/source_snapshot/src/FEAST/de_novo/builder.py,publication_evidence,25519,25ef0a4d148ac5a3cd066c18d4e19815dabaad369b9861ac9b139b77245f5393,test_evidence
publication,REPRO:publication/outputs/final_gate_20260719_v2/work/source_snapshot/src/FEAST/de_novo/conditional.py,publication_evidence,50113,ce7f5326923bc60ac126616214750a8800d325dfef3d2ebce7bd487c18ae0934,test_evidence
publication,REPRO:publication/outputs/final_gate_20260719_v2/work/source_snapshot/src/FEAST/de_novo/core.py,publication_evidence,8465,c1d037042687da674436cc141138db3773a0bb09dd5764ea62f1e81484c0b4dc,test_evidence
publication,REPRO:publication/outputs/final_gate_20260719_v2/work/source_snapshot/src/FEAST/de_novo/pattern.py,publication_evidence,15716,7baed5110af8b70d7da2db687dd9fde612951d41ce98218b1e0afb13cf37a327,test_evidence
publication,REPRO:publication/outputs/final_gate_20260719_v2/work/source_snapshot/src/FEAST/de_novo/quantile_field.py,publication_evidence,19162,9a2fcf91cd348ed6972c4d70077f5bcf565b882627d87c3b7c986954ea051dd5,test_evidence
publication,REPRO:publication/outputs/final_gate_20260719_v2/work/source_snapshot/src/FEAST/de_novo/stack.py,publication_evidence,8455,c63e1006ac4157a28fba0e8560e834e4b046ce8955a0a7da66d35dde481d0048,test_evidence
publication,REPRO:publication/outputs/final_gate_20260719_v2/work/source_snapshot/src/FEAST/de_novo/transport.py,publication_evidence,12441,ad2a2019391935007b849277cd8d0f25b1046d2f7097be43149d1a467fb89d64,test_evidence
publication,REPRO:publication/outputs/final_gate_20260719_v2/work/source_snapshot/src/FEAST/de_novo/z_regularize.py,publication_evidence,10767,77fdab45b7ef538141c775de480a2a8238cb8e47fe313a331a3f8c9c95930e6d,test_evidence
publication,REPRO:publication/outputs/final_gate_20260719_v2/work/source_snapshot/src/FEAST/de_novo/z_spot_smooth.py,publication_evidence,20153,dfbbbb77dce21bbaf5f63dd612c53e72cc1dd011a36970329e2de65e20137285,test_evidence
publication,REPRO:publication/outputs/final_gate_20260719_v2/work/source_snapshot/src/FEAST/deconvolution/__init__.py,publication_evidence,898,c5d4901e81e447b3dad91566cac14dfdb4b1445b43590667eaacdcd3fb4a98c1,test_evidence
publication,REPRO:publication/outputs/final_gate_20260719_v2/work/source_snapshot/src/FEAST/deconvolution/deconvolution_simulator.py,publication_evidence,14668,e3520adb675a33537cbbe6633a15e3d633ebecf278fcfa117a8950bfef2fb08e,test_evidence
publication,REPRO:publication/outputs/final_gate_20260719_v2/work/source_snapshot/src/FEAST/deconvolution/generate_deconvolution.py,publication_evidence,6889,c2c909774273839144358ad5aacea50dbc5f08950e58c864a9ca51ad3100bae1,test_evidence
publication,REPRO:publication/outputs/final_gate_20260719_v2/work/source_snapshot/src/FEAST/modeling/Beta_mixture_model.py,publication_evidence,19458,e9d7b838456c1bfa66debb0cfb8a5649aab32d4b72f99322837baad5dc4fd883,test_evidence
publication,REPRO:publication/outputs/final_gate_20260719_v2/work/source_snapshot/src/FEAST/modeling/StudentT_mixture_model.py,publication_evidence,14204,cfa314a42ca804ac1c691f0cdb360609ff0b99d68c9e856edf6273533fbe0de0,test_evidence
publication,REPRO:publication/outputs/final_gate_20260719_v2/work/source_snapshot/src/FEAST/modeling/__init__.py,publication_evidence,0,e3b0c44298fc1c149afbf4c8996fb92427ae41e4649b934ca495991b7852b855,test_evidence
publication,REPRO:publication/outputs/final_gate_20260719_v2/work/source_snapshot/src/FEAST/modeling/marginal_alteration.py,publication_evidence,23183,0595dcd23ae3b75c6e5540fbb88ffcbd5c9753e3a71586e3afc5eb5e84ddf292,test_evidence
publication,REPRO:publication/outputs/final_gate_20260719_v2/work/source_snapshot/src/FEAST_py.egg-info/PKG-INFO,publication_evidence,11642,0ec144a6b5c068532bf3602887f6748d60ee4022d388349fd4db09777c6269b3,test_evidence
publication,REPRO:publication/outputs/final_gate_20260719_v2/work/source_snapshot/src/FEAST_py.egg-info/SOURCES.txt,publication_evidence,1698,774b74b276b8f5ef06e73fb387e8b3eea46cec674f5c81830e6643dce734dd45,test_evidence
publication,REPRO:publication/outputs/final_gate_20260719_v2/work/source_snapshot/src/FEAST_py.egg-info/dependency_links.txt,publication_evidence,1,01ba4719c80b6fe911b091a7c05124b64eeece964e09c058ef8f9805daca546b,test_evidence
publication,REPRO:publication/outputs/final_gate_20260719_v2/work/source_snapshot/src/FEAST_py.egg-info/requires.txt,publication_evidence,432,e06eb1934226dfa859cc2d5e81e3593e4e1f98e96aaf21fed30d553caa4ccf8c,test_evidence
publication,REPRO:publication/outputs/final_gate_20260719_v2/work/source_snapshot/src/FEAST_py.egg-info/top_level.txt,publication_evidence,6,db8bbe8f29f4fda50e8379f67c6d501aed09f6c75d1798039b2f96eb9b2ce0e6,test_evidence
publication,REPRO:publication/outputs/final_gate_20260719_v2/work/source_snapshot/tests/test_alignment_rotation.py,publication_evidence,2117,9f652ca311794e613a2906acb3a9c98af3e19eb723027993e8f59fe445a9a650,test_evidence
publication,REPRO:publication/outputs/final_gate_20260719_v2/work/source_snapshot/tests/test_core_simulator.py,publication_evidence,4240,ada3b970f592a54c426653ea83296fdeb3c21d1470e5df23485db1e79687e7dc,test_evidence
publication,REPRO:publication/outputs/final_gate_20260719_v2/work/source_snapshot/tests/test_count_decoding.py,publication_evidence,3603,4273722b9e6778b064bd1a8766fcf59d4a9425bccf25279514bf04e4439951c2,test_evidence
publication,REPRO:publication/outputs/final_gate_20260719_v2/work/source_snapshot/tests/test_de_novo_blueprint.py,publication_evidence,2079,6254c125a7b8296af9dc7950b701704b3133288804d49ffb963a273f147c09b0,test_evidence
publication,REPRO:publication/outputs/final_gate_20260719_v2/work/source_snapshot/tests/test_de_novo_conditional_generation.py,publication_evidence,1639,4f24a2b66eaed7a4e5da75bb98c068bd2899a704637c7d7367cb96ad4327b61b,test_evidence
publication,REPRO:publication/outputs/final_gate_20260719_v2/work/source_snapshot/tests/test_de_novo_design_generation.py,publication_evidence,1888,fb3d1c5cc351f25edb29012b847014a532c51cb03d0702b198adbb5630e12b9e,test_evidence
publication,REPRO:publication/outputs/final_gate_20260719_v2/work/source_snapshot/tests/test_de_novo_patterns.py,publication_evidence,1596,e194c79ae8c004e1759cd7f3bbb72dccf125605e1e1bd0d22ec50644128d29f1,test_evidence
publication,REPRO:publication/outputs/final_gate_20260719_v2/work/source_snapshot/tests/test_imports.py,publication_evidence,6510,90d856359fce3d83f777f5022ab4643ba657cbf2977a425e581825d7d271e647,test_evidence
publication,REPRO:publication/outputs/final_gate_20260719_v2/work/source_snapshot/tests/test_marginal_alteration.py,publication_evidence,5467,ad0ac4649bd9f534a56b3598a52f607c462d4f7790c8717ea5f300bf0d0f505c,test_evidence
publication,REPRO:publication/outputs/final_gate_20260719_v2/work/source_snapshot/tests/test_package_no_interpolation.py,publication_evidence,895,ef0a0813ff7194a6382e8876768bba368b14568f83652828a2e8fa3ebfbabf79,test_evidence
publication,REPRO:publication/outputs/final_gate_20260719_v2/work/source_snapshot/tests/test_publication_gate.py,publication_evidence,14638,c5e0d9abcb735534db4ece0fe4fe1b3fd7fbcfcbbd1f1cdf12c4c10ab2d6b6f9,test_evidence
publication,REPRO:publication/outputs/final_gate_20260719_v2/work/source_snapshot/tests/test_quantile_field.py,publication_evidence,7292,f45099da08b85328892ab41d289ffc76f5fc94207f1b5839b325d46be8f6d470,test_evidence
publication,REPRO:publication/outputs/final_gate_20260719_v2/work/source_snapshot/tests/test_random_seed.py,publication_evidence,7105,6bbd3d0ad0991c1fe8d961a7bf939d81b023adea3df60fec94716971966df70e,test_evidence
publication,REPRO:publication/outputs/final_gate_20260719_v2/work/source_snapshot/tests/test_simulation_modes.py,publication_evidence,9528,846beceac529d43c2bf5fd40f39c5e0739d8123aeabe0af6b069b59b8564aa3d,test_evidence
publication,REPRO:publication/outputs/final_gate_20260719_v2/work/source_snapshot/tests/test_unified_ot_api.py,publication_evidence,10736,73af38f4a8a8cdf6eadf0279eab9b42cb07f6e1ebd7341a3542a0b06cdb84f58,test_evidence
publication,REPRO:publication/outputs/final_gate_20260719_v2/work/source_snapshot/validation/core/canonical_run.json,publication_evidence,180,5b5cac4bbdade630f069f109f78f87d5ab6cc583f77e6ad1e3582765e82d38a6,test_evidence
publication,REPRO:publication/outputs/final_gate_20260719_v2/work/source_snapshot/validation/core/core_validation_protocol.md,publication_evidence,5969,56d1495a7efab9fa3b55dbc00c6627e47f665753fe405e1ffe4f49c1208ad84b,test_evidence
publication,REPRO:publication/outputs/final_gate_20260719_v2/work/source_snapshot/validation/core/core_validation_results.schema.csv,publication_evidence,48,bfa298dbeac948e505c4d8f8e591e6f5494d38cd1c9413a2e15e252f3fcda04f,test_evidence
publication,REPRO:publication/outputs/final_gate_20260719_v2/work/source_snapshot/validation/core/prepublication_run_20260719_v4.json,publication_evidence,180,5ed53d52c7595686f823ac8d5d6a7ce10b282700731e395266a3a4ab20f65b42,test_evidence
publication,REPRO:publication/outputs/final_gate_20260719_v2/work/source_snapshot/validation/core/representatives.example.json,publication_evidence,746,dc169714e315603ed749d26108879d48cce87b8122803b46026a336f48b686fe,test_evidence
publication,REPRO:publication/outputs/final_gate_20260719_v2/work/source_snapshot/validation/core/representatives.json,publication_evidence,1337,7106ae1e2336ae4eb4fc717a57f8dc5e8707bce693234570a0eccf68f0c07d24,test_evidence
publication,REPRO:publication/outputs/final_gate_20260719_v2/work/source_snapshot/validation/core/run_core_validation.py,publication_evidence,18053,e5586dcf86c1e344d6fc49848c0cfb268fc96e536b07acd91f36ffcc3cf1bb95,test_evidence
publication,REPRO:publication/outputs/final_gate_20260719_v2/work/source_snapshot/validation/core/runs/20260717_prepublication/SUMMARY.md,publication_evidence,5326,928339662ed5743578a1de4a45b8d28d7dfa7098b6c5d55edd10efc8109fe44e,test_evidence
publication,REPRO:publication/outputs/final_gate_20260719_v2/work/source_snapshot/validation/core/runs/20260717_prepublication/SUPERSEDED.md,publication_evidence,211,d414e490fcb7a59888633bc3d603ed02764c9ea148fecf26e4f9f5a526b079ea,test_evidence
publication,REPRO:publication/outputs/final_gate_20260719_v2/work/source_snapshot/validation/core/runs/20260717_prepublication/core_validation_results.csv,publication_evidence,6824,49125a43270b92c0646b11e765840c87a689c876b406c2d109d7ac29c09df5a0,test_evidence
publication,REPRO:publication/outputs/final_gate_20260719_v2/work/source_snapshot/validation/core/runs/20260717_prepublication/run_manifest.json,publication_evidence,56657,35758e386f410150c35721bbef34de243ba2330b5f95700a810eb6d96cf78e81,test_evidence
publication,REPRO:publication/outputs/final_gate_20260719_v2/work/source_snapshot/validation/core/runs/20260717_prepublication_superseded/README.md,publication_evidence,311,4090e4f6d07c0ac132e28616450267c45e899a7fec17e16985a1e17de0b8797a,test_evidence
publication,REPRO:publication/outputs/final_gate_20260719_v2/work/source_snapshot/validation/core/runs/20260717_prepublication_superseded/core_validation_results.csv,publication_evidence,6824,49125a43270b92c0646b11e765840c87a689c876b406c2d109d7ac29c09df5a0,test_evidence
publication,REPRO:publication/outputs/final_gate_20260719_v2/work/source_snapshot/validation/core/runs/20260717_prepublication_superseded/run_manifest.json,publication_evidence,55198,57b147727ee6c309ae5f5c6627c55df9599f9ffc3b53e75c2a8e67457c56fb94,test_evidence
publication,REPRO:publication/outputs/final_gate_20260719_v2/work/source_snapshot/validation/core/runs/20260717_prepublication_v2/SUMMARY.md,publication_evidence,3984,1b71b5311d0994fd6510221449f4c8f5f44f40bddbcb3e9c1a23f3e1b3837409,test_evidence
publication,REPRO:publication/outputs/final_gate_20260719_v2/work/source_snapshot/validation/core/runs/20260717_prepublication_v2/core_validation_results.csv,publication_evidence,6890,790ecb44539c1d7daa81fa1c9884619c83cfa0d058aa20ffe8116aad59cd923c,test_evidence
publication,REPRO:publication/outputs/final_gate_20260719_v2/work/source_snapshot/validation/core/runs/20260717_prepublication_v2/run_manifest.json,publication_evidence,56808,b53f463d57056030ce61dfa91e945a9b7883bd2ff8841cfe493895854df12093,test_evidence
publication,REPRO:publication/outputs/final_gate_20260719_v2/work/source_snapshot/validation/core/runs/20260717_prepublication_v3/SUMMARY.md,publication_evidence,2034,ee09e908ba6089c9c77f383a92c3ee79bfa1923bc094252c3e4135c069662658,test_evidence
publication,REPRO:publication/outputs/final_gate_20260719_v2/work/source_snapshot/validation/core/runs/20260717_prepublication_v3/core_validation_results.csv,publication_evidence,6890,790ecb44539c1d7daa81fa1c9884619c83cfa0d058aa20ffe8116aad59cd923c,test_evidence
publication,REPRO:publication/outputs/final_gate_20260719_v2/work/source_snapshot/validation/core/runs/20260717_prepublication_v3/run_manifest.json,publication_evidence,56808,ac35f9d551e1a1c88d0dbe3bac93614fa21c13476e4247a9d2c427f2b4b74ffd,test_evidence
publication,REPRO:publication/outputs/final_gate_20260719_v2/work/source_snapshot/validation/core/runs/20260719_prepublication_v4/SUMMARY.md,publication_evidence,2145,e9df537e01d272a59c2a10baee60838740aee82bbba11ad4ed11acf51f458dc3,test_evidence
publication,REPRO:publication/outputs/final_gate_20260719_v2/work/source_snapshot/validation/core/runs/20260719_prepublication_v4/core_validation_results.csv,publication_evidence,6882,06d50c29a41d6fb9a3c0df4a78e5126f2a581920610ff69ccdc0e7ac7b256aa5,test_evidence
publication,REPRO:publication/outputs/final_gate_20260719_v2/work/source_snapshot/validation/core/runs/20260719_prepublication_v4/run_manifest.json,publication_evidence,56006,a7e0b1923e45811e55fa68d9e40cefaa75fcfbfd23834834e2fc71f2a5f7df76,test_evidence
publication,REPRO:publication/outputs/final_gate_20260719_v2/work/source_snapshot/validation/core/validate_canonical_run.py,publication_evidence,3328,db296d9046221839bb850dc14d57dde4727b42336ffd07fd3a29b5c63be003e7,test_evidence
publication,REPRO:publication/outputs/final_gate_20260719_v2/work/source_snapshot/validation/publication/assignment_impact_20260717/README.md,publication_evidence,5072,20566d61c4fc0ab1f284e937ee4c7fa12a529da6b3adcade06602d0bc0c13b7d,test_evidence
publication,REPRO:publication/outputs/final_gate_20260719_v2/work/source_snapshot/validation/publication/assignment_impact_20260717/config.json,publication_evidence,4803,b5edfcd83e0cdc4227f0515c87ffacc4b84b8e111b3c52cbb1e167976c3e5674,test_evidence
publication,REPRO:publication/outputs/final_gate_20260719_v2/work/source_snapshot/validation/publication/assignment_impact_20260717/run_assignment_impact.py,publication_evidence,44226,11d332e0e33d737d57cc0a622d8622cc0e4d246ef414245de4942bbc0a5fba04,test_evidence
publication,REPRO:publication/outputs/final_gate_20260719_v2/work/source_snapshot/validation/publication/assignment_impact_20260717/test_assignment_impact.py,publication_evidence,5596,fbd4093f6a459205889ffe063416c8234976742c48ab3801be43e706dd86c91a,test_evidence
publication,REPRO:publication/outputs/final_gate_20260719_v2/work/source_snapshot/validation/publication/assignment_impact_runs/representative_rerun/assignment_sensitivity.csv,publication_evidence,5080,da41f19d7ce32d3e212f1e7b0bc4a22800f8ca632472f2b01dc2f941e399a355,test_evidence
publication,REPRO:publication/outputs/final_gate_20260719_v2/work/source_snapshot/validation/publication/assignment_impact_runs/representative_rerun/blocked_assignment/assigned_blocked.csv,publication_evidence,13194,181738295f700efb5106622b255cb41f622aafbaaad5786f5df71fda0aa7d4a9,test_evidence
publication,REPRO:publication/outputs/final_gate_20260719_v2/work/source_snapshot/validation/publication/assignment_impact_runs/representative_rerun/blocked_assignment/assigned_global.csv,publication_evidence,13194,c47b109f2f3a6f01f6c3ccae32d014afaa4e8316203929a1352285979fd52a25,test_evidence
publication,REPRO:publication/outputs/final_gate_20260719_v2/work/source_snapshot/validation/publication/assignment_impact_runs/representative_rerun/blocked_assignment/candidate_pool.csv,publication_evidence,35684,3fd2e85800fe626e956aaa7001a66d9d2300b294111d11a9d022484eb97fd3ab,test_evidence
publication,REPRO:publication/outputs/final_gate_20260719_v2/work/source_snapshot/validation/publication/assignment_impact_runs/representative_rerun/blocked_assignment/decoded_blocked.npy,publication_evidence,524416,0090e7bc40593933fd8c9e57c123c6a7db661f62c6dbdf438017e76c0119105a,test_evidence
publication,REPRO:publication/outputs/final_gate_20260719_v2/work/source_snapshot/validation/publication/assignment_impact_runs/representative_rerun/blocked_assignment/decoded_global.npy,publication_evidence,524416,a75aa32e6d7eb6d61c6a4f433f8c4ed164f4393d1c85138f8b8a2b74264a4f2c,test_evidence
publication,REPRO:publication/outputs/final_gate_20260719_v2/work/source_snapshot/validation/publication/assignment_impact_runs/representative_rerun/blocked_assignment/metrics.json,publication_evidence,4825,e814685454fa0db47247ec4fe6a293f463d3ae7825bb04bdf25459bcbd3476a3,test_evidence
publication,REPRO:publication/outputs/final_gate_20260719_v2/work/source_snapshot/validation/publication/assignment_impact_runs/representative_rerun/blocked_assignment/selected_indices_blocked.npy,publication_evidence,2176,ab093d55827b425394c0909db41f7f22ae917c26cdf906808ef71a4aa5f89432,test_evidence
publication,REPRO:publication/outputs/final_gate_20260719_v2/work/source_snapshot/validation/publication/assignment_impact_runs/representative_rerun/blocked_assignment/selected_indices_global.npy,publication_evidence,2176,a3f154e0eef1f8d9b0fab6d802f0d4f3f8019b87205b87a68a82b20e021225e5,test_evidence
publication,REPRO:publication/outputs/final_gate_20260719_v2/work/source_snapshot/validation/publication/assignment_impact_runs/representative_rerun/imaging_sparse/assigned_blocked.csv,publication_evidence,3703,bc66e2d323c9f0b5f15c871f1e1209939e6b7f6e8fd46d25eb1631832784b17d,test_evidence
publication,REPRO:publication/outputs/final_gate_20260719_v2/work/source_snapshot/validation/publication/assignment_impact_runs/representative_rerun/imaging_sparse/assigned_global.csv,publication_evidence,3703,ab53c4180de70bc0d6be2511af2bb31bbd7aa50666f3b26746e61c487ee5f7d3,test_evidence
publication,REPRO:publication/outputs/final_gate_20260719_v2/work/source_snapshot/validation/publication/assignment_impact_runs/representative_rerun/imaging_sparse/candidate_pool.csv,publication_evidence,9946,81d8155504c48acfde4fc2e3d9d9745d3cce903d634256dd50425a724937d732,test_evidence
publication,REPRO:publication/outputs/final_gate_20260719_v2/work/source_snapshot/validation/publication/assignment_impact_runs/representative_rerun/imaging_sparse/decoded_blocked.npy,publication_evidence,131200,c1a56693ad37be09bf0c85d0debbe8af6289223ac37f84a77f94c463a1d37598,test_evidence
publication,REPRO:publication/outputs/final_gate_20260719_v2/work/source_snapshot/validation/publication/assignment_impact_runs/representative_rerun/imaging_sparse/decoded_global.npy,publication_evidence,131200,c1a56693ad37be09bf0c85d0debbe8af6289223ac37f84a77f94c463a1d37598,test_evidence
publication,REPRO:publication/outputs/final_gate_20260719_v2/work/source_snapshot/validation/publication/assignment_impact_runs/representative_rerun/imaging_sparse/metrics.json,publication_evidence,4788,d8dc1140656e7fd098a85a5f2edd833100292056cb81103a0ca932492d58d72f,test_evidence
publication,REPRO:publication/outputs/final_gate_20260719_v2/work/source_snapshot/validation/publication/assignment_impact_runs/representative_rerun/imaging_sparse/selected_indices_blocked.npy,publication_evidence,640,8741e88a399d12e47209cdeaff7cf463ab9f7d2581dc980b942364c125ac5354,test_evidence
publication,REPRO:publication/outputs/final_gate_20260719_v2/work/source_snapshot/validation/publication/assignment_impact_runs/representative_rerun/imaging_sparse/selected_indices_global.npy,publication_evidence,640,58efc0d23ce8a9abf340c2efe269fc90473266d271f1c744625d197e60db8044,test_evidence
publication,REPRO:publication/outputs/final_gate_20260719_v2/work/source_snapshot/validation/publication/assignment_impact_runs/representative_rerun/resolved_config.json,publication_evidence,5707,114afd6282fb28db79e1e4d984ab162620a557d30dd4b5f1d146fd0bcfc15f04,test_evidence
publication,REPRO:publication/outputs/final_gate_20260719_v2/work/source_snapshot/validation/publication/assignment_impact_runs/representative_rerun/run_manifest.json,publication_evidence,94925,3cf8cb6c605201408661584c90de6bf712c3d07f71324daf4edfc03edf0db4ef,test_evidence
publication,REPRO:publication/outputs/final_gate_20260719_v2/work/source_snapshot/validation/publication/assignment_impact_runs/representative_rerun/small_visium/assigned_blocked.csv,publication_evidence,3090,4745ced1a4238926c76bbcad2ce36bf5b08e1a654487e4efaa7f197f069bdc82,test_evidence
publication,REPRO:publication/outputs/final_gate_20260719_v2/work/source_snapshot/validation/publication/assignment_impact_runs/representative_rerun/small_visium/assigned_global.csv,publication_evidence,3090,6f32ebfb8896ab6563e10a6e3f919c4fa01e8bbaa7d73e85ab318b3e32d85636,test_evidence
publication,REPRO:publication/outputs/final_gate_20260719_v2/work/source_snapshot/validation/publication/assignment_impact_runs/representative_rerun/small_visium/candidate_pool.csv,publication_evidence,8898,6f82e4b044d95c33bc012be901ffb1c79d6969a5b072ad445b0fe00969ce26b0,test_evidence
publication,REPRO:publication/outputs/final_gate_20260719_v2/work/source_snapshot/validation/publication/assignment_impact_runs/representative_rerun/small_visium/decoded_blocked.npy,publication_evidence,65664,adad1fdd6631bc7cca8c2f161f3f2b31e6745a5be4f4486fc0c5e0bf1694c906,test_evidence
publication,REPRO:publication/outputs/final_gate_20260719_v2/work/source_snapshot/validation/publication/assignment_impact_runs/representative_rerun/small_visium/decoded_global.npy,publication_evidence,65664,8cd4039e0fec50b3c05143ccdcff6e42af4ae910d6f6602d1a7d878e4d370c6c,test_evidence
publication,REPRO:publication/outputs/final_gate_20260719_v2/work/source_snapshot/validation/publication/assignment_impact_runs/representative_rerun/small_visium/metrics.json,publication_evidence,4813,581042f155b7a8289f346a87c13c8dc025fdc5e3d3eebe6ae6825aab68b08427,test_evidence
publication,REPRO:publication/outputs/final_gate_20260719_v2/work/source_snapshot/validation/publication/assignment_impact_runs/representative_rerun/small_visium/selected_indices_blocked.npy,publication_evidence,640,db7dca54b7afc9998a212c9d2829c45192ffdf664ab310519071ecb5e7802f82,test_evidence
publication,REPRO:publication/outputs/final_gate_20260719_v2/work/source_snapshot/validation/publication/assignment_impact_runs/representative_rerun/small_visium/selected_indices_global.npy,publication_evidence,640,90a9fd5619ba83ec62ac2f28271cf6da5f5d1e8cd12d04ad270c5bb63569b249,test_evidence
publication,REPRO:publication/outputs/final_gate_20260719_v2/work/source_snapshot/validation/publication/assignment_impact_runs/representative_v2.log,publication_evidence,5989,66c9cc23095b6bc1bd4f865494dbdca307a52dae7449a2ec80a796554a247b6d,test_evidence
publication,REPRO:publication/outputs/final_gate_20260719_v2/work/source_snapshot/validation/publication/assignment_impact_runs/representative_v2/assignment_sensitivity.csv,publication_evidence,5080,da41f19d7ce32d3e212f1e7b0bc4a22800f8ca632472f2b01dc2f941e399a355,test_evidence
publication,REPRO:publication/outputs/final_gate_20260719_v2/work/source_snapshot/validation/publication/assignment_impact_runs/representative_v2/blocked_assignment/assigned_blocked.csv,publication_evidence,13194,181738295f700efb5106622b255cb41f622aafbaaad5786f5df71fda0aa7d4a9,test_evidence
publication,REPRO:publication/outputs/final_gate_20260719_v2/work/source_snapshot/validation/publication/assignment_impact_runs/representative_v2/blocked_assignment/assigned_global.csv,publication_evidence,13194,c47b109f2f3a6f01f6c3ccae32d014afaa4e8316203929a1352285979fd52a25,test_evidence
publication,REPRO:publication/outputs/final_gate_20260719_v2/work/source_snapshot/validation/publication/assignment_impact_runs/representative_v2/blocked_assignment/candidate_pool.csv,publication_evidence,35684,3fd2e85800fe626e956aaa7001a66d9d2300b294111d11a9d022484eb97fd3ab,test_evidence
publication,REPRO:publication/outputs/final_gate_20260719_v2/work/source_snapshot/validation/publication/assignment_impact_runs/representative_v2/blocked_assignment/decoded_blocked.npy,publication_evidence,524416,0090e7bc40593933fd8c9e57c123c6a7db661f62c6dbdf438017e76c0119105a,test_evidence
publication,REPRO:publication/outputs/final_gate_20260719_v2/work/source_snapshot/validation/publication/assignment_impact_runs/representative_v2/blocked_assignment/decoded_global.npy,publication_evidence,524416,a75aa32e6d7eb6d61c6a4f433f8c4ed164f4393d1c85138f8b8a2b74264a4f2c,test_evidence
publication,REPRO:publication/outputs/final_gate_20260719_v2/work/source_snapshot/validation/publication/assignment_impact_runs/representative_v2/blocked_assignment/metrics.json,publication_evidence,4825,80aa0f68e25bacd40b78cf23b7a0685866e4ab73d6c6f5124ccd701565327bd1,test_evidence
publication,REPRO:publication/outputs/final_gate_20260719_v2/work/source_snapshot/validation/publication/assignment_impact_runs/representative_v2/blocked_assignment/selected_indices_blocked.npy,publication_evidence,2176,ab093d55827b425394c0909db41f7f22ae917c26cdf906808ef71a4aa5f89432,test_evidence
publication,REPRO:publication/outputs/final_gate_20260719_v2/work/source_snapshot/validation/publication/assignment_impact_runs/representative_v2/blocked_assignment/selected_indices_global.npy,publication_evidence,2176,a3f154e0eef1f8d9b0fab6d802f0d4f3f8019b87205b87a68a82b20e021225e5,test_evidence
publication,REPRO:publication/outputs/final_gate_20260719_v2/work/source_snapshot/validation/publication/assignment_impact_runs/representative_v2/imaging_sparse/assigned_blocked.csv,publication_evidence,3703,bc66e2d323c9f0b5f15c871f1e1209939e6b7f6e8fd46d25eb1631832784b17d,test_evidence
publication,REPRO:publication/outputs/final_gate_20260719_v2/work/source_snapshot/validation/publication/assignment_impact_runs/representative_v2/imaging_sparse/assigned_global.csv,publication_evidence,3703,ab53c4180de70bc0d6be2511af2bb31bbd7aa50666f3b26746e61c487ee5f7d3,test_evidence
publication,REPRO:publication/outputs/final_gate_20260719_v2/work/source_snapshot/validation/publication/assignment_impact_runs/representative_v2/imaging_sparse/candidate_pool.csv,publication_evidence,9946,81d8155504c48acfde4fc2e3d9d9745d3cce903d634256dd50425a724937d732,test_evidence
publication,REPRO:publication/outputs/final_gate_20260719_v2/work/source_snapshot/validation/publication/assignment_impact_runs/representative_v2/imaging_sparse/decoded_blocked.npy,publication_evidence,131200,c1a56693ad37be09bf0c85d0debbe8af6289223ac37f84a77f94c463a1d37598,test_evidence
publication,REPRO:publication/outputs/final_gate_20260719_v2/work/source_snapshot/validation/publication/assignment_impact_runs/representative_v2/imaging_sparse/decoded_global.npy,publication_evidence,131200,c1a56693ad37be09bf0c85d0debbe8af6289223ac37f84a77f94c463a1d37598,test_evidence
publication,REPRO:publication/outputs/final_gate_20260719_v2/work/source_snapshot/validation/publication/assignment_impact_runs/representative_v2/imaging_sparse/metrics.json,publication_evidence,4789,3b205103c52a0e4437febc3c1e79f7acbd69712111626d4612fb12d1f918661f,test_evidence
publication,REPRO:publication/outputs/final_gate_20260719_v2/work/source_snapshot/validation/publication/assignment_impact_runs/representative_v2/imaging_sparse/selected_indices_blocked.npy,publication_evidence,640,8741e88a399d12e47209cdeaff7cf463ab9f7d2581dc980b942364c125ac5354,test_evidence
publication,REPRO:publication/outputs/final_gate_20260719_v2/work/source_snapshot/validation/publication/assignment_impact_runs/representative_v2/imaging_sparse/selected_indices_global.npy,publication_evidence,640,58efc0d23ce8a9abf340c2efe269fc90473266d271f1c744625d197e60db8044,test_evidence
publication,REPRO:publication/outputs/final_gate_20260719_v2/work/source_snapshot/validation/publication/assignment_impact_runs/representative_v2/resolved_config.json,publication_evidence,5707,114afd6282fb28db79e1e4d984ab162620a557d30dd4b5f1d146fd0bcfc15f04,test_evidence
publication,REPRO:publication/outputs/final_gate_20260719_v2/work/source_snapshot/validation/publication/assignment_impact_runs/representative_v2/run_manifest.json,publication_evidence,94927,edceacfed004896919ff1ba5acddf44c7cce02ba2df28f65424add40585d6aed,test_evidence
publication,REPRO:publication/outputs/final_gate_20260719_v2/work/source_snapshot/validation/publication/assignment_impact_runs/representative_v2/small_visium/assigned_blocked.csv,publication_evidence,3090,4745ced1a4238926c76bbcad2ce36bf5b08e1a654487e4efaa7f197f069bdc82,test_evidence
publication,REPRO:publication/outputs/final_gate_20260719_v2/work/source_snapshot/validation/publication/assignment_impact_runs/representative_v2/small_visium/assigned_global.csv,publication_evidence,3090,6f32ebfb8896ab6563e10a6e3f919c4fa01e8bbaa7d73e85ab318b3e32d85636,test_evidence
publication,REPRO:publication/outputs/final_gate_20260719_v2/work/source_snapshot/validation/publication/assignment_impact_runs/representative_v2/small_visium/candidate_pool.csv,publication_evidence,8898,6f82e4b044d95c33bc012be901ffb1c79d6969a5b072ad445b0fe00969ce26b0,test_evidence
publication,REPRO:publication/outputs/final_gate_20260719_v2/work/source_snapshot/validation/publication/assignment_impact_runs/representative_v2/small_visium/decoded_blocked.npy,publication_evidence,65664,adad1fdd6631bc7cca8c2f161f3f2b31e6745a5be4f4486fc0c5e0bf1694c906,test_evidence
publication,REPRO:publication/outputs/final_gate_20260719_v2/work/source_snapshot/validation/publication/assignment_impact_runs/representative_v2/small_visium/decoded_global.npy,publication_evidence,65664,8cd4039e0fec50b3c05143ccdcff6e42af4ae910d6f6602d1a7d878e4d370c6c,test_evidence
publication,REPRO:publication/outputs/final_gate_20260719_v2/work/source_snapshot/validation/publication/assignment_impact_runs/representative_v2/small_visium/metrics.json,publication_evidence,4814,2801547acef2cda3fd05e92ba798997f3794bb7f3ced290ab5846712a533c19f,test_evidence
publication,REPRO:publication/outputs/final_gate_20260719_v2/work/source_snapshot/validation/publication/assignment_impact_runs/representative_v2/small_visium/selected_indices_blocked.npy,publication_evidence,640,db7dca54b7afc9998a212c9d2829c45192ffdf664ab310519071ecb5e7802f82,test_evidence
publication,REPRO:publication/outputs/final_gate_20260719_v2/work/source_snapshot/validation/publication/assignment_impact_runs/representative_v2/small_visium/selected_indices_global.npy,publication_evidence,640,90a9fd5619ba83ec62ac2f28271cf6da5f5d1e8cd12d04ad270c5bb63569b249,test_evidence
publication,REPRO:publication/outputs/final_gate_20260719_v2/work/source_snapshot/validation/publication/check_scientific_disposition.py,publication_evidence,2739,1d6ec5b27b9bcb0938d66b12e2ff07ae0f3a743329dec527f9792c29553ff1d4,test_evidence
publication,REPRO:publication/outputs/final_gate_20260719_v2/work/source_snapshot/validation/publication/prepublication_final_gate_20260717/GATE_RESULTS.md,publication_evidence,2417,bcecd0a7ecffdf52ae287695e4885b601533327991216985dc0857c5335d4343,test_evidence
publication,REPRO:publication/outputs/final_gate_20260719_v2/work/source_snapshot/validation/publication/prepublication_final_gate_20260717/dist/feast_py-1.0.2-py3-none-any.whl,publication_evidence,117406,9f883f40769547618a947e52438dc21ff15ec9889ef32453bfec08c1b8dfab2d,test_evidence
publication,REPRO:publication/outputs/final_gate_20260719_v2/work/source_snapshot/validation/publication/prepublication_final_gate_20260717/dist/feast_py-1.0.2.tar.gz,publication_evidence,121793,7bfddfb84585c4c179339761b7c23aa9937834e5f4ee281e0897ead15d281862,test_evidence
publication,REPRO:publication/outputs/final_gate_20260719_v2/work/source_snapshot/validation/publication/prepublication_final_gate_20260717_v2/GATE_RESULTS.md,publication_evidence,2957,133bc35759fbe652ad667dc8e172cf52be13227537c9e3d1816b0bdb7342da24,test_evidence
publication,REPRO:publication/outputs/final_gate_20260719_v2/work/source_snapshot/validation/publication/prepublication_final_gate_20260717_v2/dist/feast_py-1.0.2-py3-none-any.whl,publication_evidence,117406,344b9ffd8a35b32067313c90431ce85650ad3630b3dd0c63d9f3f0a40717a58a,test_evidence
publication,REPRO:publication/outputs/final_gate_20260719_v2/work/source_snapshot/validation/publication/prepublication_final_gate_20260717_v2/dist/feast_py-1.0.2.tar.gz,publication_evidence,121751,0cfeb7b86595f7c7238f2c0bf7e0e3fd035eff7e8f6b923f123b67885031ed3e,test_evidence
publication,REPRO:publication/outputs/final_gate_20260719_v2/work/source_snapshot/validation/publication/prepublication_final_gate_20260718_v3/GATE_RESULTS.md,publication_evidence,2553,5715f87e6bab3d4267577e8e0c245545e0ed40104f94e841638142dde42153f9,test_evidence
publication,REPRO:publication/outputs/final_gate_20260719_v2/work/source_snapshot/validation/publication/prepublication_final_gate_20260718_v3/REPRODUCE.md,publication_evidence,1065,730e9a95b16e62a65d78539ec1b5e0788f0141fae8f9c66e5e1f540c8dd33b8d,test_evidence
publication,REPRO:publication/outputs/final_gate_20260719_v2/work/source_snapshot/validation/publication/prepublication_final_gate_20260718_v3/SHA256SUMS,publication_evidence,10440,03babf74d2d5b7fedf9eaace053d98ba5dca07da3dde568db38cc1d3d1f69359,test_evidence
publication,REPRO:publication/outputs/final_gate_20260719_v2/work/source_snapshot/validation/publication/prepublication_final_gate_20260718_v3/command_results.csv,publication_evidence,1654,7a165389f539cd23f7e9e9723d24c2e416a45d823a421e6a5beae92164a2b9d5,test_evidence
publication,REPRO:publication/outputs/final_gate_20260719_v2/work/source_snapshot/validation/publication/prepublication_final_gate_20260718_v3/core_evidence.json,publication_evidence,2141,e3ddcc7acaa1396bb1b637ccbd28d30a1a469bb93011de44fd1b11a12289ec8a,test_evidence
publication,REPRO:publication/outputs/final_gate_20260719_v2/work/source_snapshot/validation/publication/prepublication_final_gate_20260718_v3/dist/feast_py-1.0.2-py3-none-any.whl,publication_evidence,117534,3e73ed8b4a29d6f6b7af9721ba333d02814e6cbb7a8a00da5363b233e37c1f9e,test_evidence
publication,REPRO:publication/outputs/final_gate_20260719_v2/work/source_snapshot/validation/publication/prepublication_final_gate_20260718_v3/dist/feast_py-1.0.2.tar.gz,publication_evidence,108004,77803bc8f991f54cd53404e102a19820eea7fcbfa6bd3d848756df676578d83f,test_evidence
publication,REPRO:publication/outputs/final_gate_20260719_v2/work/source_snapshot/validation/publication/prepublication_final_gate_20260718_v3/docs-html/.buildinfo,publication_evidence,231,fd2cc5b4f3b9fcd15ea61a60624ae253775f550e84d7ee8deebeb70597421d03,test_evidence
publication,REPRO:publication/outputs/final_gate_20260719_v2/work/source_snapshot/validation/publication/prepublication_final_gate_20260718_v3/docs-html/.doctrees/api.doctree,publication_evidence,314556,01e7b99cfd551a92444747aa32a8e026551f30ed6ea08bee6602e9b15129b149,test_evidence
publication,REPRO:publication/outputs/final_gate_20260719_v2/work/source_snapshot/validation/publication/prepublication_final_gate_20260718_v3/docs-html/.doctrees/environment.pickle,publication_evidence,281357,57e6ec7f207f32b578e22f43198ab7c06b1a81202f1c72b2c990d726310b1769,test_evidence
publication,REPRO:publication/outputs/final_gate_20260719_v2/work/source_snapshot/validation/publication/prepublication_final_gate_20260718_v3/docs-html/.doctrees/index.doctree,publication_evidence,6156,eb27af7ff75c8e66f3a3eb6520ec689908f40f7e3432acaf543746f9c574c13c,test_evidence
publication,REPRO:publication/outputs/final_gate_20260719_v2/work/source_snapshot/validation/publication/prepublication_final_gate_20260718_v3/docs-html/.doctrees/installation.doctree,publication_evidence,6391,503b6bcdc7d5aa3b0331d1abd828c48cc7c0491d11f047a00da8c1edf0e666dc,test_evidence
publication,REPRO:publication/outputs/final_gate_20260719_v2/work/source_snapshot/validation/publication/prepublication_final_gate_20260718_v3/docs-html/.doctrees/tutorials.doctree,publication_evidence,11283,6a69ab15996a5d74fb9f0bba3b01f9dfc25a07b40af5951e7d56f0ce32cffba1,test_evidence
publication,REPRO:publication/outputs/final_gate_20260719_v2/work/source_snapshot/validation/publication/prepublication_final_gate_20260718_v3/docs-html/_modules/FEAST.html,publication_evidence,36650,85a1f91d83f663fc452fa5604adf1c04a4fe32feb1300be2557660868307ccbc,test_evidence
publication,REPRO:publication/outputs/final_gate_20260719_v2/work/source_snapshot/validation/publication/prepublication_final_gate_20260718_v3/docs-html/_modules/FEAST/FEAST_core/parameter_cloud.html,publication_evidence,261645,92e46b3edd4b482d85c02170dd720385517c85508c9be67ee8ec863442bb7888,test_evidence
publication,REPRO:publication/outputs/final_gate_20260719_v2/work/source_snapshot/validation/publication/prepublication_final_gate_20260718_v3/docs-html/_modules/FEAST/FEAST_core/simulator.html,publication_evidence,208918,3d2f84f82d5a746033f8e083716b791079005957340efce7da5d90c70446db81,test_evidence
publication,REPRO:publication/outputs/final_gate_20260719_v2/work/source_snapshot/validation/publication/prepublication_final_gate_20260718_v3/docs-html/_modules/FEAST/FEAST_core/theta_transform.html,publication_evidence,18947,a6df9efddcfb738540ebfef74d5658afa2816bdf337f50b93d3c2220ad2cefe3,test_evidence
publication,REPRO:publication/outputs/final_gate_20260719_v2/work/source_snapshot/validation/publication/prepublication_final_gate_20260718_v3/docs-html/_modules/FEAST/de_novo/conditional.html,publication_evidence,269103,80418fbdefe81d8c5818c430b9385e23b27dc9e5f81dba98927f71a3dc4312a4,test_evidence
publication,REPRO:publication/outputs/final_gate_20260719_v2/work/source_snapshot/validation/publication/prepublication_final_gate_20260718_v3/docs-html/_modules/FEAST/de_novo/core.html,publication_evidence,56658,4e522a8b4ffbdedc3b88738226d90f521a42a13bb2e744bfa17128bc24fa09ed,test_evidence
publication,REPRO:publication/outputs/final_gate_20260719_v2/work/source_snapshot/validation/publication/prepublication_final_gate_20260718_v3/docs-html/_modules/FEAST/de_novo/stack.html,publication_evidence,52395,ac557c99dffbb3468a3c2ae55181a8c10f624a60806bb9a542b318966b3a07db,test_evidence
publication,REPRO:publication/outputs/final_gate_20260719_v2/work/source_snapshot/validation/publication/prepublication_final_gate_20260718_v3/docs-html/_modules/FEAST/de_novo/z_regularize.html,publication_evidence,58627,f8cfd6a9ff60b099298e8b7184fadbce7f50086c02a1373fc013b62c53dfd0fe,test_evidence
publication,REPRO:publication/outputs/final_gate_20260719_v2/work/source_snapshot/validation/publication/prepublication_final_gate_20260718_v3/docs-html/_modules/FEAST/de_novo/z_spot_smooth.html,publication_evidence,113159,0d5967bac8cf38db8bb4afba5738a537822a9a627918207b2aad59cebf5f6475,test_evidence
publication,REPRO:publication/outputs/final_gate_20260719_v2/work/source_snapshot/validation/publication/prepublication_final_gate_20260718_v3/docs-html/_modules/FEAST/deconvolution/deconvolution_simulator.html,publication_evidence,60306,2d52da408c076a355e0b55e80ffa9362abbf842747ca204df4e80bf442274d52,test_evidence
publication,REPRO:publication/outputs/final_gate_20260719_v2/work/source_snapshot/validation/publication/prepublication_final_gate_20260718_v3/docs-html/_modules/index.html,publication_evidence,10814,e2f57f514b44154159b6fd140ba8e33a9d4244f3df72f6ed2ba4f1197441cb0d,test_evidence
publication,REPRO:publication/outputs/final_gate_20260719_v2/work/source_snapshot/validation/publication/prepublication_final_gate_20260718_v3/docs-html/_sources/api.rst.txt,publication_evidence,1880,7ac49960eb814be4a0bd575ba1b89455ab3adf8f411ee1d3dc77bbe4b875a80a,test_evidence
publication,REPRO:publication/outputs/final_gate_20260719_v2/work/source_snapshot/validation/publication/prepublication_final_gate_20260718_v3/docs-html/_sources/index.rst.txt,publication_evidence,877,e8cc1a1125f4b2ed8d02b0d786b2aa91fedc859a2c268538eead7c465ed26c58,test_evidence
publication,REPRO:publication/outputs/final_gate_20260719_v2/work/source_snapshot/validation/publication/prepublication_final_gate_20260718_v3/docs-html/_sources/installation.rst.txt,publication_evidence,1080,adaae156a8357e12fbd4875e00af2037331c54942e89d8010cbf8a642dc4c9c2,test_evidence
publication,REPRO:publication/outputs/final_gate_20260719_v2/work/source_snapshot/validation/publication/prepublication_final_gate_20260718_v3/docs-html/_sources/tutorials.rst.txt,publication_evidence,3027,5534c3121bb2675870837729801e348bb1fa1e36d8eae6c5cc69da4ded39a916,test_evidence
publication,REPRO:publication/outputs/final_gate_20260719_v2/work/source_snapshot/validation/publication/prepublication_final_gate_20260718_v3/docs-html/_static/_sphinx_javascript_frameworks_compat.js,publication_evidence,4289,480a2c7377252c14a11bca4d3a49dfa16ea540a998fa637fae0189aee1b89113,test_evidence
publication,REPRO:publication/outputs/final_gate_20260719_v2/work/source_snapshot/validation/publication/prepublication_final_gate_20260718_v3/docs-html/_static/basic.css,publication_evidence,14685,656ff1bacd6f260fc7d71b97f9c2f1fcbf692dc84bf469cd952034efcb9eefed,test_evidence
publication,REPRO:publication/outputs/final_gate_20260719_v2/work/source_snapshot/validation/publication/prepublication_final_gate_20260718_v3/docs-html/_static/css/badge_only.css,publication_evidence,3329,f1399e4fc48c3ff17b5037d3512fcc451fb0abc2c95b4b8d12aab50cdd9d1d6f,test_evidence
publication,REPRO:publication/outputs/final_gate_20260719_v2/work/source_snapshot/validation/publication/prepublication_final_gate_20260718_v3/docs-html/_static/css/fonts/Roboto-Slab-Bold.woff,publication_evidence,87624,9fec87cadbe2413b255f1ec577573a83f1ca2e1c37aa023dbebcd3a7b864636a,test_evidence
publication,REPRO:publication/outputs/final_gate_20260719_v2/work/source_snapshot/validation/publication/prepublication_final_gate_20260718_v3/docs-html/_static/css/fonts/Roboto-Slab-Bold.woff2,publication_evidence,67312,1a0c024dd1a267c52d5575469ffe8570d1e84164de7d393cf3414bafd17d7a0c,test_evidence
publication,REPRO:publication/outputs/final_gate_20260719_v2/work/source_snapshot/validation/publication/prepublication_final_gate_20260718_v3/docs-html/_static/css/fonts/Roboto-Slab-Regular.woff,publication_evidence,86288,9f32630e2c0c5135bf1e86e36cb65b3932e4410644235bc2bd995e9c7f6ff117,test_evidence
publication,REPRO:publication/outputs/final_gate_20260719_v2/work/source_snapshot/validation/publication/prepublication_final_gate_20260718_v3/docs-html/_static/css/fonts/Roboto-Slab-Regular.woff2,publication_evidence,66444,874e42222856d7af03b3f438d21d923a4280d47fe67c48510e2174a1579795ef,test_evidence
publication,REPRO:publication/outputs/final_gate_20260719_v2/work/source_snapshot/validation/publication/prepublication_final_gate_20260718_v3/docs-html/_static/css/fonts/fontawesome-webfont.eot,publication_evidence,165742,7bfcab6db99d5cfbf1705ca0536ddc78585432cc5fa41bbd7ad0f009033b2979,test_evidence
publication,REPRO:publication/outputs/final_gate_20260719_v2/work/source_snapshot/validation/publication/prepublication_final_gate_20260718_v3/docs-html/_static/css/fonts/fontawesome-webfont.svg,publication_evidence,444379,ad6157926c1622ba4e1d03d478f1541368524bfc46f51e42fe0d945f7ef323e4,test_evidence
publication,REPRO:publication/outputs/final_gate_20260719_v2/work/source_snapshot/validation/publication/prepublication_final_gate_20260718_v3/docs-html/_static/css/fonts/fontawesome-webfont.ttf,publication_evidence,165548,aa58f33f239a0fb02f5c7a6c45c043d7a9ac9a093335806694ecd6d4edc0d6a8,test_evidence
publication,REPRO:publication/outputs/final_gate_20260719_v2/work/source_snapshot/validation/publication/prepublication_final_gate_20260718_v3/docs-html/_static/css/fonts/fontawesome-webfont.woff,publication_evidence,98024,ba0c59deb5450f5cb41b3f93609ee2d0d995415877ddfa223e8a8a7533474f07,test_evidence
publication,REPRO:publication/outputs/final_gate_20260719_v2/work/source_snapshot/validation/publication/prepublication_final_gate_20260718_v3/docs-html/_static/css/fonts/fontawesome-webfont.woff2,publication_evidence,77160,2adefcbc041e7d18fcf2d417879dc5a09997aa64d675b7a3c4b6ce33da13f3fe,test_evidence
publication,REPRO:publication/outputs/final_gate_20260719_v2/work/source_snapshot/validation/publication/prepublication_final_gate_20260718_v3/docs-html/_static/css/fonts/lato-bold-italic.woff,publication_evidence,323344,980c8592e5488df256192c999e92db8fd302db8cd8909b7fa266a684e37e45f8,test_evidence
publication,REPRO:publication/outputs/final_gate_20260719_v2/work/source_snapshot/validation/publication/prepublication_final_gate_20260718_v3/docs-html/_static/css/fonts/lato-bold-italic.woff2,publication_evidence,193308,c0916a33340d063f7b05679e08031e729d1888444706f04804705da5966d895d,test_evidence
publication,REPRO:publication/outputs/final_gate_20260719_v2/work/source_snapshot/validation/publication/prepublication_final_gate_20260718_v3/docs-html/_static/css/fonts/lato-bold.woff,publication_evidence,309728,0e56b17d142eb366c8007031d14e34da48c70b4a9d9a0ca492e696a7bae45e1e,test_evidence
publication,REPRO:publication/outputs/final_gate_20260719_v2/work/source_snapshot/validation/publication/prepublication_final_gate_20260718_v3/docs-html/_static/css/fonts/lato-bold.woff2,publication_evidence,184912,ae88fc0d7a961832f809527d30bd3983a6866d42f66a56ade23f543681594db6,test_evidence
publication,REPRO:publication/outputs/final_gate_20260719_v2/work/source_snapshot/validation/publication/prepublication_final_gate_20260718_v3/docs-html/_static/css/fonts/lato-normal-italic.woff,publication_evidence,328412,26318a1467a5e5caf10b04cfa942d079632560cd7a29cec565fd1dc9f7ec5081,test_evidence
publication,REPRO:publication/outputs/final_gate_20260719_v2/work/source_snapshot/validation/publication/prepublication_final_gate_20260718_v3/docs-html/_static/css/fonts/lato-normal-italic.woff2,publication_evidence,195704,4465765f2f6eddcdad34ffd7cab559e56bc0e75e45e192f85e9562b0771481dc,test_evidence
publication,REPRO:publication/outputs/final_gate_20260719_v2/work/source_snapshot/validation/publication/prepublication_final_gate_20260718_v3/docs-html/_static/css/fonts/lato-normal.woff,publication_evidence,309192,5b9025dda4d7688e3311b0c17eddc501133b807def33effaef6593843cf5416e,test_evidence
publication,REPRO:publication/outputs/final_gate_20260719_v2/work/source_snapshot/validation/publication/prepublication_final_gate_20260718_v3/docs-html/_static/css/fonts/lato-normal.woff2,publication_evidence,182708,983b0caf336e8542214fc17019a4fc5e0360864b92806ca14d55c1fc1c2c5a0f,test_evidence
publication,REPRO:publication/outputs/final_gate_20260719_v2/work/source_snapshot/validation/publication/prepublication_final_gate_20260718_v3/docs-html/_static/css/theme.css,publication_evidence,137285,17c556bc5f2b93a5fb4aa22a2706da52076f6d73f8ef4a6e1673dd4132a2ad68,test_evidence
publication,REPRO:publication/outputs/final_gate_20260719_v2/work/source_snapshot/validation/publication/prepublication_final_gate_20260718_v3/docs-html/_static/custom.css,publication_evidence,31,57d4f5ca686551ad4167ccd380e0306b5e5d9aea3825cd98441fadc67211c255,test_evidence
publication,REPRO:publication/outputs/final_gate_20260719_v2/work/source_snapshot/validation/publication/prepublication_final_gate_20260718_v3/docs-html/_static/doctools.js,publication_evidence,4322,2992c09df91826a8d33e3b48b645ee77e457adcf7c712d776a814e1e2c448b43,test_evidence
publication,REPRO:publication/outputs/final_gate_20260719_v2/work/source_snapshot/validation/publication/prepublication_final_gate_20260718_v3/docs-html/_static/documentation_options.js,publication_evidence,328,e279e88203d33ddcbfcc5584d549126b1c94e86304a2bff7d73252fd94a99596,test_evidence
publication,REPRO:publication/outputs/final_gate_20260719_v2/work/source_snapshot/validation/publication/prepublication_final_gate_20260718_v3/docs-html/_static/file.png,publication_evidence,286,5c4bc9a16aebf38c4b950f59b8e501ca36495328cb9eb622218bce9064a35e3e,test_evidence
publication,REPRO:publication/outputs/final_gate_20260719_v2/work/source_snapshot/validation/publication/prepublication_final_gate_20260718_v3/docs-html/_static/fonts/Lato/lato-bold.eot,publication_evidence,256056,b91fc1ca55df440dc11354b32a39b45db663d24bb17b16dcb2e706330955b0d1,test_evidence
publication,REPRO:publication/outputs/final_gate_20260719_v2/work/source_snapshot/validation/publication/prepublication_final_gate_20260718_v3/docs-html/_static/fonts/Lato/lato-bold.ttf,publication_evidence,600856,f71f833c099f450606f8107b83ef208ae918c0ea00779466d45e9be96b0bc7cc,test_evidence
publication,REPRO:publication/outputs/final_gate_20260719_v2/work/source_snapshot/validation/publication/prepublication_final_gate_20260718_v3/docs-html/_static/fonts/Lato/lato-bold.woff,publication_evidence,309728,0e56b17d142eb366c8007031d14e34da48c70b4a9d9a0ca492e696a7bae45e1e,test_evidence
publication,REPRO:publication/outputs/final_gate_20260719_v2/work/source_snapshot/validation/publication/prepublication_final_gate_20260718_v3/docs-html/_static/fonts/Lato/lato-bold.woff2,publication_evidence,184912,ae88fc0d7a961832f809527d30bd3983a6866d42f66a56ade23f543681594db6,test_evidence
publication,REPRO:publication/outputs/final_gate_20260719_v2/work/source_snapshot/validation/publication/prepublication_final_gate_20260718_v3/docs-html/_static/fonts/Lato/lato-bolditalic.eot,publication_evidence,266158,b3d585879a02f48c5d43d8f91d06b167e367a31934bb3b8147c0a90b5ca32bfc,test_evidence
publication,REPRO:publication/outputs/final_gate_20260719_v2/work/source_snapshot/validation/publication/prepublication_final_gate_20260718_v3/docs-html/_static/fonts/Lato/lato-bolditalic.ttf,publication_evidence,622572,f98d040631714eabffd0ffb747576674fa78c2910f6d9e3dc0c58481d03c1898,test_evidence
publication,REPRO:publication/outputs/final_gate_20260719_v2/work/source_snapshot/validation/publication/prepublication_final_gate_20260718_v3/docs-html/_static/fonts/Lato/lato-bolditalic.woff,publication_evidence,323344,980c8592e5488df256192c999e92db8fd302db8cd8909b7fa266a684e37e45f8,test_evidence
publication,REPRO:publication/outputs/final_gate_20260719_v2/work/source_snapshot/validation/publication/prepublication_final_gate_20260718_v3/docs-html/_static/fonts/Lato/lato-bolditalic.woff2,publication_evidence,193308,c0916a33340d063f7b05679e08031e729d1888444706f04804705da5966d895d,test_evidence
publication,REPRO:publication/outputs/final_gate_20260719_v2/work/source_snapshot/validation/publication/prepublication_final_gate_20260718_v3/docs-html/_static/fonts/Lato/lato-italic.eot,publication_evidence,268604,bc24dbe04f5b2415678f978e7e2f630cc6610670d684e088e73ad29c439eafe3,test_evidence
publication,REPRO:publication/outputs/final_gate_20260719_v2/work/source_snapshot/validation/publication/prepublication_final_gate_20260718_v3/docs-html/_static/fonts/Lato/lato-italic.ttf,publication_evidence,639388,12d825af88eafea1ce3aa469f83c03acaecd0d03f690f409c8643529f1205b4f,test_evidence
publication,REPRO:publication/outputs/final_gate_20260719_v2/work/source_snapshot/validation/publication/prepublication_final_gate_20260718_v3/docs-html/_static/fonts/Lato/lato-italic.woff,publication_evidence,328412,26318a1467a5e5caf10b04cfa942d079632560cd7a29cec565fd1dc9f7ec5081,test_evidence
publication,REPRO:publication/outputs/final_gate_20260719_v2/work/source_snapshot/validation/publication/prepublication_final_gate_20260718_v3/docs-html/_static/fonts/Lato/lato-italic.woff2,publication_evidence,195704,4465765f2f6eddcdad34ffd7cab559e56bc0e75e45e192f85e9562b0771481dc,test_evidence
publication,REPRO:publication/outputs/final_gate_20260719_v2/work/source_snapshot/validation/publication/prepublication_final_gate_20260718_v3/docs-html/_static/fonts/Lato/lato-regular.eot,publication_evidence,253461,e735410675eacc363b257112f39eb819a854b03077d7b1f0caa6e7660ffbd8b3,test_evidence
publication,REPRO:publication/outputs/final_gate_20260719_v2/work/source_snapshot/validation/publication/prepublication_final_gate_20260718_v3/docs-html/_static/fonts/Lato/lato-regular.ttf,publication_evidence,607720,089ab6d4a57e0e6c4dd3b681b6fd50a5184f1b902429d35e1227e52d6ccad1bd,test_evidence
publication,REPRO:publication/outputs/final_gate_20260719_v2/work/source_snapshot/validation/publication/prepublication_final_gate_20260718_v3/docs-html/_static/fonts/Lato/lato-regular.woff,publication_evidence,309192,5b9025dda4d7688e3311b0c17eddc501133b807def33effaef6593843cf5416e,test_evidence
publication,REPRO:publication/outputs/final_gate_20260719_v2/work/source_snapshot/validation/publication/prepublication_final_gate_20260718_v3/docs-html/_static/fonts/Lato/lato-regular.woff2,publication_evidence,182708,983b0caf336e8542214fc17019a4fc5e0360864b92806ca14d55c1fc1c2c5a0f,test_evidence
publication,REPRO:publication/outputs/final_gate_20260719_v2/work/source_snapshot/validation/publication/prepublication_final_gate_20260718_v3/docs-html/_static/fonts/RobotoSlab/roboto-slab-v7-bold.eot,publication_evidence,79520,4438991a12ff951cc8d0e83348ec06d9f910591b1b014c476e9595d4da099e48,test_evidence
publication,REPRO:publication/outputs/final_gate_20260719_v2/work/source_snapshot/validation/publication/prepublication_final_gate_20260718_v3/docs-html/_static/fonts/RobotoSlab/roboto-slab-v7-bold.ttf,publication_evidence,170616,ba12d2eab1fa765b6b05398fa7e047dd76293f0c051ce57a8f7b0c591c14d42b,test_evidence
publication,REPRO:publication/outputs/final_gate_20260719_v2/work/source_snapshot/validation/publication/prepublication_final_gate_20260718_v3/docs-html/_static/fonts/RobotoSlab/roboto-slab-v7-bold.woff,publication_evidence,87624,9fec87cadbe2413b255f1ec577573a83f1ca2e1c37aa023dbebcd3a7b864636a,test_evidence
publication,REPRO:publication/outputs/final_gate_20260719_v2/work/source_snapshot/validation/publication/prepublication_final_gate_20260718_v3/docs-html/_static/fonts/RobotoSlab/roboto-slab-v7-bold.woff2,publication_evidence,67312,1a0c024dd1a267c52d5575469ffe8570d1e84164de7d393cf3414bafd17d7a0c,test_evidence
publication,REPRO:publication/outputs/final_gate_20260719_v2/work/source_snapshot/validation/publication/prepublication_final_gate_20260718_v3/docs-html/_static/fonts/RobotoSlab/roboto-slab-v7-regular.eot,publication_evidence,78331,b3809b71d417c6c225e77a55880aa7915b4e4b4f77a5e2d243f3563731e7f55c,test_evidence
publication,REPRO:publication/outputs/final_gate_20260719_v2/work/source_snapshot/validation/publication/prepublication_final_gate_20260718_v3/docs-html/_static/fonts/RobotoSlab/roboto-slab-v7-regular.ttf,publication_evidence,169064,13aa5f54c6f2fa2e388fe0e675cdbcc6a81f6270a8bf9c03a5df8af9cb022810,test_evidence
publication,REPRO:publication/outputs/final_gate_20260719_v2/work/source_snapshot/validation/publication/prepublication_final_gate_20260718_v3/docs-html/_static/fonts/RobotoSlab/roboto-slab-v7-regular.woff,publication_evidence,86288,9f32630e2c0c5135bf1e86e36cb65b3932e4410644235bc2bd995e9c7f6ff117,test_evidence
publication,REPRO:publication/outputs/final_gate_20260719_v2/work/source_snapshot/validation/publication/prepublication_final_gate_20260718_v3/docs-html/_static/fonts/RobotoSlab/roboto-slab-v7-regular.woff2,publication_evidence,66444,874e42222856d7af03b3f438d21d923a4280d47fe67c48510e2174a1579795ef,test_evidence
publication,REPRO:publication/outputs/final_gate_20260719_v2/work/source_snapshot/validation/publication/prepublication_final_gate_20260718_v3/docs-html/_static/jquery.js,publication_evidence,89501,ff1523fb7389539c84c65aba19260648793bb4f5e29329d2ee8804bc37a3fe6e,test_evidence
publication,REPRO:publication/outputs/final_gate_20260719_v2/work/source_snapshot/validation/publication/prepublication_final_gate_20260718_v3/docs-html/_static/js/badge_only.js,publication_evidence,934,f0a4808d04c4d55378751ac096a8376b64b1a704c82584b0ee590212cf413013,test_evidence
publication,REPRO:publication/outputs/final_gate_20260719_v2/work/source_snapshot/validation/publication/prepublication_final_gate_20260718_v3/docs-html/_static/js/theme.js,publication_evidence,5023,536ad2d746e944c5570cc15badaeccc3c0582a1b66e45511fe4edce32b6da510,test_evidence
publication,REPRO:publication/outputs/final_gate_20260719_v2/work/source_snapshot/validation/publication/prepublication_final_gate_20260718_v3/docs-html/_static/js/versions.js,publication_evidence,6978,0998cc5239113cb6009ab1730e24ede85673759810ee8fb1e2f912305282a4aa,test_evidence
publication,REPRO:publication/outputs/final_gate_20260719_v2/work/source_snapshot/validation/publication/prepublication_final_gate_20260718_v3/docs-html/_static/language_data.js,publication_evidence,4598,3bc311563b7fc5e80fcab2f8629774bf3cb6b30202000df36dff8e695a9023b7,test_evidence
publication,REPRO:publication/outputs/final_gate_20260719_v2/work/source_snapshot/validation/publication/prepublication_final_gate_20260718_v3/docs-html/_static/minus.png,publication_evidence,90,47e7fc50db3699f1ca41ce9a2ffa202c00c5d1d5180c55f62ba859b1bd6cc008,test_evidence
publication,REPRO:publication/outputs/final_gate_20260719_v2/work/source_snapshot/validation/publication/prepublication_final_gate_20260718_v3/docs-html/_static/plus.png,publication_evidence,90,54115199b96a130cba02147c47c0deb43dcc9b9f08b5162bba8642b34980ac63,test_evidence
publication,REPRO:publication/outputs/final_gate_20260719_v2/work/source_snapshot/validation/publication/prepublication_final_gate_20260718_v3/docs-html/_static/pygments.css,publication_evidence,4848,1391123c90891f96f975870647f0b2c364fbfda7cd9e9b02bbd84f2077608034,test_evidence
publication,REPRO:publication/outputs/final_gate_20260719_v2/work/source_snapshot/validation/publication/prepublication_final_gate_20260718_v3/docs-html/_static/searchtools.js,publication_evidence,21782,371b49c7f094b525244e2a59d7809a6b946fc1c8791201d10dda1dd191133bb7,test_evidence
publication,REPRO:publication/outputs/final_gate_20260719_v2/work/source_snapshot/validation/publication/prepublication_final_gate_20260718_v3/docs-html/_static/sphinx_highlight.js,publication_evidence,5123,096231e9c87df80ec3273da9c5b71bc81503206726a07a4dd4de44c256ff859c,test_evidence
publication,REPRO:publication/outputs/final_gate_20260719_v2/work/source_snapshot/validation/publication/prepublication_final_gate_20260718_v3/docs-html/api.html,publication_evidence,98358,dfcad3ac4b426cff781c266f2e2951b3874cc7f14711d27adce5af9b83f39945,test_evidence
publication,REPRO:publication/outputs/final_gate_20260719_v2/work/source_snapshot/validation/publication/prepublication_final_gate_20260718_v3/docs-html/genindex.html,publication_evidence,14512,0852b127d4bae125827d9f86279460d7c47161b0b3bf12bd05db1c0f57e8e255,test_evidence
publication,REPRO:publication/outputs/final_gate_20260719_v2/work/source_snapshot/validation/publication/prepublication_final_gate_20260718_v3/docs-html/index.html,publication_evidence,13769,f5b128de6c45c7d0510743ad68b25e7f2971b34af01761d7a44cd4240be3cd6e,test_evidence
publication,REPRO:publication/outputs/final_gate_20260719_v2/work/source_snapshot/validation/publication/prepublication_final_gate_20260718_v3/docs-html/installation.html,publication_evidence,13522,04f8106a46427fa5378a80f96e572e5feb944db9bcfd3e6998ea82784a055bda,test_evidence
publication,REPRO:publication/outputs/final_gate_20260719_v2/work/source_snapshot/validation/publication/prepublication_final_gate_20260718_v3/docs-html/objects.inv,publication_evidence,657,7508bfe5e75a8dc255da8fe184030ad98521ddaa45faa13b95a3adbb5edde7b5,test_evidence
publication,REPRO:publication/outputs/final_gate_20260719_v2/work/source_snapshot/validation/publication/prepublication_final_gate_20260718_v3/docs-html/search.html,publication_evidence,10199,0cd1b6ed780e477a20c89eaf0d154a52e60c40ce3da6e0cad5a331d6af52197f,test_evidence
publication,REPRO:publication/outputs/final_gate_20260719_v2/work/source_snapshot/validation/publication/prepublication_final_gate_20260718_v3/docs-html/searchindex.js,publication_evidence,14270,420850ed377f8a4a7aceebb17cff44451ae369cdee97fc50850ac2785b5a38cc,test_evidence
publication,REPRO:publication/outputs/final_gate_20260719_v2/work/source_snapshot/validation/publication/prepublication_final_gate_20260718_v3/docs-html/tutorials.html,publication_evidence,20884,3f69146e8ae9d6498553a2fd6e1ab892691520341428de1ef90f355be3851955,test_evidence
publication,REPRO:publication/outputs/final_gate_20260719_v2/work/source_snapshot/validation/publication/prepublication_final_gate_20260718_v3/method_contract_hashes.csv,publication_evidence,2609,0763c106ea107ddcb6257ae398f9281ff6d0318e21cb0f9f584c6f63dd846766,test_evidence
publication,REPRO:publication/outputs/final_gate_20260719_v2/work/source_snapshot/validation/publication/prepublication_final_gate_20260718_v3/package_source_hashes.csv,publication_evidence,8915,9c60ab82ca32bc9fa1cefbeea1c239ffedd0cb35c8e48fb45f0ecac855ab1874,test_evidence
publication,REPRO:publication/outputs/final_gate_20260719_v2/work/source_snapshot/validation/publication/prepublication_final_gate_20260718_v3/provenance.json,publication_evidence,4832,11bd1226e781c1d7c3d432e052770f9272e9e5597d62064d911fb6e04098ab7e,test_evidence
publication,REPRO:publication/outputs/final_gate_20260719_v2/work/source_snapshot/validation/publication/prepublication_final_gate_20260718_v3/record_gate.py,publication_evidence,22109,ff068b65fbc1caf4db49a7cddd79d13ae98cf3b14792de830ec9c24b1090085f,test_evidence
publication,REPRO:publication/outputs/final_gate_20260719_v2/work/source_snapshot/validation/publication/rng_article_impact_20260717/merfish007/provenance.json,publication_evidence,1686,cb65da15ce63344ee29360c63599c5129de31798174c9ec318c5ba9f246282ec,test_evidence
publication,REPRO:publication/outputs/final_gate_20260719_v2/work/source_snapshot/validation/publication/rng_article_impact_20260717/merfish007/rng_sensitivity.csv,publication_evidence,715,d4400342e943ea85ba14cd4a634f0a21ed29efe32192569d364dcca6dbe46d30,test_evidence
publication,REPRO:publication/outputs/final_gate_20260719_v2/work/source_snapshot/validation/publication/rng_article_impact_20260717/merfish007/run_00_ambient_1.h5ad,publication_evidence,3921246,15f9f03ab3275af045c3b9f7762b68c0ef6dd10375b9298940e5b23170caa7fa,test_evidence
publication,REPRO:publication/outputs/final_gate_20260719_v2/work/source_snapshot/validation/publication/rng_article_impact_20260717/merfish007/run_00_ambient_1.log,publication_evidence,3046,b50aa13e6fa6fc8b137b2efbe2e189dfaf28aeb87e63a887b94945dbad8b453b,test_evidence
publication,REPRO:publication/outputs/final_gate_20260719_v2/work/source_snapshot/validation/publication/rng_article_impact_20260717/merfish007/run_01_ambient_99991.h5ad,publication_evidence,3920774,3b61b913e3a65853900fd90574053344f0ea3e5715730073f454b9658f97b452,test_evidence
publication,REPRO:publication/outputs/final_gate_20260719_v2/work/source_snapshot/validation/publication/rng_article_impact_20260717/merfish007/run_01_ambient_99991.log,publication_evidence,3050,8c2e8b42686f1b49e9e71c4da48b8cdb2d40d8d701c12d9aaa91acf1e77b633c,test_evidence
publication,REPRO:publication/outputs/final_gate_20260719_v2/work/source_snapshot/validation/publication/rng_article_impact_20260717/merfish007/run_02_ambient_1.h5ad,publication_evidence,3920878,302270b93378e3205e7dcba6a8136013908524ebbdb580a14c6e883a9a01c5a5,test_evidence
publication,REPRO:publication/outputs/final_gate_20260719_v2/work/source_snapshot/validation/publication/rng_article_impact_20260717/merfish007/run_02_ambient_1.log,publication_evidence,3046,a72db776c8ad8b501773de1aa9dcdfe89876607a6d21f52990e13b998e2497fe,test_evidence
publication,REPRO:publication/outputs/final_gate_20260719_v2/work/source_snapshot/validation/publication/rng_article_impact_20260717/merfish007_rerun/provenance.json,publication_evidence,1704,4d8c0e92fde7d5ec40ee22050899ccf1ad9fa95c6e60d2820598f9687ecc33da,test_evidence
publication,REPRO:publication/outputs/final_gate_20260719_v2/work/source_snapshot/validation/publication/rng_article_impact_20260717/merfish007_rerun/rng_sensitivity.csv,publication_evidence,733,564edf94c23a72914e3bfcb30dff49d11f9e2c0616c0ae6a23d7394fbd568a38,test_evidence
publication,REPRO:publication/outputs/final_gate_20260719_v2/work/source_snapshot/validation/publication/rng_article_impact_20260717/merfish007_rerun/run_00_ambient_1.h5ad,publication_evidence,3921563,8ba7931fd24d888e4cffe00fb672864631c3c93efaf157ece1a2bde21a017d5a,test_evidence
publication,REPRO:publication/outputs/final_gate_20260719_v2/work/source_snapshot/validation/publication/rng_article_impact_20260717/merfish007_rerun/run_00_ambient_1.log,publication_evidence,2669,e6f7c7ec0219234e3e00242fc554903ffe75c990febb7ac45fbae8126319a006,test_evidence
publication,REPRO:publication/outputs/final_gate_20260719_v2/work/source_snapshot/validation/publication/rng_article_impact_20260717/merfish007_rerun/run_01_ambient_99991.h5ad,publication_evidence,3920929,1a024d7a183bb8bfeb4b5a7d5914cf9b520521e70f77663473a731e0f603e973,test_evidence
publication,REPRO:publication/outputs/final_gate_20260719_v2/work/source_snapshot/validation/publication/rng_article_impact_20260717/merfish007_rerun/run_01_ambient_99991.log,publication_evidence,2673,dfd4c69b31e913fd4d075d05bd9c292d932045285764de83edffa86c12211b6c,test_evidence
publication,REPRO:publication/outputs/final_gate_20260719_v2/work/source_snapshot/validation/publication/rng_article_impact_20260717/merfish007_rerun/run_02_ambient_1.h5ad,publication_evidence,3921794,c4cda49b3546f1c53a846de992cfc8ca75cd2dbda65cb30f1ba9996228dc4ddf,test_evidence
publication,REPRO:publication/outputs/final_gate_20260719_v2/work/source_snapshot/validation/publication/rng_article_impact_20260717/merfish007_rerun/run_02_ambient_1.log,publication_evidence,2669,32a9146a4a6b5c75d18cc4ae4268cbc6e673041c9d31475df195694317afd5e2,test_evidence
publication,REPRO:publication/outputs/final_gate_20260719_v2/work/source_snapshot/validation/publication/run_rng_article_impact.py,publication_evidence,2436,15780de6ae717720c2c88ce151de5567aa51ad898a293ada9505132d1c4c3061,test_evidence
publication,REPRO:publication/outputs/final_gate_20260719_v2/work/source_snapshot/validation/publication/scientific_disposition.json,publication_evidence,8739,a4984c414b3ceb7b8a893c1be0ef57af09a7c1aec9018e4057f7cbea7811c07c,test_evidence
publication,REPRO:publication/outputs/final_gate_20260719_v2/work/sphinx_doctrees/api.doctree,publication_evidence,332221,f8027bcda8a09e619a22c47e6c0b6e28b7a50f7c6a2a69c7eca7e88bcf17c0dd,test_evidence
publication,REPRO:publication/outputs/final_gate_20260719_v2/work/sphinx_doctrees/environment.pickle,publication_evidence,293043,32ebc65f1632fe6476aebecd87bf383181d53311db63587bcdd8555cbcf5682e,test_evidence
publication,REPRO:publication/outputs/final_gate_20260719_v2/work/sphinx_doctrees/index.doctree,publication_evidence,8243,b7f5977db25b78f0a92159f1deb1afd0b2dfe246b75b9e5c6febe713a14d907a,test_evidence
publication,REPRO:publication/outputs/final_gate_20260719_v2/work/sphinx_doctrees/installation.doctree,publication_evidence,7358,4878fd39a62ac780a08850a41e34c69851817cb0ecb23cfd9d24c1e768ac2d84,test_evidence
publication,REPRO:publication/outputs/final_gate_20260719_v2/work/sphinx_doctrees/tutorials.doctree,publication_evidence,14960,7d97ee994625d989308e586faa39e6321efb424b89708314393784e1c47b7543,test_evidence
publication,REPRO:validation/rng_article_gate_20260718_v2.json,publication_evidence,5006,482182d689d745098899de0f1e92ee7c2938e3abc2a14179a5ee638b0c6a610f,rng_gate
